time_bin,congestion_state,congestion_binary,congestion_label,hf_A_retx_iperf,hf_A_retx_host,hf_A_lost_host,hf_A_loss,hf_B_rtt_iperf,hf_B_rtt_ping,hf_B_rttvar,hf_B_latency,hf_C_bw_iperf,hf_C_delivery_ss,hf_C_throughput
0,0,0,normal,0,0,0,0,0,0,0,0,0,0,0
1,0,0,normal,0,0,0,0,0,0,0,0,0,0,0
2,0,0,normal,0,0,0,0,0,0,0,0,0,0,0
3,0,0,normal,0,0,0,0,0,0,0,0,0,0,0
4,2,1,congested,1,0,0,1,0,0,1,0,1,0,1
5,2,1,congested,1,0,0,1,0,0,1,0,0,0,1
6,2,1,congested,1,0,0,1,0,0,1,0,0,0,1
7,2,1,congested,1,0,0,1,1,0,1,1,1,0,1
8,2,1,congested,1,0,0,1,0,0,1,0,0,0,1
9,2,1,congested,1,0,0,1,0,0,1,0,1,0,1
10,2,1,congested,1,0,0,1,1,0,1,1,0,0,1
11,2,1,congested,1,0,0,1,1,0,1,1,1,0,1
12,2,1,congested,1,0,0,1,1,0,1,1,0,0,1
13,2,1,congested,1,0,0,1,1,0,1,1,1,0,1
14,2,1,congested,1,0,0,1,1,0,1,1,0,0,1
15,2,1,congested,1,0,0,1,0,0,1,0,0,0,1
16,2,1,congested,1,0,0,1,0,0,1,0,1,0,1
17,2,1,congested,1,0,0,1,0,0,1,0,1,0,1
18,2,1,congested,1,0,0,1,1,0,1,1,1,0,1
19,2,1,congested,1,0,0,1,1,0,1,1,1,0,1
20,2,1,congested,1,0,0,1,1,0,1,1,0,0,1
21,2,1,congested,1,0,0,1,1,0,1,1,1,0,1
22,2,1,congested,1,0,0,1,1,0,1,1,1,0,1
23,2,1,congested,1,0,0,1,0,0,1,0,1,0,1
24,2,1,congested,1,0,0,1,1,0,1,1,1,0,1
25,2,1,congested,1,0,0,1,1,0,1,1,0,0,1
26,2,1,congested,1,0,0,1,0,0,0,0,1,0,1
27,2,1,congested,1,0,0,1,1,0,1,1,1,0,1
28,2,1,congested,1,0,0,1,0,0,1,0,1,0,1
29,2,1,congested,1,0,0,1,1,0,1,1,1,0,1
30,2,1,congested,1,0,0,1,1,0,1,1,0,0,1
31,2,1,congested,1,0,0,1,1,0,1,1,1,0,1
32,2,1,congested,1,0,0,1,0,0,1,0,1,0,1
33,2,1,congested,1,0,0,1,1,0,1,1,0,0,1
34,2,1,congested,1,0,0,1,1,0,1,1,1,0,1
35,2,1,congested,1,0,0,1,0,0,1,0,0,0,1
36,2,1,congested,1,0,0,1,1,0,1,1,1,0,1
37,2,1,congested,1,0,0,1,1,0,1,1,1,0,1
38,2,1,congested,1,0,0,1,1,0,1,1,1,0,1
39,2,1,congested,1,0,0,1,1,0,1,1,1,0,1
40,2,1,congested,1,0,0,1,1,0,1,1,1,0,1
41,2,1,congested,1,0,0,1,1,0,1,1,1,0,1
42,2,1,congested,1,0,0,1,1,0,1,1,1,0,1
43,2,1,congested,1,0,0,1,1,0,1,1,1,0,1
44,2,1,congested,1,0,0,1,1,0,1,1,1,0,1
45,2,1,congested,1,0,0,1,1,0,1,1,1,0,1
46,2,1,congested,1,0,0,1,0,0,1,0,1,0,1
47,2,1,congested,1,0,0,1,0,0,1,0,1,0,1
48,2,1,congested,1,0,0,1,0,0,1,0,1,0,1
49,2,1,congested,1,0,0,1,0,0,1,0,1,0,1
50,2,1,congested,1,0,0,1,1,0,1,1,1,0,1
51,2,1,congested,1,0,0,1,1,0,1,1,1,0,1
52,2,1,congested,1,0,0,1,1,0,1,1,1,0,1
53,2,1,congested,1,0,0,1,1,0,1,1,1,0,1
54,2,1,congested,1,0,0,1,0,0,1,0,1,0,1
55,2,1,congested,1,0,0,1,0,0,1,0,1,0,1
56,2,1,congested,1,0,0,1,1,0,1,1,1,0,1
57,2,1,congested,1,0,0,1,0,0,1,0,0,0,1
58,2,1,congested,1,0,0,1,0,0,1,0,1,0,1
59,2,1,congested,1,0,0,1,1,0,1,1,1,0,1
60,2,1,congested,1,0,0,1,1,0,1,1,1,0,1
61,2,1,congested,1,0,0,1,1,0,1,1,1,0,1
62,2,1,congested,1,0,0,1,1,0,1,1,1,0,1
63,2,1,congested,1,0,0,1,1,0,1,1,1,0,1
64,2,1,congested,1,0,0,1,0,0,1,0,1,0,1
65,2,1,congested,1,0,0,1,0,0,1,0,1,0,1
66,2,1,congested,1,0,0,1,1,0,1,1,1,0,1
67,2,1,congested,1,0,0,1,1,0,1,1,1,0,1
68,2,1,congested,1,0,0,1,0,0,1,0,1,0,1
69,2,1,congested,1,0,0,1,0,0,1,0,1,0,1
70,2,1,congested,1,0,0,1,1,0,1,1,1,0,1
71,2,1,congested,1,0,0,1,0,0,1,0,1,0,1
72,2,1,congested,1,0,0,1,1,0,1,1,1,0,1
73,2,1,congested,1,0,0,1,0,0,1,0,1,0,1
74,2,1,congested,1,0,0,1,0,0,1,0,1,0,1
75,2,1,congested,1,0,0,1,0,0,1,0,1,0,1
76,2,1,congested,1,0,0,1,0,0,1,0,1,0,1
77,2,1,congested,1,0,0,1,1,0,1,1,1,0,1
78,2,1,congested,1,0,0,1,1,0,1,1,1,0,1
79,2,1,congested,1,0,0,1,0,0,1,0,1,0,1
80,2,1,congested,1,0,0,1,0,0,1,0,1,0,1
81,2,1,congested,1,0,0,1,1,0,1,1,1,0,1
82,2,1,congested,1,0,0,1,1,0,1,1,1,0,1
83,2,1,congested,1,0,0,1,1,0,1,1,1,0,1
84,2,1,congested,1,0,0,1,1,0,1,1,0,0,1
85,2,1,congested,1,0,0,1,1,0,1,1,1,0,1
86,2,1,congested,1,0,0,1,1,0,1,1,1,0,1
87,2,1,congested,1,0,0,1,1,0,1,1,1,0,1
88,2,1,congested,1,0,0,1,0,0,1,0,1,0,1
89,2,1,congested,1,0,0,1,1,0,1,1,1,0,1
90,2,1,congested,1,0,0,1,0,0,1,0,1,0,1
91,2,1,congested,1,0,0,1,0,0,1,0,1,0,1
92,2,1,congested,1,0,0,1,0,0,1,0,1,0,1
93,2,1,congested,1,0,0,1,1,0,1,1,1,0,1
94,2,1,congested,1,0,0,1,1,0,1,1,1,0,1
95,2,1,congested,1,0,0,1,1,0,1,1,0,0,1
96,2,1,congested,1,0,0,1,1,0,1,1,1,0,1
97,2,1,congested,1,0,0,1,1,0,1,1,1,0,1
98,2,1,congested,1,0,0,1,1,0,1,1,1,0,1
99,2,1,congested,1,0,0,1,1,0,1,1,1,0,1
100,2,1,congested,1,0,0,1,1,0,1,1,1,0,1
101,2,1,congested,1,0,0,1,1,0,1,1,0,0,1
102,2,1,congested,1,0,0,1,1,0,1,1,1,0,1
103,2,1,congested,1,0,0,1,1,0,1,1,1,0,1
104,2,1,congested,1,0,0,1,1,0,1,1,1,0,1
105,2,1,congested,1,0,0,1,0,0,1,0,1,0,1
106,2,1,congested,1,0,0,1,1,0,1,1,1,0,1
107,2,1,congested,1,0,0,1,0,0,1,0,1,0,1
108,2,1,congested,1,0,0,1,1,0,1,1,1,0,1
109,2,1,congested,1,0,0,1,1,0,1,1,0,0,1
110,2,1,congested,1,0,0,1,1,0,1,1,1,0,1
111,2,1,congested,1,0,0,1,1,0,1,1,1,0,1
112,2,1,congested,1,0,0,1,1,0,1,1,1,0,1
113,2,1,congested,1,0,0,1,1,0,1,1,1,0,1
114,2,1,congested,1,0,0,1,1,0,1,1,1,0,1
115,2,1,congested,1,0,0,1,1,0,1,1,1,0,1
116,2,1,congested,1,0,0,1,1,0,1,1,1,0,1
117,2,1,congested,1,0,0,1,1,0,1,1,1,0,1
118,2,1,congested,1,0,0,1,1,0,1,1,1,0,1
119,2,1,congested,1,0,0,1,1,0,1,1,1,0,1
120,2,1,congested,1,0,0,1,1,0,1,1,1,0,1
121,2,1,congested,1,0,0,1,1,0,1,1,1,0,1
122,2,1,congested,1,0,0,1,1,0,1,1,1,0,1
123,2,1,congested,1,0,0,1,1,0,1,1,1,0,1
124,2,1,congested,1,0,0,1,0,0,1,0,1,0,1
125,2,1,congested,1,0,0,1,0,0,1,0,1,0,1
126,2,1,congested,1,0,0,1,1,0,1,1,1,0,1
127,2,1,congested,1,0,0,1,1,0,1,1,1,0,1
128,2,1,congested,1,0,0,1,1,0,1,1,1,0,1
129,2,1,congested,1,0,0,1,1,0,1,1,0,0,1
130,2,1,congested,1,0,0,1,0,0,1,0,1,0,1
131,2,1,congested,1,0,0,1,0,0,1,0,1,0,1
132,2,1,congested,1,0,0,1,0,0,1,0,1,0,1
133,2,1,congested,1,0,0,1,1,0,1,1,1,0,1
134,2,1,congested,1,0,0,1,0,0,1,0,1,0,1
135,2,1,congested,1,0,0,1,0,0,1,0,1,0,1
136,2,1,congested,1,0,0,1,1,0,1,1,1,0,1
137,2,1,congested,1,0,0,1,1,0,1,1,1,0,1
138,2,1,congested,1,0,0,1,1,0,1,1,1,0,1
139,2,1,congested,1,0,0,1,1,0,1,1,1,0,1
140,2,1,congested,1,0,0,1,1,0,1,1,1,0,1
141,2,1,congested,1,0,0,1,1,0,1,1,1,0,1
142,2,1,congested,1,0,0,1,1,0,1,1,1,0,1
143,2,1,congested,1,0,0,1,1,0,1,1,1,0,1
144,2,1,congested,1,0,0,1,1,0,1,1,1,0,1
145,2,1,congested,1,0,0,1,1,0,1,1,1,0,1
146,2,1,congested,1,0,0,1,1,0,1,1,1,0,1
147,2,1,congested,1,0,0,1,1,0,1,1,1,0,1
148,2,1,congested,1,0,0,1,1,0,1,1,1,0,1
149,2,1,congested,1,0,0,1,1,0,1,1,0,0,1
150,2,1,congested,1,0,0,1,1,0,1,1,1,0,1
151,2,1,congested,1,0,0,1,1,0,1,1,1,0,1
152,2,1,congested,1,0,0,1,1,0,1,1,1,0,1
153,2,1,congested,1,0,0,1,1,0,1,1,1,0,1
154,2,1,congested,1,0,0,1,1,0,1,1,1,0,1
155,2,1,congested,1,0,0,1,1,0,1,1,1,0,1
156,2,1,congested,1,0,0,1,0,0,1,0,1,0,1
157,2,1,congested,1,0,0,1,1,0,1,1,1,0,1
158,2,1,congested,1,0,0,1,1,0,1,1,1,0,1
159,2,1,congested,1,0,0,1,1,0,1,1,1,0,1
160,2,1,congested,1,0,0,1,1,0,1,1,1,0,1
161,2,1,congested,1,0,0,1,1,0,1,1,1,0,1
162,2,1,congested,1,0,0,1,1,0,1,1,1,0,1
163,2,1,congested,1,0,0,1,0,0,1,0,1,0,1
164,2,1,congested,1,0,0,1,1,0,1,1,1,0,1
165,2,1,congested,1,0,0,1,1,0,1,1,1,0,1
166,2,1,congested,1,0,0,1,1,0,1,1,1,0,1
167,2,1,congested,1,0,0,1,1,0,1,1,1,0,1
168,2,1,congested,1,0,0,1,0,0,1,0,1,0,1
169,2,1,congested,1,0,0,1,0,0,1,0,1,0,1
170,2,1,congested,1,0,0,1,1,0,1,1,1,0,1
171,2,1,congested,1,0,0,1,0,0,1,0,1,0,1
172,2,1,congested,1,0,0,1,1,0,1,1,1,0,1
173,2,1,congested,1,0,0,1,0,0,1,0,1,0,1
174,2,1,congested,1,0,0,1,1,0,1,1,1,0,1
175,2,1,congested,1,0,0,1,1,0,1,1,1,0,1
176,2,1,congested,1,0,0,1,0,0,1,0,1,0,1
177,2,1,congested,1,0,0,1,1,0,1,1,1,0,1
178,2,1,congested,1,0,0,1,1,0,1,1,1,0,1
179,2,1,congested,1,0,0,1,1,0,1,1,1,0,1
180,2,1,congested,1,0,0,1,1,0,1,1,1,0,1
181,2,1,congested,1,0,0,1,1,0,1,1,1,0,1
182,2,1,congested,1,0,0,1,1,0,1,1,1,0,1
183,2,1,congested,1,0,0,1,0,0,1,0,1,0,1
184,2,1,congested,1,0,0,1,0,0,1,0,1,0,1
185,2,1,congested,1,0,0,1,1,0,1,1,1,0,1
186,2,1,congested,1,0,0,1,1,0,1,1,1,0,1
187,2,1,congested,1,0,0,1,1,0,1,1,1,0,1
188,2,1,congested,1,0,0,1,1,0,1,1,1,0,1
189,2,1,congested,1,0,0,1,1,0,1,1,1,0,1
190,2,1,congested,1,0,0,1,1,0,1,1,1,0,1
191,2,1,congested,1,0,0,1,1,0,1,1,1,0,1
192,2,1,congested,1,0,0,1,1,0,1,1,1,0,1
193,2,1,congested,1,0,0,1,0,0,1,0,1,0,1
194,2,1,congested,1,0,0,1,0,0,1,0,1,0,1
195,2,1,congested,1,0,0,1,0,0,1,0,0,0,1
196,2,1,congested,1,0,0,1,1,0,1,1,1,0,1
197,2,1,congested,1,0,0,1,1,0,1,1,1,0,1
198,2,1,congested,1,0,0,1,1,0,1,1,0,0,1
199,2,1,congested,1,0,0,1,0,0,1,0,1,0,1
200,2,1,congested,1,0,0,1,0,0,0,0,1,0,1
201,2,1,congested,1,0,0,1,1,0,1,1,0,0,1
202,2,1,congested,1,0,0,1,0,0,1,0,1,0,1
203,2,1,congested,1,0,0,1,0,0,1,0,0,0,1
204,2,1,congested,1,0,0,1,0,0,1,0,0,0,1
205,2,1,congested,1,0,0,1,1,0,1,1,1,0,1
206,2,1,congested,1,0,0,1,1,0,1,1,0,0,1
207,2,1,congested,1,0,0,1,1,0,1,1,1,0,1
208,2,1,congested,1,0,0,1,0,0,0,0,0,0,0
209,2,1,congested,1,0,0,1,0,0,1,0,0,0,1
210,2,1,congested,1,0,0,1,1,0,1,1,1,0,1
211,2,1,congested,1,0,0,1,0,0,0,0,1,0,1
212,2,1,congested,1,0,0,1,1,0,1,1,0,0,1
213,2,1,congested,1,0,0,1,1,0,1,1,1,0,1
214,2,1,congested,1,0,0,1,1,0,1,1,0,0,1
215,2,1,congested,1,0,0,1,1,0,1,1,1,0,1
216,2,1,congested,1,0,0,1,0,0,1,0,0,0,1
217,0,0,normal,0,0,0,0,0,0,0,0,0,0,0
218,2,1,congested,1,0,0,1,0,0,0,0,1,0,1
219,0,0,normal,0,0,0,0,0,0,0,0,0,0,0
220,0,0,normal,0,0,0,0,0,0,0,0,0,0,0
221,0,0,normal,0,0,0,0,0,0,0,0,0,0,0
222,0,0,normal,0,0,0,0,0,0,0,0,0,0,0
223,0,0,normal,0,0,0,0,0,0,0,0,0,0,0
224,2,1,congested,1,0,0,1,0,0,0,0,1,0,1
225,0,0,normal,0,0,0,0,0,0,0,0,0,0,0
226,0,0,normal,0,0,0,0,0,0,0,0,0,0,0
227,0,0,normal,0,0,0,0,0,0,0,0,0,0,0
228,0,0,normal,0,0,0,0,0,0,0,0,0,0,0
229,0,0,normal,0,0,0,0,0,0,0,0,0,0,0
230,0,0,normal,0,0,0,0,0,0,0,0,0,0,0
231,0,0,normal,0,0,0,0,0,0,0,0,0,0,0
232,0,0,normal,0,0,0,0,0,0,0,0,0,0,0
236,0,0,normal,0,0,0,0,0,1,0,1,0,0,0
237,0,0,normal,0,0,0,0,0,0,0,0,0,0,0
238,0,0,normal,0,0,0,0,0,0,0,0,0,0,0
239,0,0,normal,0,0,0,0,0,0,0,0,0,0,0
240,0,0,normal,0,0,0,0,0,0,0,0,0,0,0
241,2,1,congested,1,0,0,1,0,0,1,0,1,0,1
242,0,0,normal,0,0,0,0,0,0,0,0,0,0,0
243,0,0,normal,0,0,0,0,0,0,0,0,0,0,0
244,0,0,normal,0,0,0,0,0,0,0,0,0,0,0
245,0,0,normal,0,0,0,0,0,0,0,0,0,0,0
246,0,0,normal,0,0,0,0,0,0,0,0,0,0,0
247,0,0,normal,0,0,0,0,0,0,0,0,0,0,0
248,2,1,congested,1,0,0,1,0,0,1,0,1,0,1
249,2,1,congested,1,0,0,1,0,0,1,0,1,0,1
250,0,0,normal,0,0,0,0,0,0,0,0,0,0,0
251,0,0,normal,0,0,0,0,0,0,0,0,0,0,0
252,2,1,congested,1,0,0,1,0,0,1,0,1,0,1
253,0,0,normal,0,0,0,0,0,0,0,0,0,0,0
254,0,0,normal,0,0,0,0,0,0,0,0,0,0,0
255,0,0,normal,0,0,0,0,0,0,0,0,0,0,0
256,2,1,congested,1,0,0,1,0,0,1,0,1,0,1
257,0,0,normal,0,0,0,0,0,0,0,0,0,0,0
258,0,0,normal,0,0,0,0,0,0,0,0,0,0,0
259,0,0,normal,0,0,0,0,0,0,0,0,0,0,0
260,0,0,normal,0,0,0,0,0,0,0,0,0,0,0
261,0,0,normal,0,0,0,0,0,0,0,0,0,0,0
262,2,1,congested,1,0,0,1,0,0,1,0,1,0,1
263,0,0,normal,0,0,0,0,0,0,0,0,0,0,0
264,0,0,normal,0,0,0,0,0,0,0,0,0,0,0
265,0,0,normal,0,0,0,0,0,0,0,0,0,0,0
266,0,0,normal,0,0,0,0,0,0,0,0,0,0,0
267,0,0,normal,0,0,0,0,0,0,0,0,0,0,0
268,0,0,normal,0,0,0,0,0,0,0,0,0,0,0
272,0,0,normal,0,0,0,0,0,0,0,0,0,0,0
273,2,1,congested,1,0,0,1,0,0,1,0,1,0,1
274,2,1,congested,1,0,0,1,0,0,0,0,1,0,1
275,0,0,normal,0,0,0,0,0,0,0,0,0,0,0
276,0,0,normal,0,0,0,0,0,0,0,0,0,0,0
277,2,1,congested,1,0,0,1,0,0,0,0,1,0,1
278,0,0,normal,0,0,0,0,0,0,0,0,0,0,0
279,2,1,congested,1,0,0,1,0,0,1,0,1,0,1
280,0,0,normal,0,0,0,0,0,0,0,0,0,0,0
281,0,0,normal,0,0,0,0,0,0,0,0,0,0,0
282,0,0,normal,0,0,0,0,0,0,0,0,0,0,0
283,0,0,normal,0,0,0,0,0,0,0,0,0,0,0
284,0,0,normal,0,0,0,0,0,0,0,0,0,0,0
285,2,1,congested,1,0,0,1,0,0,1,0,1,0,1
286,0,0,normal,0,0,0,0,0,0,0,0,0,0,0
287,0,0,normal,0,0,0,0,0,0,0,0,0,0,0
288,0,0,normal,0,0,0,0,0,0,0,0,0,0,0
289,0,0,normal,0,0,0,0,0,0,0,0,0,0,0
290,0,0,normal,0,0,0,0,0,0,0,0,0,0,0
291,0,0,normal,0,0,0,0,0,0,0,0,0,0,0
292,0,0,normal,0,0,0,0,0,0,0,0,0,0,0
293,0,0,normal,0,0,0,0,0,0,0,0,0,0,0
294,0,0,normal,0,0,0,0,0,0,0,0,0,0,0
295,0,0,normal,0,0,0,0,0,0,0,0,0,0,0
296,0,0,normal,0,0,0,0,0,0,0,0,0,0,0
297,0,0,normal,0,0,0,0,0,0,0,0,0,0,0
298,0,0,normal,0,0,0,0,0,0,0,0,0,0,0
299,0,0,normal,0,0,0,0,0,0,0,0,0,0,0
300,0,0,normal,0,0,0,0,0,0,0,0,0,0,0
301,0,0,normal,0,0,0,0,0,0,0,0,0,0,0
302,0,0,normal,0,0,0,0,0,0,0,0,0,0,0
303,0,0,normal,0,0,0,0,0,0,0,0,0,0,0
304,0,0,normal,0,0,0,0,0,0,0,0,0,0,0
309,0,0,normal,0,0,0,0,0,0,0,0,0,0,0
310,0,0,normal,0,0,0,0,0,0,0,0,0,0,0
311,0,0,normal,0,0,0,0,0,0,0,0,0,0,0
312,0,0,normal,0,0,0,0,0,0,0,0,0,0,0
313,0,0,normal,0,0,0,0,0,0,0,0,0,0,0
314,0,0,normal,0,0,0,0,0,0,0,0,0,0,0
315,0,0,normal,0,0,0,0,0,0,0,0,0,0,0
316,2,1,congested,1,0,0,1,0,0,1,0,1,0,1
317,2,1,congested,1,0,0,1,0,0,0,0,1,0,1
318,0,0,normal,0,0,0,0,0,0,0,0,0,0,0
319,2,1,congested,1,0,0,1,0,0,1,0,0,0,1
320,0,0,normal,0,0,0,0,0,0,0,0,0,0,0
321,0,0,normal,0,0,0,0,0,0,0,0,0,0,0
322,0,0,normal,0,0,0,0,0,0,0,0,0,0,0
323,0,0,normal,0,0,0,0,0,0,0,0,0,0,0
324,2,1,congested,1,0,0,1,0,0,1,0,1,0,1
325,0,0,normal,0,0,0,0,0,0,0,0,0,0,0
326,2,1,congested,1,0,0,1,0,0,1,0,1,0,1
327,0,0,normal,0,0,0,0,0,0,0,0,0,0,0
328,0,0,normal,0,0,0,0,0,0,0,0,0,0,0
329,0,0,normal,0,0,0,0,0,0,0,0,0,0,0
330,0,0,normal,0,0,0,0,0,0,0,0,0,0,0
331,2,1,congested,1,0,0,1,0,0,1,0,1,0,1
332,0,0,normal,0,0,0,0,0,0,0,0,0,0,0
333,0,0,normal,0,0,0,0,0,0,0,0,0,0,0
334,0,0,normal,0,0,0,0,0,0,0,0,0,0,0
335,0,0,normal,0,0,0,0,0,0,0,0,0,0,0
336,0,0,normal,0,0,0,0,0,0,0,0,0,0,0
337,0,0,normal,0,0,0,0,0,0,0,0,0,0,0
338,2,1,congested,1,0,0,1,0,0,1,0,1,0,1
339,0,0,normal,0,0,0,0,0,0,0,0,0,0,0
340,0,0,normal,0,0,0,0,0,0,0,0,0,0,0
341,2,1,congested,1,0,0,1,1,0,1,1,1,0,1
346,2,1,congested,1,0,0,1,0,0,1,0,1,0,1
347,0,0,normal,0,0,0,0,0,0,0,0,0,0,0
348,0,0,normal,0,0,0,0,0,0,0,0,0,0,0
349,0,0,normal,0,0,0,0,0,0,0,0,0,0,0
350,0,0,normal,0,0,0,0,0,0,0,0,0,0,0
351,0,0,normal,0,0,0,0,0,0,0,0,0,0,0
352,0,0,normal,0,0,0,0,0,0,0,0,0,0,0
353,0,0,normal,0,0,0,0,0,0,0,0,0,0,0
354,0,0,normal,0,0,0,0,0,0,0,0,0,0,0
355,2,1,congested,1,0,0,1,0,0,0,0,1,0,1
356,0,0,normal,0,0,0,0,0,0,0,0,0,0,0
357,0,0,normal,0,0,0,0,0,0,0,0,0,0,0
358,0,0,normal,0,0,0,0,0,0,0,0,0,0,0
359,0,0,normal,0,0,0,0,0,0,0,0,0,0,0
360,0,0,normal,0,0,0,0,0,0,0,0,0,0,0
361,0,0,normal,0,0,0,0,0,0,0,0,0,0,0
362,0,0,normal,0,0,0,0,0,0,0,0,0,0,0
363,0,0,normal,0,0,0,0,0,0,0,0,0,0,0
364,0,0,normal,0,0,0,0,0,0,0,0,0,0,0
365,0,0,normal,0,0,0,0,0,0,0,0,0,0,0
366,0,0,normal,0,0,0,0,0,0,0,0,0,0,0
367,2,1,congested,1,0,0,1,0,0,1,0,1,0,1
368,0,0,normal,0,0,0,0,0,0,0,0,0,0,0
369,0,0,normal,0,0,0,0,0,0,0,0,0,0,0
370,0,0,normal,0,0,0,0,0,0,0,0,0,0,0
371,0,0,normal,0,0,0,0,0,0,0,0,0,0,0
372,0,0,normal,0,0,0,0,0,0,0,0,0,0,0
373,0,0,normal,0,0,0,0,0,0,0,0,0,0,0
374,0,0,normal,0,0,0,0,0,0,0,0,0,0,0
375,0,0,normal,0,0,0,0,0,0,0,0,0,0,0
379,2,1,congested,1,0,0,1,0,0,1,0,1,0,1
380,0,0,normal,0,0,0,0,0,0,0,0,0,0,0
381,0,0,normal,0,0,0,0,0,0,0,0,0,0,0
382,0,0,normal,0,0,0,0,0,0,0,0,0,0,0
383,0,0,normal,0,0,0,0,0,0,0,0,0,0,0
384,0,0,normal,0,0,0,0,0,0,0,0,0,0,0
385,0,0,normal,0,0,0,0,0,0,0,0,0,0,0
386,0,0,normal,0,0,0,0,0,0,0,0,0,0,0
387,0,0,normal,0,0,0,0,0,0,0,0,0,0,0
388,0,0,normal,0,0,0,0,0,0,0,0,0,0,0
389,0,0,normal,0,0,0,0,0,0,0,0,0,0,0
390,0,0,normal,0,0,0,0,0,0,0,0,0,0,0
391,0,0,normal,0,0,0,0,0,0,0,0,0,0,0
392,0,0,normal,0,0,0,0,0,0,0,0,0,0,0
393,0,0,normal,0,0,0,0,0,0,0,0,0,0,0
394,0,0,normal,0,0,0,0,0,0,0,0,0,0,0
395,0,0,normal,0,0,0,0,0,0,0,0,0,0,0
396,0,0,normal,0,0,0,0,0,0,0,0,0,0,0
397,0,0,normal,0,0,0,0,0,0,0,0,0,0,0
398,0,0,normal,0,0,0,0,0,0,0,0,0,0,0
399,0,0,normal,0,0,0,0,0,0,0,0,0,0,0
400,2,1,congested,1,0,0,1,0,0,1,0,1,0,1
401,0,0,normal,0,0,0,0,0,0,0,0,0,0,0
402,0,0,normal,0,0,0,0,0,0,0,0,0,0,0
403,0,0,normal,0,0,0,0,0,0,0,0,0,0,0
404,0,0,normal,0,0,0,0,0,0,0,0,0,0,0
405,0,0,normal,0,0,0,0,0,0,0,0,0,0,0
406,0,0,normal,0,0,0,0,0,0,0,0,0,0,0
407,0,0,normal,0,0,0,0,0,0,0,0,0,0,0
408,0,0,normal,0,0,0,0,0,0,0,0,0,0,0
409,0,0,normal,0,0,0,0,0,0,0,0,0,0,0
410,0,0,normal,0,0,0,0,0,0,0,0,0,0,0
411,0,0,normal,0,0,0,0,0,0,0,0,0,0,0
412,2,1,congested,1,0,0,1,0,0,1,0,1,0,1
416,2,1,congested,1,0,0,1,0,0,0,0,1,0,1
417,0,0,normal,0,0,0,0,0,0,0,0,0,0,0
418,2,1,congested,1,0,0,1,0,0,1,0,1,0,1
419,0,0,normal,0,0,0,0,0,0,0,0,0,0,0
420,0,0,normal,0,0,0,0,0,0,0,0,0,0,0
421,0,0,normal,0,0,0,0,0,0,0,0,0,0,0
422,0,0,normal,0,0,0,0,0,0,0,0,0,0,0
423,0,0,normal,0,0,0,0,0,0,0,0,0,0,0
424,0,0,normal,0,0,0,0,0,0,0,0,0,0,0
425,0,0,normal,0,0,0,0,0,0,0,0,0,0,0
426,0,0,normal,0,0,0,0,0,0,0,0,0,0,0
427,0,0,normal,0,0,0,0,0,0,0,0,0,0,0
428,0,0,normal,0,0,0,0,0,0,0,0,0,0,0
429,0,0,normal,0,0,0,0,0,0,0,0,0,0,0
430,0,0,normal,0,0,0,0,0,0,0,0,0,0,0
431,0,0,normal,0,0,0,0,0,0,0,0,0,0,0
432,0,0,normal,0,0,0,0,0,0,0,0,0,0,0
433,0,0,normal,0,0,0,0,0,0,0,0,0,0,0
434,0,0,normal,0,0,0,0,0,0,0,0,0,0,0
435,0,0,normal,0,0,0,0,0,0,0,0,0,0,0
436,0,0,normal,0,0,0,0,0,0,0,0,0,0,0
437,0,0,normal,0,0,0,0,0,0,0,0,0,0,0
438,0,0,normal,0,0,0,0,0,0,0,0,0,0,0
439,0,0,normal,0,0,0,0,0,0,0,0,0,0,0
440,0,0,normal,0,0,0,0,0,0,0,0,0,0,0
441,0,0,normal,0,0,0,0,0,0,0,0,0,0,0
442,0,0,normal,0,0,0,0,0,0,0,0,0,0,0
443,0,0,normal,0,0,0,0,0,0,0,0,0,0,0
444,0,0,normal,0,0,0,0,0,0,0,0,0,0,0
445,0,0,normal,0,0,0,0,0,0,0,0,0,0,0
446,0,0,normal,0,0,0,0,0,0,0,0,0,0,0
447,0,0,normal,0,0,0,0,0,0,0,0,0,0,0
451,0,0,normal,0,0,0,0,0,1,0,1,0,0,0
452,0,0,normal,0,0,0,0,0,0,0,0,0,0,0
453,0,0,normal,0,0,0,0,0,0,0,0,0,0,0
454,0,0,normal,0,0,0,0,0,0,0,0,0,0,0
455,0,0,normal,0,0,0,0,0,0,0,0,0,0,0
456,0,0,normal,0,0,0,0,0,0,0,0,0,0,0
457,0,0,normal,0,0,0,0,0,0,0,0,0,0,0
458,0,0,normal,0,0,0,0,0,0,0,0,0,0,0
459,0,0,normal,0,0,0,0,0,0,0,0,0,0,0
460,0,0,normal,0,0,0,0,0,0,0,0,0,0,0
461,0,0,normal,0,0,0,0,0,0,0,0,0,0,0
462,0,0,normal,0,0,0,0,0,0,0,0,0,0,0
463,0,0,normal,0,0,0,0,0,0,0,0,0,0,0
464,0,0,normal,0,0,0,0,0,0,0,0,0,0,0
465,0,0,normal,0,0,0,0,0,0,0,0,0,0,0
466,0,0,normal,0,0,0,0,0,0,0,0,0,0,0
467,0,0,normal,0,0,0,0,0,0,0,0,0,0,0
468,0,0,normal,0,0,0,0,0,0,0,0,0,0,0
469,0,0,normal,0,0,0,0,0,0,0,0,0,0,0
470,0,0,normal,0,0,0,0,0,0,0,0,0,0,0
471,0,0,normal,0,0,0,0,0,0,0,0,0,0,0
472,0,0,normal,0,0,0,0,0,0,0,0,0,0,0
473,0,0,normal,0,0,0,0,0,0,0,0,0,0,0
474,0,0,normal,0,0,0,0,0,0,0,0,0,0,0
475,0,0,normal,0,0,0,0,0,0,0,0,0,0,0
476,0,0,normal,0,0,0,0,0,0,0,0,0,0,0
477,0,0,normal,0,0,0,0,0,0,0,0,0,0,0
478,0,0,normal,0,0,0,0,0,0,0,0,0,0,0
479,0,0,normal,0,0,0,0,0,0,0,0,0,0,0
480,0,0,normal,0,0,0,0,0,0,0,0,0,0,0
481,0,0,normal,0,0,0,0,0,0,0,0,0,0,0
482,0,0,normal,0,0,0,0,0,0,0,0,0,0,0
483,0,0,normal,0,0,0,0,0,0,0,0,0,0,0
487,0,0,normal,0,0,0,0,0,0,0,0,0,0,0
488,0,0,normal,0,0,0,0,0,0,0,0,0,0,0
489,0,0,normal,0,0,0,0,0,0,0,0,0,0,0
490,0,0,normal,0,0,0,0,0,0,0,0,0,0,0
491,0,0,normal,0,0,0,0,0,0,0,0,0,0,0
492,0,0,normal,0,0,0,0,0,0,0,0,0,0,0
493,0,0,normal,0,0,0,0,0,0,0,0,0,0,0
494,0,0,normal,0,0,0,0,0,0,0,0,0,0,0
495,0,0,normal,0,0,0,0,0,0,0,0,0,0,0
496,0,0,normal,0,0,0,0,0,0,0,0,0,0,0
497,0,0,normal,0,0,0,0,0,0,0,0,0,0,0
498,0,0,normal,0,0,0,0,0,0,0,0,0,0,0
499,0,0,normal,0,0,0,0,0,0,0,0,0,0,0
526,2,1,congested,1,0,0,1,0,0,0,0,1,0,1
527,2,1,congested,1,0,0,1,1,0,1,1,0,0,1
528,2,1,congested,1,0,0,1,0,0,0,0,1,0,1
529,2,1,congested,1,0,0,1,1,0,1,1,0,0,1
530,2,1,congested,1,0,0,1,0,0,1,0,0,0,1
531,2,1,congested,1,0,0,1,1,0,1,1,1,0,1
532,2,1,congested,1,0,0,1,0,0,1,0,1,0,1
533,2,1,congested,1,0,0,1,1,0,1,1,1,0,1
534,2,1,congested,1,0,0,1,1,0,1,1,0,0,1
535,2,1,congested,1,0,0,1,1,0,1,1,1,0,1
536,2,1,congested,1,0,0,1,1,0,1,1,1,0,1
537,2,1,congested,1,0,0,1,0,0,1,0,1,0,1
538,2,1,congested,1,0,0,1,1,0,1,1,1,0,1
539,2,1,congested,1,0,0,1,1,0,1,1,1,0,1
540,2,1,congested,1,0,0,1,1,0,1,1,1,0,1
541,2,1,congested,1,0,0,1,1,0,1,1,1,0,1
542,2,1,congested,1,0,0,1,1,0,1,1,1,0,1
543,2,1,congested,1,0,0,1,1,0,1,1,1,0,1
544,2,1,congested,1,0,0,1,1,0,1,1,1,0,1
545,2,1,congested,1,0,0,1,1,0,1,1,1,0,1
546,2,1,congested,1,0,0,1,1,0,1,1,1,0,1
547,2,1,congested,1,0,0,1,1,0,1,1,1,0,1
548,2,1,congested,1,0,0,1,0,0,1,0,1,0,1
549,2,1,congested,1,0,0,1,1,0,1,1,1,0,1
550,2,1,congested,1,0,0,1,1,0,1,1,1,0,1
551,2,1,congested,1,0,0,1,1,0,1,1,1,0,1
552,2,1,congested,1,0,0,1,1,0,1,1,1,0,1
553,2,1,congested,1,0,0,1,1,0,1,1,1,0,1
554,2,1,congested,1,0,0,1,1,0,1,1,1,0,1
555,2,1,congested,1,0,0,1,1,0,1,1,1,0,1
556,2,1,congested,1,0,0,1,1,0,1,1,1,0,1
557,2,1,congested,1,0,0,1,0,0,1,0,1,0,1
558,2,1,congested,1,0,0,1,0,0,1,0,1,0,1
559,2,1,congested,1,0,0,1,1,0,1,1,1,0,1
560,2,1,congested,1,0,0,1,0,0,1,0,1,0,1
561,2,1,congested,1,0,0,1,1,0,1,1,1,0,1
562,2,1,congested,1,0,0,1,1,0,1,1,1,0,1
563,2,1,congested,1,0,0,1,0,0,1,0,1,0,1
564,2,1,congested,1,0,0,1,1,0,1,1,1,0,1
565,2,1,congested,1,0,0,1,0,0,1,0,1,0,1
566,2,1,congested,1,0,0,1,0,0,1,0,1,0,1
567,2,1,congested,1,0,0,1,1,0,1,1,1,0,1
568,2,1,congested,1,0,0,1,1,0,1,1,1,0,1
569,2,1,congested,1,0,0,1,1,0,1,1,1,0,1
570,2,1,congested,1,0,0,1,1,0,1,1,1,0,1
571,2,1,congested,1,0,0,1,1,0,1,1,1,0,1
572,2,1,congested,1,0,0,1,1,0,1,1,1,0,1
573,2,1,congested,1,0,0,1,1,0,1,1,1,0,1
574,2,1,congested,1,0,0,1,1,0,1,1,1,0,1
575,2,1,congested,1,0,0,1,0,0,1,0,1,0,1
576,2,1,congested,1,0,0,1,0,0,1,0,0,0,1
577,2,1,congested,1,0,0,1,1,0,1,1,1,0,1
578,2,1,congested,1,0,0,1,1,0,1,1,1,0,1
579,2,1,congested,1,0,0,1,1,0,1,1,1,0,1
580,2,1,congested,1,0,0,1,1,0,1,1,1,0,1
581,2,1,congested,1,0,0,1,0,0,1,0,1,0,1
582,2,1,congested,1,0,0,1,1,0,1,1,1,0,1
583,2,1,congested,1,0,0,1,1,0,1,1,1,0,1
584,2,1,congested,1,0,0,1,1,0,1,1,1,0,1
585,2,1,congested,1,0,0,1,0,0,1,0,0,0,1
586,2,1,congested,1,0,0,1,1,0,1,1,1,0,1
587,2,1,congested,1,0,0,1,1,0,1,1,1,0,1
588,2,1,congested,1,0,0,1,0,0,1,0,1,0,1
589,2,1,congested,1,0,0,1,1,0,1,1,1,0,1
590,2,1,congested,1,0,0,1,1,0,1,1,1,0,1
591,2,1,congested,1,0,0,1,1,0,1,1,1,0,1
592,2,1,congested,1,0,0,1,1,0,1,1,1,0,1
593,2,1,congested,1,0,0,1,1,0,1,1,1,0,1
594,2,1,congested,1,0,0,1,1,0,1,1,1,0,1
595,2,1,congested,1,0,0,1,1,0,1,1,1,0,1
596,2,1,congested,1,0,0,1,1,0,1,1,1,0,1
597,2,1,congested,1,0,0,1,1,0,1,1,1,0,1
598,2,1,congested,1,0,0,1,1,0,1,1,1,0,1
599,2,1,congested,1,0,0,1,1,0,1,1,1,0,1
600,2,1,congested,1,0,0,1,1,0,1,1,0,0,1
601,2,1,congested,1,0,0,1,1,0,1,1,1,0,1
602,2,1,congested,1,0,0,1,1,0,1,1,1,0,1
603,2,1,congested,1,0,0,1,1,0,1,1,1,0,1
604,2,1,congested,1,0,0,1,0,0,1,0,1,0,1
605,2,1,congested,1,0,0,1,1,0,1,1,0,0,1
606,2,1,congested,1,0,0,1,1,0,1,1,1,0,1
607,2,1,congested,1,0,0,1,1,0,1,1,1,0,1
608,2,1,congested,1,0,0,1,1,0,1,1,1,0,1
609,2,1,congested,1,0,0,1,1,0,1,1,1,0,1
610,2,1,congested,1,0,0,1,0,0,1,0,1,0,1
611,2,1,congested,1,0,0,1,0,0,1,0,1,0,1
612,2,1,congested,1,0,0,1,0,0,1,0,1,0,1
613,2,1,congested,1,0,0,1,1,0,1,1,1,0,1
614,2,1,congested,1,0,0,1,0,0,1,0,1,0,1
615,2,1,congested,1,0,0,1,1,0,1,1,1,0,1
616,2,1,congested,1,0,0,1,0,0,1,0,0,0,1
617,2,1,congested,1,0,0,1,1,0,1,1,1,0,1
618,2,1,congested,1,0,0,1,1,0,1,1,1,0,1
619,2,1,congested,1,0,0,1,1,0,1,1,1,0,1
620,2,1,congested,1,0,0,1,1,0,1,1,1,0,1
621,2,1,congested,1,0,0,1,0,0,1,0,1,0,1
622,2,1,congested,1,0,0,1,1,0,1,1,1,0,1
623,2,1,congested,1,0,0,1,0,0,1,0,1,0,1
624,2,1,congested,1,0,0,1,1,0,1,1,1,0,1
625,2,1,congested,1,0,0,1,1,0,1,1,1,0,1
626,2,1,congested,1,0,0,1,0,0,1,0,1,0,1
627,2,1,congested,1,0,0,1,1,0,1,1,1,0,1
628,2,1,congested,1,0,0,1,1,0,1,1,1,0,1
629,2,1,congested,1,0,0,1,1,0,1,1,1,0,1
630,2,1,congested,1,0,0,1,1,0,1,1,1,0,1
631,2,1,congested,1,0,0,1,1,0,1,1,1,0,1
632,2,1,congested,1,0,0,1,1,0,1,1,0,0,1
633,2,1,congested,1,0,0,1,0,0,1,0,1,0,1
634,2,1,congested,1,0,0,1,1,0,1,1,1,0,1
635,2,1,congested,1,0,0,1,1,0,1,1,1,0,1
636,2,1,congested,1,0,0,1,1,0,1,1,1,0,1
637,2,1,congested,1,0,0,1,1,0,1,1,1,0,1
638,2,1,congested,1,0,0,1,1,0,1,1,1,0,1
639,2,1,congested,1,0,0,1,1,0,1,1,1,0,1
640,2,1,congested,1,0,0,1,1,0,1,1,1,0,1
641,2,1,congested,1,0,0,1,1,0,1,1,1,0,1
642,2,1,congested,1,0,0,1,1,0,1,1,1,0,1
643,2,1,congested,1,0,0,1,1,0,1,1,1,0,1
644,2,1,congested,1,0,0,1,1,0,1,1,1,0,1
645,2,1,congested,1,0,0,1,1,0,1,1,1,0,1
646,2,1,congested,1,0,0,1,1,0,1,1,1,0,1
647,2,1,congested,1,0,0,1,1,0,1,1,1,0,1
648,2,1,congested,1,0,0,1,1,0,1,1,1,0,1
649,2,1,congested,1,0,0,1,1,0,1,1,1,0,1
650,2,1,congested,1,0,0,1,1,0,1,1,0,0,1
651,2,1,congested,1,0,0,1,1,0,1,1,1,0,1
652,2,1,congested,1,0,0,1,1,0,1,1,1,0,1
653,2,1,congested,1,0,0,1,1,0,1,1,1,0,1
654,2,1,congested,1,0,0,1,1,0,1,1,1,0,1
655,2,1,congested,1,0,0,1,1,0,1,1,0,0,1
656,2,1,congested,1,0,0,1,0,0,1,0,1,0,1
657,2,1,congested,1,0,0,1,1,0,1,1,1,0,1
658,2,1,congested,1,0,0,1,1,0,1,1,1,0,1
659,2,1,congested,1,0,0,1,1,0,1,1,1,0,1
660,2,1,congested,1,0,0,1,1,0,1,1,1,0,1
661,2,1,congested,1,0,0,1,1,0,1,1,0,0,1
662,2,1,congested,1,0,0,1,1,0,1,1,1,0,1
663,2,1,congested,1,0,0,1,1,0,1,1,1,0,1
664,2,1,congested,1,0,0,1,1,0,1,1,1,0,1
665,2,1,congested,1,0,0,1,1,0,1,1,1,0,1
666,2,1,congested,1,0,0,1,1,0,1,1,1,0,1
667,2,1,congested,1,0,0,1,1,0,1,1,1,0,1
668,2,1,congested,1,0,0,1,1,0,1,1,1,0,1
669,2,1,congested,1,0,0,1,1,0,1,1,1,0,1
670,2,1,congested,1,0,0,1,1,0,1,1,1,0,1
671,2,1,congested,1,0,0,1,0,0,1,0,1,0,1
672,2,1,congested,1,0,0,1,1,0,1,1,1,0,1
673,2,1,congested,1,0,0,1,0,0,1,0,1,0,1
674,2,1,congested,1,0,0,1,1,0,1,1,1,0,1
675,2,1,congested,1,0,0,1,1,0,1,1,1,0,1
676,2,1,congested,1,0,0,1,0,0,1,0,1,0,1
677,2,1,congested,1,0,0,1,1,0,1,1,1,0,1
678,2,1,congested,1,0,0,1,1,0,1,1,1,0,1
679,2,1,congested,1,0,0,1,1,0,1,1,1,0,1
680,2,1,congested,1,0,0,1,1,0,1,1,1,0,1
681,2,1,congested,1,0,0,1,1,0,1,1,1,0,1
682,2,1,congested,1,0,0,1,1,0,1,1,1,0,1
683,2,1,congested,1,0,0,1,1,0,1,1,1,0,1
684,2,1,congested,1,0,0,1,1,0,1,1,1,0,1
685,2,1,congested,1,0,0,1,1,0,1,1,1,0,1
686,2,1,congested,1,0,0,1,1,0,1,1,1,0,1
687,2,1,congested,1,0,0,1,1,0,1,1,1,0,1
688,2,1,congested,1,0,0,1,1,0,1,1,1,0,1
689,2,1,congested,1,0,0,1,1,0,1,1,1,0,1
690,2,1,congested,1,0,0,1,1,0,1,1,1,0,1
691,2,1,congested,1,0,0,1,1,0,1,1,1,0,1
692,2,1,congested,1,0,0,1,1,0,1,1,1,0,1
693,2,1,congested,1,0,0,1,1,0,1,1,1,0,1
694,2,1,congested,1,0,0,1,1,0,1,1,0,0,1
695,2,1,congested,1,0,0,1,0,0,1,0,1,0,1
696,2,1,congested,1,0,0,1,0,0,1,0,1,0,1
697,2,1,congested,1,0,0,1,1,0,1,1,1,0,1
698,2,1,congested,1,0,0,1,1,0,1,1,1,0,1
699,2,1,congested,1,0,0,1,1,0,1,1,1,0,1
700,2,1,congested,1,0,0,1,1,0,1,1,1,0,1
701,2,1,congested,1,0,0,1,0,0,1,0,0,0,1
702,2,1,congested,1,0,0,1,1,0,1,1,1,0,1
703,2,1,congested,1,0,0,1,1,0,1,1,1,0,1
704,2,1,congested,1,0,0,1,1,0,1,1,1,0,1
705,2,1,congested,1,0,0,1,0,0,1,0,1,0,1
706,2,1,congested,1,0,0,1,1,0,1,1,1,0,1
707,2,1,congested,1,0,0,1,1,0,1,1,1,0,1
708,2,1,congested,1,0,0,1,1,0,1,1,1,0,1
709,2,1,congested,1,0,0,1,1,0,1,1,1,0,1
710,2,1,congested,1,0,0,1,1,0,1,1,0,0,1
711,2,1,congested,1,0,0,1,1,0,1,1,0,0,1
712,2,1,congested,1,0,0,1,1,0,1,1,1,0,1
713,2,1,congested,1,0,0,1,1,0,1,1,1,0,1
714,2,1,congested,1,0,0,1,1,0,1,1,1,0,1
715,2,1,congested,1,0,0,1,1,0,1,1,1,0,1
716,2,1,congested,1,0,0,1,1,0,1,1,1,0,1
717,2,1,congested,1,0,0,1,1,0,1,1,1,0,1
718,2,1,congested,1,0,0,1,1,0,1,1,1,0,1
719,2,1,congested,1,0,0,1,1,0,1,1,1,0,1
720,2,1,congested,1,0,0,1,1,0,1,1,0,0,1
721,2,1,congested,1,0,0,1,1,0,1,1,1,0,1
722,2,1,congested,1,0,0,1,0,0,1,0,1,0,1
723,0,0,normal,0,0,0,0,0,0,1,0,0,0,1
724,2,1,congested,1,0,0,1,0,0,1,0,1,0,1
727,2,1,congested,1,0,0,1,0,0,1,0,1,0,1
739,2,1,congested,1,0,0,1,0,0,1,0,1,0,1
751,2,1,congested,1,0,0,1,0,0,1,0,1,0,1
780,2,1,congested,1,0,0,1,0,0,1,0,1,0,1
785,2,1,congested,1,0,0,1,0,0,1,0,1,0,1
786,2,1,congested,1,0,0,1,0,0,0,0,1,0,1
802,2,1,congested,1,0,0,1,0,0,0,0,1,0,1
843,2,1,congested,1,0,0,1,0,0,1,0,1,0,1
847,2,1,congested,1,0,0,1,0,0,1,0,1,0,1
880,2,1,congested,1,0,0,1,0,0,1,0,1,0,1
891,2,1,congested,1,0,0,1,0,0,1,0,1,0,1
894,2,1,congested,1,0,0,1,0,0,1,0,1,0,1
905,2,1,congested,1,0,0,1,0,0,1,0,1,0,1
908,2,1,congested,1,0,0,1,0,0,1,0,1,0,1
1004,0,0,normal,0,0,0,0,0,0,0,0,0,0,0
1005,0,0,normal,0,0,0,0,0,0,0,0,0,0,0
1006,0,0,normal,0,0,0,0,0,0,0,0,0,0,0
1007,2,1,congested,1,0,0,1,0,0,1,0,1,0,1
1008,2,1,congested,1,0,0,1,0,0,1,0,0,0,1
1009,2,1,congested,1,0,0,1,0,0,1,0,0,0,1
1010,2,1,congested,1,0,0,1,1,0,1,1,1,0,1
1011,2,1,congested,1,0,0,1,1,0,1,1,0,0,1
1012,2,1,congested,1,0,0,1,1,0,1,1,1,0,1
1013,2,1,congested,1,0,0,1,1,0,1,1,0,0,1
1014,2,1,congested,1,0,0,1,1,0,1,1,1,0,1
1015,2,1,congested,1,0,0,1,0,0,1,0,0,0,1
1016,2,1,congested,1,0,0,1,0,0,1,0,0,0,1
1017,1,1,onset,0,0,0,0,1,0,1,1,1,0,1
1018,2,1,congested,1,0,0,1,1,0,1,1,0,0,1
1019,2,1,congested,1,0,0,1,0,0,0,0,1,0,1
1020,2,1,congested,1,0,0,1,1,0,1,1,1,0,1
1021,2,1,congested,1,0,0,1,0,0,1,0,1,0,1
1022,2,1,congested,1,0,0,1,1,0,1,1,1,0,1
1023,2,1,congested,1,0,0,1,0,0,1,0,1,0,1
1024,2,1,congested,1,0,0,1,1,0,1,1,1,0,1
1025,2,1,congested,1,0,0,1,1,0,1,1,0,0,1
1026,2,1,congested,1,0,0,1,1,0,1,1,1,0,1
1027,2,1,congested,1,0,0,1,1,0,1,1,1,0,1
1028,2,1,congested,1,0,0,1,1,0,1,1,1,0,1
1029,2,1,congested,1,0,0,1,1,0,1,1,1,0,1
1030,2,1,congested,1,0,0,1,0,0,1,0,1,0,1
1031,2,1,congested,1,0,0,1,1,0,1,1,0,0,1
1032,2,1,congested,1,0,0,1,0,0,1,0,1,0,1
1033,2,1,congested,1,0,0,1,1,0,1,1,1,0,1
1034,2,1,congested,1,0,0,1,0,0,1,0,1,0,1
1035,2,1,congested,1,0,0,1,0,0,1,0,1,0,1
1036,2,1,congested,1,0,0,1,1,0,1,1,1,0,1
1037,2,1,congested,1,0,0,1,1,0,1,1,0,0,1
1038,2,1,congested,1,0,0,1,1,0,1,1,1,0,1
1039,2,1,congested,1,0,0,1,1,0,1,1,1,0,1
1040,2,1,congested,1,0,0,1,1,0,1,1,1,0,1
1041,2,1,congested,1,0,0,1,1,0,1,1,1,0,1
1042,2,1,congested,1,0,0,1,1,0,1,1,1,0,1
1043,2,1,congested,1,0,0,1,0,0,1,0,0,0,1
1044,2,1,congested,1,0,0,1,1,0,1,1,1,0,1
1045,2,1,congested,1,0,0,1,0,0,1,0,1,0,1
1046,2,1,congested,1,0,0,1,1,0,1,1,1,0,1
1047,2,1,congested,1,0,0,1,1,0,1,1,1,0,1
1048,2,1,congested,1,0,0,1,1,0,1,1,1,0,1
1049,2,1,congested,1,0,0,1,0,0,1,0,1,0,1
1050,2,1,congested,1,0,0,1,1,0,1,1,1,0,1
1051,2,1,congested,1,0,0,1,0,0,1,0,1,0,1
1052,2,1,congested,1,0,0,1,1,0,1,1,1,0,1
1053,2,1,congested,1,0,0,1,1,0,1,1,1,0,1
1054,2,1,congested,1,0,0,1,1,0,1,1,1,0,1
1055,2,1,congested,1,0,0,1,0,0,1,0,1,0,1
1056,2,1,congested,1,0,0,1,1,0,1,1,0,0,1
1057,2,1,congested,1,0,0,1,0,0,1,0,1,0,1
1058,2,1,congested,1,0,0,1,1,0,1,1,1,0,1
1059,2,1,congested,1,0,0,1,1,1,1,1,1,0,1
1060,2,1,congested,1,0,0,1,1,0,1,1,1,0,1
1061,2,1,congested,1,0,0,1,1,0,1,1,1,0,1
1062,2,1,congested,1,0,0,1,1,0,1,1,0,0,1
1063,2,1,congested,1,0,0,1,1,0,1,1,1,0,1
1064,2,1,congested,1,0,0,1,1,0,1,1,1,0,1
1065,2,1,congested,1,0,0,1,0,0,1,0,1,0,1
1066,2,1,congested,1,0,0,1,0,0,1,0,1,0,1
1067,2,1,congested,1,0,0,1,1,0,1,1,0,0,1
1068,2,1,congested,1,0,0,1,1,0,1,1,1,0,1
1069,2,1,congested,1,0,0,1,0,0,1,0,1,0,1
1070,2,1,congested,1,0,0,1,1,0,1,1,1,0,1
1071,2,1,congested,1,0,0,1,1,0,1,1,1,0,1
1072,2,1,congested,1,0,0,1,1,0,1,1,1,0,1
1073,2,1,congested,1,0,0,1,1,0,1,1,1,0,1
1074,2,1,congested,1,0,0,1,0,0,1,0,1,0,1
1075,2,1,congested,1,0,0,1,1,0,1,1,1,0,1
1076,2,1,congested,1,0,0,1,0,0,1,0,1,0,1
1077,2,1,congested,1,0,0,1,1,0,1,1,1,0,1
1078,2,1,congested,1,0,0,1,1,0,1,1,1,0,1
1079,2,1,congested,1,0,0,1,1,0,1,1,1,0,1
1080,2,1,congested,1,0,0,1,0,0,1,0,1,0,1
1081,2,1,congested,1,0,0,1,0,0,1,0,1,0,1
1082,2,1,congested,1,0,0,1,0,0,1,0,1,0,1
1083,2,1,congested,1,0,0,1,1,0,1,1,1,0,1
1084,2,1,congested,1,0,0,1,1,0,1,1,1,0,1
1085,2,1,congested,1,0,0,1,1,0,1,1,1,0,1
1086,2,1,congested,1,0,0,1,0,0,1,0,1,0,1
1087,2,1,congested,1,0,0,1,0,0,1,0,1,0,1
1088,2,1,congested,1,0,0,1,1,0,1,1,1,0,1
1089,2,1,congested,1,0,0,1,1,0,1,1,0,0,1
1090,2,1,congested,1,0,0,1,1,0,1,1,1,0,1
1091,2,1,congested,1,0,0,1,1,0,1,1,1,0,1
1092,2,1,congested,1,0,0,1,1,0,1,1,1,0,1
1093,2,1,congested,1,0,0,1,1,0,1,1,1,0,1
1094,2,1,congested,1,0,0,1,1,0,1,1,1,0,1
1095,2,1,congested,1,0,0,1,1,0,1,1,1,0,1
1096,2,1,congested,1,0,0,1,1,0,1,1,1,0,1
1097,2,1,congested,1,0,0,1,1,0,1,1,1,0,1
1098,2,1,congested,1,0,0,1,0,0,1,0,1,0,1
1099,2,1,congested,1,0,0,1,0,0,1,0,0,0,1
1100,2,1,congested,1,0,0,1,1,0,1,1,1,0,1
1101,2,1,congested,1,0,0,1,1,0,1,1,1,0,1
1102,2,1,congested,1,0,0,1,1,0,1,1,1,0,1
1103,2,1,congested,1,0,0,1,1,0,1,1,1,0,1
1104,2,1,congested,1,0,0,1,1,0,1,1,1,0,1
1105,2,1,congested,1,0,0,1,1,0,1,1,1,0,1
1106,2,1,congested,1,0,0,1,1,0,1,1,1,0,1
1107,2,1,congested,1,0,0,1,1,0,1,1,0,0,1
1108,2,1,congested,1,0,0,1,1,0,1,1,1,0,1
1109,2,1,congested,1,0,0,1,1,0,1,1,1,0,1
1110,2,1,congested,1,0,0,1,1,0,1,1,1,0,1
1111,2,1,congested,1,0,0,1,1,0,1,1,1,0,1
1112,2,1,congested,1,0,0,1,0,0,1,0,1,0,1
1113,2,1,congested,1,0,0,1,0,0,1,0,1,0,1
1114,2,1,congested,1,0,0,1,0,0,1,0,0,0,1
1115,2,1,congested,1,0,0,1,0,0,1,0,1,0,1
1116,2,1,congested,1,0,0,1,1,0,1,1,1,0,1
1117,2,1,congested,1,0,0,1,1,0,1,1,1,0,1
1118,2,1,congested,1,0,0,1,1,0,1,1,1,0,1
1119,2,1,congested,1,0,0,1,1,0,1,1,1,0,1
1120,2,1,congested,1,0,0,1,1,0,1,1,0,0,1
1121,2,1,congested,1,0,0,1,0,0,1,0,1,0,1
1122,2,1,congested,1,0,0,1,0,0,1,0,1,0,1
1123,2,1,congested,1,0,0,1,0,0,1,0,1,0,1
1124,2,1,congested,1,0,0,1,1,0,1,1,1,0,1
1125,2,1,congested,1,0,0,1,1,0,1,1,1,0,1
1126,2,1,congested,1,0,0,1,1,0,1,1,1,0,1
1127,2,1,congested,1,0,0,1,1,0,1,1,1,0,1
1128,2,1,congested,1,0,0,1,1,0,1,1,1,0,1
1129,2,1,congested,1,0,0,1,1,0,1,1,1,0,1
1130,2,1,congested,1,0,0,1,1,0,1,1,1,0,1
1131,2,1,congested,1,0,0,1,1,0,1,1,1,0,1
1132,2,1,congested,1,0,0,1,1,0,1,1,1,0,1
1133,2,1,congested,1,0,0,1,1,0,1,1,1,0,1
1134,2,1,congested,1,0,0,1,1,0,1,1,1,0,1
1135,2,1,congested,1,0,0,1,1,0,1,1,1,0,1
1136,2,1,congested,1,0,0,1,1,0,1,1,0,0,1
1137,2,1,congested,1,0,0,1,1,0,1,1,1,0,1
1138,2,1,congested,1,0,0,1,1,0,1,1,1,0,1
1139,2,1,congested,1,0,0,1,1,0,1,1,1,0,1
1140,2,1,congested,1,0,0,1,0,0,1,0,1,0,1
1141,2,1,congested,1,0,0,1,0,0,1,0,1,0,1
1142,2,1,congested,1,0,0,1,1,0,1,1,1,0,1
1143,2,1,congested,1,0,0,1,1,0,1,1,1,0,1
1144,2,1,congested,1,0,0,1,1,0,1,1,0,0,1
1145,2,1,congested,1,0,0,1,1,0,1,1,1,0,1
1146,2,1,congested,1,0,0,1,1,0,1,1,1,0,1
1147,2,1,congested,1,0,0,1,1,0,1,1,1,0,1
1148,2,1,congested,1,0,0,1,1,0,1,1,1,0,1
1149,2,1,congested,1,0,0,1,0,0,1,0,1,0,1
1150,2,1,congested,1,0,0,1,0,0,1,0,1,0,1
1151,2,1,congested,1,0,0,1,0,0,1,0,1,0,1
1152,2,1,congested,1,0,0,1,0,0,1,0,1,0,1
1153,2,1,congested,1,0,0,1,1,0,1,1,1,0,1
1154,2,1,congested,1,0,0,1,1,0,1,1,1,0,1
1155,2,1,congested,1,0,0,1,1,0,1,1,0,0,1
1156,2,1,congested,1,0,0,1,1,0,1,1,1,0,1
1157,2,1,congested,1,0,0,1,1,0,1,1,1,0,1
1158,2,1,congested,1,0,0,1,1,0,1,1,1,0,1
1159,2,1,congested,1,0,0,1,1,0,1,1,0,0,1
1160,2,1,congested,1,0,0,1,1,0,1,1,1,0,1
1161,2,1,congested,1,0,0,1,1,0,1,1,1,0,1
1162,2,1,congested,1,0,0,1,1,0,1,1,1,0,1
1163,2,1,congested,1,0,0,1,1,0,1,1,1,0,1
1164,2,1,congested,1,0,0,1,1,0,1,1,1,0,1
1165,2,1,congested,1,0,0,1,1,0,1,1,1,0,1
1166,2,1,congested,1,0,0,1,0,0,1,0,1,0,1
1167,2,1,congested,1,0,0,1,1,0,1,1,1,0,1
1168,2,1,congested,1,0,0,1,0,0,1,0,1,0,1
1169,2,1,congested,1,0,0,1,0,0,1,0,1,0,1
1170,2,1,congested,1,0,0,1,1,0,1,1,1,0,1
1171,2,1,congested,1,0,0,1,0,0,1,0,1,0,1
1172,2,1,congested,1,0,0,1,1,0,1,1,1,0,1
1173,2,1,congested,1,0,0,1,1,0,1,1,1,0,1
1174,2,1,congested,1,0,0,1,1,0,1,1,1,0,1
1175,2,1,congested,1,0,0,1,1,0,1,1,1,0,1
1176,2,1,congested,1,0,0,1,1,0,1,1,1,0,1
1177,2,1,congested,1,0,0,1,1,0,1,1,1,0,1
1178,2,1,congested,1,0,0,1,1,0,1,1,1,0,1
1179,2,1,congested,1,0,0,1,1,0,1,1,1,0,1
1180,2,1,congested,1,0,0,1,0,0,1,0,1,0,1
1181,2,1,congested,1,0,0,1,1,0,1,1,1,0,1
1182,2,1,congested,1,0,0,1,0,0,1,0,0,0,1
1183,2,1,congested,1,0,0,1,1,0,1,1,1,0,1
1184,2,1,congested,1,0,0,1,0,0,0,0,0,0,0
1185,2,1,congested,1,0,0,1,0,0,1,0,1,0,1
1186,2,1,congested,1,0,0,1,0,0,1,0,1,0,1
1187,2,1,congested,1,0,0,1,1,0,1,1,0,0,1
1188,2,1,congested,1,0,0,1,1,0,1,1,0,0,1
1189,2,1,congested,1,0,0,1,0,0,1,0,1,0,1
1190,2,1,congested,1,0,0,1,0,0,1,0,1,0,1
1191,2,1,congested,1,0,0,1,1,0,1,1,0,0,1
1192,2,1,congested,1,0,0,1,0,0,1,0,0,0,1
1193,2,1,congested,1,0,0,1,0,0,1,0,0,0,1
1194,2,1,congested,1,0,0,1,0,0,1,0,1,0,1
1195,2,1,congested,1,0,0,1,1,0,1,1,0,0,1
1196,2,1,congested,1,0,0,1,0,0,1,0,0,0,1
1197,2,1,congested,1,0,0,1,1,0,1,1,0,0,1
1198,2,1,congested,1,0,0,1,1,0,1,1,1,0,1
1199,2,1,congested,1,0,0,1,0,0,1,0,1,0,1
1200,2,1,congested,1,0,0,1,1,0,1,1,0,0,1
1201,2,1,congested,1,0,0,1,0,0,1,0,1,0,1
1202,2,1,congested,1,0,0,1,0,0,0,0,0,0,0
1203,2,1,congested,1,0,0,1,1,0,1,1,1,0,1
1204,2,1,congested,1,0,0,1,0,0,1,0,0,0,1
1205,0,0,normal,0,0,0,0,0,0,1,0,0,0,1
1206,2,1,congested,1,0,0,1,0,0,0,0,0,0,0
1207,2,1,congested,1,0,0,1,0,0,1,0,1,0,1
1208,2,1,congested,1,0,0,1,0,0,1,0,0,0,1
1209,0,0,normal,0,0,0,0,0,0,0,0,0,0,0
1210,0,0,normal,0,0,0,0,0,0,0,0,0,0,0
1211,0,0,normal,0,0,0,0,0,0,0,0,0,0,0
1212,0,0,normal,0,0,0,0,0,0,0,0,0,0,0
1213,0,0,normal,0,0,0,0,0,0,0,0,0,0,0
1214,2,1,congested,1,0,0,1,0,0,0,0,1,0,1
1215,0,0,normal,0,0,0,0,0,0,0,0,0,0,0
1217,0,0,normal,0,0,0,0,0,0,0,0,0,0,0
1218,0,0,normal,0,0,0,0,0,0,0,0,0,0,0
1219,0,0,normal,0,0,0,0,0,0,0,0,0,0,0
1221,0,0,normal,0,0,0,0,0,0,0,0,0,0,0
1222,0,0,normal,0,0,0,0,0,0,0,0,0,0,0
1223,0,0,normal,0,0,0,0,0,0,0,0,0,0,0
1224,0,0,normal,0,0,0,0,0,0,0,0,0,0,0
1225,0,0,normal,0,0,0,0,0,0,0,0,0,0,0
1227,2,1,congested,1,0,0,1,0,0,1,0,1,0,1
1230,0,0,normal,0,0,0,0,0,0,0,0,0,0,0
1231,2,1,congested,1,0,0,1,0,0,1,0,1,0,1
1232,0,0,normal,0,0,0,0,0,0,0,0,0,0,0
1233,0,0,normal,0,0,0,0,0,0,0,0,0,0,0
1238,0,0,normal,0,0,0,0,0,1,0,1,0,0,0
1240,0,0,normal,0,0,0,0,0,0,0,0,0,0,0
1241,0,0,normal,0,0,0,0,0,0,0,0,0,0,0
1242,2,1,congested,1,0,0,1,0,0,1,0,1,0,1
1243,0,0,normal,0,0,0,0,0,0,0,0,0,0,0
1244,0,0,normal,0,0,0,0,0,0,0,0,0,0,0
1245,2,1,congested,1,0,0,1,0,0,1,0,1,0,1
1246,2,1,congested,1,0,0,1,0,0,1,0,1,0,1
1247,0,0,normal,0,0,0,0,0,0,0,0,0,0,0
1248,0,0,normal,0,0,0,0,0,0,0,0,0,0,0
1249,0,0,normal,0,0,0,0,0,0,0,0,0,0,0
1250,0,0,normal,0,0,0,0,0,0,0,0,0,0,0
1251,0,0,normal,0,0,0,0,0,0,0,0,0,0,0
1252,2,1,congested,1,0,0,1,0,0,1,0,1,0,1
1253,0,0,normal,0,0,0,0,0,0,0,0,0,0,0
1254,0,0,normal,0,0,0,0,0,0,0,0,0,0,0
1255,0,0,normal,0,0,0,0,0,0,0,0,0,0,0
1256,0,0,normal,0,0,0,0,0,0,0,0,0,0,0
1257,2,1,congested,1,0,0,1,0,0,1,0,1,0,1
1258,0,0,normal,0,0,0,0,0,0,0,0,0,0,0
1259,0,0,normal,0,0,0,0,0,0,0,0,0,0,0
1260,0,0,normal,0,0,0,0,0,0,0,0,0,0,0
1261,0,0,normal,0,0,0,0,0,0,0,0,0,0,0
1262,0,0,normal,0,0,0,0,0,0,0,0,0,0,0
1263,0,0,normal,0,0,0,0,0,0,0,0,0,0,0
1264,0,0,normal,0,0,0,0,0,0,0,0,0,0,0
1265,0,0,normal,0,0,0,0,0,0,0,0,0,0,0
1266,2,1,congested,1,0,0,1,0,0,1,0,1,0,1
1267,2,1,congested,1,0,0,1,0,0,1,0,1,0,1
1268,0,0,normal,0,0,0,0,0,0,0,0,0,0,0
1269,0,0,normal,0,0,0,0,0,0,0,0,0,0,0
1270,0,0,normal,0,0,0,0,0,0,0,0,0,0,0
1274,2,1,congested,1,0,0,1,0,0,1,0,1,0,1
1275,0,0,normal,0,0,0,0,0,0,0,0,0,0,0
1276,0,0,normal,0,0,0,0,0,0,0,0,0,0,0
1277,0,0,normal,0,0,0,0,0,0,0,0,0,0,0
1278,0,0,normal,0,0,0,0,0,0,0,0,0,0,0
1279,0,0,normal,0,0,0,0,0,0,0,0,0,0,0
1280,0,0,normal,0,0,0,0,0,0,0,0,0,0,0
1281,0,0,normal,0,0,0,0,0,0,0,0,0,0,0
1282,0,0,normal,0,0,0,0,0,0,0,0,0,0,0
1283,0,0,normal,0,0,0,0,0,0,0,0,0,0,0
1284,0,0,normal,0,0,0,0,0,0,0,0,0,0,0
1285,0,0,normal,0,0,0,0,0,0,0,0,0,0,0
1286,0,0,normal,0,0,0,0,0,0,0,0,0,0,0
1287,0,0,normal,0,0,0,0,0,0,0,0,0,0,0
1288,0,0,normal,0,0,0,0,0,0,0,0,0,0,0
1289,0,0,normal,0,0,0,0,0,0,0,0,0,0,0
1290,0,0,normal,0,0,0,0,0,0,0,0,0,0,0
1291,0,0,normal,0,0,0,0,0,0,0,0,0,0,0
1292,0,0,normal,0,0,0,0,0,0,0,0,0,0,0
1293,2,1,congested,1,0,0,1,0,0,1,0,1,0,1
1294,0,0,normal,0,0,0,0,0,0,0,0,0,0,0
1295,0,0,normal,0,0,0,0,0,0,0,0,0,0,0
1296,0,0,normal,0,0,0,0,0,0,0,0,0,0,0
1297,0,0,normal,0,0,0,0,0,0,0,0,0,0,0
1298,0,0,normal,0,0,0,0,0,0,0,0,0,0,0
1299,0,0,normal,0,0,0,0,0,0,0,0,0,0,0
1300,0,0,normal,0,0,0,0,0,0,0,0,0,0,0
1301,0,0,normal,0,0,0,0,0,0,0,0,0,0,0
1302,0,0,normal,0,0,0,0,0,0,0,0,0,0,0
1303,0,0,normal,0,0,0,0,0,0,0,0,0,0,0
1304,2,1,congested,1,0,0,1,0,0,1,0,1,0,1
1305,0,0,normal,0,0,0,0,0,0,0,0,0,0,0
1306,0,0,normal,0,0,0,0,0,0,0,0,0,0,0
1310,0,0,normal,0,0,0,0,0,0,0,0,0,0,0
1311,0,0,normal,0,0,0,0,0,0,0,0,0,0,0
1312,0,0,normal,0,0,0,0,0,0,0,0,0,0,0
1313,0,0,normal,0,0,0,0,0,0,0,0,0,0,0
1314,0,0,normal,0,0,0,0,0,0,0,0,0,0,0
1315,2,1,congested,1,0,0,1,0,0,1,0,1,0,1
1316,0,0,normal,0,0,0,0,0,0,0,0,0,0,0
1317,0,0,normal,0,0,0,0,0,0,0,0,0,0,0
1318,0,0,normal,0,0,0,0,0,0,0,0,0,0,0
1319,0,0,normal,0,0,0,0,0,0,0,0,0,0,0
1320,0,0,normal,0,0,0,0,0,0,0,0,0,0,0
1321,0,0,normal,0,0,0,0,0,0,0,0,0,0,0
1322,0,0,normal,0,0,0,0,0,0,0,0,0,0,0
1323,0,0,normal,0,0,0,0,0,0,0,0,0,0,0
1324,0,0,normal,0,0,0,0,0,0,0,0,0,0,0
1325,0,0,normal,0,0,0,0,0,0,0,0,0,0,0
1326,0,0,normal,0,0,0,0,0,0,0,0,0,0,0
1327,0,0,normal,0,0,0,0,0,0,0,0,0,0,0
1328,0,0,normal,0,0,0,0,0,0,0,0,0,0,0
1329,0,0,normal,0,0,0,0,0,0,0,0,0,0,0
1330,0,0,normal,0,0,0,0,0,0,0,0,0,0,0
1331,0,0,normal,0,0,0,0,0,0,0,0,0,0,0
1332,0,0,normal,0,0,0,0,0,0,0,0,0,0,0
1333,0,0,normal,0,0,0,0,0,0,0,0,0,0,0
1334,0,0,normal,0,0,0,0,0,0,0,0,0,0,0
1335,0,0,normal,0,0,0,0,0,0,0,0,0,0,0
1336,2,1,congested,1,0,0,1,0,0,1,0,1,0,1
1337,0,0,normal,0,0,0,0,0,0,0,0,0,0,0
1338,0,0,normal,0,0,0,0,0,0,0,0,0,0,0
1339,0,0,normal,0,0,0,0,0,0,0,0,0,0,0
1340,0,0,normal,0,0,0,0,0,0,0,0,0,0,0
1341,0,0,normal,0,0,0,0,0,0,0,0,0,0,0
1346,0,0,normal,0,0,0,0,0,1,0,1,0,0,0
1347,0,0,normal,0,0,0,0,0,0,0,0,0,0,0
1348,0,0,normal,0,0,0,0,0,0,0,0,0,0,0
1349,0,0,normal,0,0,0,0,0,0,0,0,0,0,0
1350,0,0,normal,0,0,0,0,0,0,0,0,0,0,0
1351,0,0,normal,0,0,0,0,0,0,0,0,0,0,0
1352,2,1,congested,1,0,0,1,0,0,1,0,1,0,1
1353,0,0,normal,0,0,0,0,0,0,0,0,0,0,0
1354,0,0,normal,0,0,0,0,0,0,0,0,0,0,0
1355,0,0,normal,0,0,0,0,0,0,0,0,0,0,0
1356,0,0,normal,0,0,0,0,0,0,0,0,0,0,0
1357,0,0,normal,0,0,0,0,0,0,0,0,0,0,0
1358,0,0,normal,0,0,0,0,0,0,0,0,0,0,0
1359,0,0,normal,0,0,0,0,0,0,0,0,0,0,0
1360,0,0,normal,0,0,0,0,0,0,0,0,0,0,0
1361,0,0,normal,0,0,0,0,0,0,0,0,0,0,0
1362,0,0,normal,0,0,0,0,0,0,0,0,0,0,0
1363,2,1,congested,1,0,0,1,0,0,1,0,1,0,1
1364,0,0,normal,0,0,0,0,0,0,0,0,0,0,0
1365,0,0,normal,0,0,0,0,0,0,0,0,0,0,0
1366,0,0,normal,0,0,0,0,0,0,0,0,0,0,0
1367,0,0,normal,0,0,0,0,0,0,0,0,0,0,0
1368,0,0,normal,0,0,0,0,0,0,0,0,0,0,0
1369,0,0,normal,0,0,0,0,0,0,0,0,0,0,0
1370,0,0,normal,0,0,0,0,0,0,0,0,0,0,0
1371,0,0,normal,0,0,0,0,0,0,0,0,0,0,0
1372,0,0,normal,0,0,0,0,0,0,0,0,0,0,0
1373,2,1,congested,1,0,0,1,0,0,1,0,1,0,1
1374,2,1,congested,1,0,0,1,1,0,1,1,1,0,1
1375,0,0,normal,0,0,0,0,0,0,0,0,0,0,0
1376,0,0,normal,0,0,0,0,0,0,0,0,0,0,0
1377,0,0,normal,0,0,0,0,0,0,0,0,0,0,0
1381,2,1,congested,1,0,0,1,0,0,1,0,1,0,1
1382,0,0,normal,0,0,0,0,0,0,0,0,0,0,0
1383,0,0,normal,0,0,0,0,0,0,0,0,0,0,0
1384,0,0,normal,0,0,0,0,0,0,0,0,0,0,0
1385,2,1,congested,1,0,0,1,0,0,1,0,1,0,1
1386,0,0,normal,0,0,0,0,0,0,0,0,0,0,0
1387,2,1,congested,1,0,0,1,0,0,0,0,1,0,1
1388,0,0,normal,0,0,0,0,0,0,0,0,0,0,0
1389,0,0,normal,0,0,0,0,0,0,0,0,0,0,0
1390,0,0,normal,0,0,0,0,0,0,0,0,0,0,0
1391,0,0,normal,0,0,0,0,0,0,0,0,0,0,0
1392,0,0,normal,0,0,0,0,0,0,0,0,0,0,0
1393,0,0,normal,0,0,0,0,0,0,0,0,0,0,0
1394,0,0,normal,0,0,0,0,0,0,0,0,0,0,0
1395,0,0,normal,0,0,0,0,0,0,0,0,0,0,0
1396,0,0,normal,0,0,0,0,0,0,0,0,0,0,0
1397,2,1,congested,1,0,0,1,0,0,1,0,1,0,1
1398,0,0,normal,0,0,0,0,0,0,0,0,0,0,0
1399,0,0,normal,0,0,0,0,0,0,0,0,0,0,0
1400,0,0,normal,0,0,0,0,0,0,0,0,0,0,0
1401,0,0,normal,0,0,0,0,0,0,0,0,0,0,0
1402,0,0,normal,0,0,0,0,0,0,0,0,0,0,0
1403,0,0,normal,0,0,0,0,0,0,0,0,0,0,0
1404,0,0,normal,0,0,0,0,0,0,0,0,0,0,0
1405,0,0,normal,0,0,0,0,0,0,0,0,0,0,0
1406,0,0,normal,0,0,0,0,0,0,0,0,0,0,0
1407,0,0,normal,0,0,0,0,0,0,0,0,0,0,0
1408,0,0,normal,0,0,0,0,0,0,0,0,0,0,0
1409,0,0,normal,0,0,0,0,0,0,0,0,0,0,0
1410,0,0,normal,0,0,0,0,0,0,0,0,0,0,0
1411,0,0,normal,0,0,0,0,0,0,0,0,0,0,0
1412,0,0,normal,0,0,0,0,0,0,0,0,0,0,0
1413,2,1,congested,1,0,0,1,0,0,1,0,1,0,1
1418,0,0,normal,0,0,0,0,0,0,0,0,0,0,0
1419,0,0,normal,0,0,0,0,0,0,0,0,0,0,0
1420,0,0,normal,0,0,0,0,0,0,0,0,0,0,0
1421,0,0,normal,0,0,0,0,0,0,0,0,0,0,0
1422,0,0,normal,0,0,0,0,0,0,0,0,0,0,0
1423,0,0,normal,0,0,0,0,0,0,0,0,0,0,0
1424,0,0,normal,0,0,0,0,0,0,0,0,0,0,0
1425,0,0,normal,0,0,0,0,0,0,0,0,0,0,0
1426,0,0,normal,0,0,0,0,0,0,0,0,0,0,0
1427,0,0,normal,0,0,0,0,0,0,0,0,0,0,0
1428,0,0,normal,0,0,0,0,0,0,0,0,0,0,0
1429,0,0,normal,0,0,0,0,0,0,0,0,0,0,0
1430,0,0,normal,0,0,0,0,0,0,0,0,0,0,0
1431,0,0,normal,0,0,0,0,0,0,0,0,0,0,0
1432,0,0,normal,0,0,0,0,0,0,0,0,0,0,0
1433,0,0,normal,0,0,0,0,0,0,0,0,0,0,0
1434,0,0,normal,0,0,0,0,0,0,0,0,0,0,0
1435,0,0,normal,0,0,0,0,0,0,0,0,0,0,0
1436,0,0,normal,0,0,0,0,0,0,0,0,0,0,0
1437,0,0,normal,0,0,0,0,0,0,0,0,0,0,0
1438,0,0,normal,0,0,0,0,0,0,0,0,0,0,0
1439,0,0,normal,0,0,0,0,0,0,0,0,0,0,0
1440,0,0,normal,0,0,0,0,0,0,0,0,0,0,0
1441,0,0,normal,0,0,0,0,0,0,0,0,0,0,0
1442,0,0,normal,0,0,0,0,0,0,0,0,0,0,0
1443,0,0,normal,0,0,0,0,0,0,0,0,0,0,0
1444,0,0,normal,0,0,0,0,0,0,0,0,0,0,0
1445,0,0,normal,0,0,0,0,0,0,0,0,0,0,0
1446,0,0,normal,0,0,0,0,0,0,0,0,0,0,0
1447,0,0,normal,0,0,0,0,0,0,0,0,0,0,0
1448,0,0,normal,0,0,0,0,0,0,0,0,0,0,0
1453,0,0,normal,0,0,0,0,0,0,0,0,0,0,0
1454,0,0,normal,0,0,0,0,0,0,0,0,0,0,0
1455,0,0,normal,0,0,0,0,0,0,0,0,0,0,0
1456,0,0,normal,0,0,0,0,0,0,0,0,0,0,0
1457,0,0,normal,0,0,0,0,0,0,0,0,0,0,0
1458,0,0,normal,0,0,0,0,0,0,0,0,0,0,0
1459,0,0,normal,0,0,0,0,0,0,0,0,0,0,0
1460,0,0,normal,0,0,0,0,0,0,0,0,0,0,0
1461,0,0,normal,0,0,0,0,0,0,0,0,0,0,0
1462,0,0,normal,0,0,0,0,0,0,0,0,0,0,0
1463,0,0,normal,0,0,0,0,0,0,0,0,0,0,0
1464,0,0,normal,0,0,0,0,0,0,0,0,0,0,0
1465,0,0,normal,0,0,0,0,0,0,0,0,0,0,0
1466,0,0,normal,0,0,0,0,0,0,0,0,0,0,0
1467,0,0,normal,0,0,0,0,0,0,0,0,0,0,0
1468,0,0,normal,0,0,0,0,0,0,0,0,0,0,0
1469,0,0,normal,0,0,0,0,0,0,0,0,0,0,0
1470,0,0,normal,0,0,0,0,0,0,0,0,0,0,0
1471,0,0,normal,0,0,0,0,0,0,0,0,0,0,0
1472,0,0,normal,0,0,0,0,0,0,0,0,0,0,0
1473,0,0,normal,0,0,0,0,0,0,0,0,0,0,0
1474,0,0,normal,0,0,0,0,0,0,0,0,0,0,0
1475,0,0,normal,0,0,0,0,0,0,0,0,0,0,0
1476,0,0,normal,0,0,0,0,0,0,0,0,0,0,0
1477,0,0,normal,0,0,0,0,0,0,0,0,0,0,0
1478,0,0,normal,0,0,0,0,0,0,0,0,0,0,0
1479,0,0,normal,0,0,0,0,0,0,0,0,0,0,0
1480,0,0,normal,0,0,0,0,0,0,0,0,0,0,0
1481,0,0,normal,0,0,0,0,0,0,0,0,0,0,0
1482,0,0,normal,0,0,0,0,0,0,0,0,0,0,0
1483,0,0,normal,0,0,0,0,0,0,0,0,0,0,0
1484,0,0,normal,0,0,0,0,0,0,0,0,0,0,0
1485,0,0,normal,0,0,0,0,0,0,0,0,0,0,0
1489,0,0,normal,0,0,0,0,0,0,0,0,0,0,0
1490,0,0,normal,0,0,0,0,0,0,0,0,0,0,0
1491,0,0,normal,0,0,0,0,0,0,0,0,0,0,0
1492,0,0,normal,0,0,0,0,0,0,0,0,0,0,0
1493,0,0,normal,0,0,0,0,0,0,0,0,0,0,0
1494,0,0,normal,0,0,0,0,0,0,0,0,0,0,0
1495,0,0,normal,0,0,0,0,0,0,0,0,0,0,0
1496,0,0,normal,0,0,0,0,0,0,0,0,0,0,0
1497,0,0,normal,0,0,0,0,0,0,0,0,0,0,0
1498,0,0,normal,0,0,0,0,0,0,0,0,0,0,0
1499,0,0,normal,0,0,0,0,0,0,0,0,0,0,0
1500,0,0,normal,0,0,0,0,0,0,0,0,0,0,0
1501,0,0,normal,0,0,0,0,0,0,0,0,0,0,0
1502,0,0,normal,0,0,0,0,0,0,0,0,0,0,0
1503,0,0,normal,0,0,0,0,0,0,0,0,0,0,0
1504,0,0,normal,0,0,0,0,0,0,0,0,0,0,0
1510,2,1,congested,1,0,0,1,0,0,1,0,1,0,1
1511,2,1,congested,1,0,0,1,0,0,1,0,0,0,1
1512,2,1,congested,1,0,0,1,0,0,1,0,1,0,1
1513,2,1,congested,1,0,0,1,1,0,1,1,0,0,1
1514,2,1,congested,1,0,0,1,0,0,1,0,0,0,1
1515,2,1,congested,1,0,0,1,0,0,1,0,1,0,1
1516,2,1,congested,1,0,0,1,1,0,1,1,1,0,1
1517,2,1,congested,1,0,0,1,0,0,1,0,0,0,1
1518,2,1,congested,1,0,0,1,1,0,1,1,1,0,1
1519,2,1,congested,1,0,0,1,0,0,0,0,1,0,1
1520,2,1,congested,1,0,0,1,0,0,1,0,1,0,1
1521,2,1,congested,1,0,0,1,1,0,1,1,1,0,1
1522,2,1,congested,1,0,0,1,1,0,1,1,1,0,1
1523,2,1,congested,1,0,0,1,0,0,1,0,1,0,1
1524,2,1,congested,1,0,0,1,0,0,1,0,1,0,1
1525,2,1,congested,1,0,0,1,1,0,1,1,1,0,1
1526,2,1,congested,1,0,0,1,1,0,1,1,1,0,1
1527,2,1,congested,1,0,0,1,1,0,1,1,1,0,1
1528,2,1,congested,1,0,0,1,1,0,1,1,1,0,1
1529,2,1,congested,1,0,0,1,0,0,1,0,1,0,1
1530,2,1,congested,1,0,0,1,1,0,1,1,1,0,1
1531,2,1,congested,1,0,0,1,0,0,1,0,1,0,1
1532,2,1,congested,1,0,0,1,0,0,1,0,1,0,1
1533,2,1,congested,1,0,0,1,0,0,1,0,1,0,1
1534,2,1,congested,1,0,0,1,0,0,1,0,1,0,1
1535,2,1,congested,1,0,0,1,0,0,1,0,1,0,1
1536,2,1,congested,1,0,0,1,1,0,1,1,1,0,1
1537,2,1,congested,1,0,0,1,0,0,1,0,1,0,1
1538,2,1,congested,1,0,0,1,1,0,1,1,1,0,1
1539,2,1,congested,1,0,0,1,1,0,1,1,1,0,1
1540,2,1,congested,1,0,0,1,0,0,1,0,1,0,1
1541,2,1,congested,1,0,0,1,0,0,1,0,1,0,1
1542,2,1,congested,1,0,0,1,0,0,1,0,1,0,1
1543,2,1,congested,1,0,0,1,1,0,1,1,1,0,1
1544,2,1,congested,1,0,0,1,0,0,1,0,1,0,1
1545,2,1,congested,1,0,0,1,1,0,1,1,1,0,1
1546,2,1,congested,1,0,0,1,1,0,1,1,1,0,1
1547,2,1,congested,1,0,0,1,1,0,1,1,1,0,1
1548,2,1,congested,1,0,0,1,1,0,1,1,1,0,1
1549,2,1,congested,1,0,0,1,1,0,1,1,1,0,1
1550,2,1,congested,1,0,0,1,0,0,1,0,0,0,1
1551,2,1,congested,1,0,0,1,0,0,1,0,1,0,1
1552,2,1,congested,1,0,0,1,0,0,1,0,1,0,1
1553,2,1,congested,1,0,0,1,1,0,1,1,1,0,1
1554,2,1,congested,1,0,0,1,1,0,1,1,0,0,1
1555,2,1,congested,1,0,0,1,0,0,1,0,1,0,1
1556,2,1,congested,1,0,0,1,1,0,1,1,1,0,1
1557,2,1,congested,1,0,0,1,1,0,1,1,1,0,1
1558,2,1,congested,1,0,0,1,1,0,1,1,1,0,1
1559,2,1,congested,1,0,0,1,1,0,1,1,1,0,1
1560,2,1,congested,1,0,0,1,1,0,1,1,1,0,1
1561,2,1,congested,1,0,0,1,1,0,1,1,1,0,1
1562,2,1,congested,1,0,0,1,1,0,1,1,1,0,1
1563,2,1,congested,1,0,0,1,1,0,1,1,0,0,1
1564,2,1,congested,1,0,0,1,0,0,1,0,1,0,1
1565,2,1,congested,1,0,0,1,1,0,1,1,1,0,1
1566,2,1,congested,1,0,0,1,1,0,1,1,1,0,1
1567,2,1,congested,1,0,0,1,1,0,1,1,1,0,1
1568,2,1,congested,1,0,0,1,0,0,1,0,1,0,1
1569,2,1,congested,1,0,0,1,1,0,1,1,1,0,1
1570,2,1,congested,1,0,0,1,1,0,1,1,1,0,1
1571,2,1,congested,1,0,0,1,1,0,1,1,1,0,1
1572,2,1,congested,1,0,0,1,1,0,1,1,1,0,1
1573,2,1,congested,1,0,0,1,1,0,1,1,1,0,1
1574,2,1,congested,1,0,0,1,1,0,1,1,1,0,1
1575,2,1,congested,1,0,0,1,1,0,1,1,1,0,1
1576,2,1,congested,1,0,0,1,1,0,1,1,1,0,1
1577,2,1,congested,1,0,0,1,1,0,1,1,1,0,1
1578,2,1,congested,1,0,0,1,1,0,1,1,1,0,1
1579,2,1,congested,1,0,0,1,1,0,1,1,1,0,1
1580,2,1,congested,1,0,0,1,1,0,1,1,1,0,1
1581,2,1,congested,1,0,0,1,1,0,1,1,1,0,1
1582,2,1,congested,1,0,0,1,0,0,1,0,1,0,1
1583,2,1,congested,1,0,0,1,1,0,1,1,1,0,1
1584,2,1,congested,1,0,0,1,0,0,1,0,1,0,1
1585,2,1,congested,1,0,0,1,0,0,1,0,1,0,1
1586,2,1,congested,1,0,0,1,1,0,1,1,1,0,1
1587,2,1,congested,1,0,0,1,1,0,1,1,1,0,1
1588,2,1,congested,1,0,0,1,1,0,1,1,1,0,1
1589,2,1,congested,1,0,0,1,0,0,1,0,1,0,1
1590,2,1,congested,1,0,0,1,0,0,1,0,1,0,1
1591,2,1,congested,1,0,0,1,1,0,1,1,1,0,1
1592,2,1,congested,1,0,0,1,0,0,1,0,1,0,1
1593,2,1,congested,1,0,0,1,0,0,1,0,1,0,1
1594,2,1,congested,1,0,0,1,1,0,1,1,1,0,1
1595,2,1,congested,1,0,0,1,0,0,1,0,1,0,1
1596,2,1,congested,1,0,0,1,1,0,1,1,1,0,1
1597,2,1,congested,1,0,0,1,1,0,1,1,1,0,1
1598,2,1,congested,1,0,0,1,1,0,1,1,1,0,1
1599,2,1,congested,1,0,0,1,1,0,1,1,1,0,1
1600,2,1,congested,1,0,0,1,1,0,1,1,1,0,1
1601,2,1,congested,1,0,0,1,1,0,1,1,1,0,1
1602,2,1,congested,1,0,0,1,1,0,1,1,1,0,1
1603,2,1,congested,1,0,0,1,1,0,1,1,1,0,1
1604,2,1,congested,1,0,0,1,1,0,1,1,1,0,1
1605,2,1,congested,1,0,0,1,1,0,1,1,1,0,1
1606,2,1,congested,1,0,0,1,1,0,1,1,1,0,1
1607,2,1,congested,1,0,0,1,1,0,1,1,1,0,1
1608,2,1,congested,1,0,0,1,1,0,1,1,1,0,1
1609,2,1,congested,1,0,0,1,1,0,1,1,1,0,1
1610,2,1,congested,1,0,0,1,0,0,1,0,1,0,1
1611,2,1,congested,1,0,0,1,1,0,1,1,1,0,1
1612,2,1,congested,1,0,0,1,1,0,1,1,1,0,1
1613,2,1,congested,1,0,0,1,1,0,1,1,0,0,1
1614,2,1,congested,1,0,0,1,1,0,1,1,1,0,1
1615,2,1,congested,1,0,0,1,1,0,1,1,1,0,1
1616,2,1,congested,1,0,0,1,1,0,1,1,1,0,1
1617,2,1,congested,1,0,0,1,1,0,1,1,1,0,1
1618,2,1,congested,1,0,0,1,1,0,1,1,1,0,1
1619,2,1,congested,1,0,0,1,1,0,1,1,1,0,1
1620,2,1,congested,1,0,0,1,1,0,1,1,1,0,1
1621,2,1,congested,1,0,0,1,1,0,1,1,1,0,1
1622,2,1,congested,1,0,0,1,1,0,1,1,1,0,1
1623,2,1,congested,1,0,0,1,1,0,1,1,1,0,1
1624,2,1,congested,1,0,0,1,1,0,1,1,1,0,1
1625,2,1,congested,1,0,0,1,1,0,1,1,1,0,1
1626,2,1,congested,1,0,0,1,1,0,1,1,1,0,1
1627,2,1,congested,1,0,0,1,1,0,1,1,1,0,1
1628,2,1,congested,1,0,0,1,1,0,1,1,1,0,1
1629,2,1,congested,1,0,0,1,1,0,1,1,1,0,1
1630,2,1,congested,1,0,0,1,1,0,1,1,0,0,1
1631,2,1,congested,1,0,0,1,1,0,1,1,1,0,1
1632,2,1,congested,1,0,0,1,0,0,1,0,1,0,1
1633,2,1,congested,1,0,0,1,1,0,1,1,1,0,1
1634,2,1,congested,1,0,0,1,1,0,1,1,1,0,1
1635,2,1,congested,1,0,0,1,1,0,1,1,1,0,1
1636,2,1,congested,1,0,0,1,1,0,1,1,1,0,1
1637,2,1,congested,1,0,0,1,1,0,1,1,1,0,1
1638,2,1,congested,1,0,0,1,1,0,1,1,1,0,1
1639,2,1,congested,1,0,0,1,1,0,1,1,1,0,1
1640,2,1,congested,1,0,0,1,1,0,1,1,1,0,1
1641,2,1,congested,1,0,0,1,1,0,1,1,1,0,1
1642,2,1,congested,1,0,0,1,1,0,1,1,1,0,1
1643,2,1,congested,1,0,0,1,1,0,1,1,1,0,1
1644,2,1,congested,1,0,0,1,0,0,1,0,1,0,1
1645,2,1,congested,1,0,0,1,0,0,1,0,0,0,1
1646,2,1,congested,1,0,0,1,1,0,1,1,1,0,1
1647,2,1,congested,1,0,0,1,0,0,1,0,1,0,1
1648,2,1,congested,1,0,0,1,0,0,1,0,1,0,1
1649,2,1,congested,1,0,0,1,1,0,1,1,1,0,1
1650,2,1,congested,1,0,0,1,1,0,1,1,1,0,1
1651,2,1,congested,1,0,0,1,0,0,1,0,0,0,1
1652,2,1,congested,1,0,0,1,0,0,1,0,1,0,1
1653,2,1,congested,1,0,0,1,1,0,1,1,1,0,1
1654,2,1,congested,1,0,0,1,0,0,1,0,1,0,1
1655,2,1,congested,1,0,0,1,1,0,1,1,1,0,1
1656,2,1,congested,1,0,0,1,1,0,1,1,1,0,1
1657,2,1,congested,1,0,0,1,1,0,1,1,1,0,1
1658,2,1,congested,1,0,0,1,1,0,1,1,1,0,1
1659,2,1,congested,1,0,0,1,0,0,1,0,1,0,1
1660,2,1,congested,1,0,0,1,1,0,1,1,0,0,1
1661,2,1,congested,1,0,0,1,1,0,1,1,1,0,1
1662,2,1,congested,1,0,0,1,1,0,1,1,1,0,1
1663,2,1,congested,1,0,0,1,1,0,1,1,1,0,1
1664,2,1,congested,1,0,0,1,1,0,1,1,0,0,1
1665,2,1,congested,1,0,0,1,1,0,1,1,1,0,1
1666,2,1,congested,1,0,0,1,1,0,1,1,1,0,1
1667,2,1,congested,1,0,0,1,1,0,1,1,1,0,1
1668,2,1,congested,1,0,0,1,1,0,1,1,1,0,1
1669,2,1,congested,1,0,0,1,1,0,1,1,1,0,1
1670,2,1,congested,1,0,0,1,1,0,1,1,1,0,1
1671,2,1,congested,1,0,0,1,1,0,1,1,1,0,1
1672,2,1,congested,1,0,0,1,1,0,1,1,1,0,1
1673,2,1,congested,1,0,0,1,1,0,1,1,1,0,1
1674,2,1,congested,1,0,0,1,0,0,1,0,1,0,1
1675,2,1,congested,1,0,0,1,0,0,1,0,1,0,1
1676,2,1,congested,1,0,0,1,0,0,1,0,1,0,1
1677,2,1,congested,1,0,0,1,0,0,1,0,1,0,1
1678,2,1,congested,1,0,0,1,1,0,1,1,1,0,1
1679,2,1,congested,1,0,0,1,1,0,1,1,1,0,1
1680,2,1,congested,1,0,0,1,0,0,1,0,1,0,1
1681,2,1,congested,1,0,0,1,1,0,1,1,0,0,1
1682,2,1,congested,1,0,0,1,1,0,1,1,1,0,1
1683,2,1,congested,1,0,0,1,1,0,1,1,1,0,1
1684,2,1,congested,1,0,0,1,1,0,1,1,1,0,1
1685,2,1,congested,1,0,0,1,1,0,1,1,1,0,1
1686,2,1,congested,1,0,0,1,0,0,1,0,1,0,1
1687,2,1,congested,1,0,0,1,1,0,1,1,1,0,1
1688,2,1,congested,1,0,0,1,1,0,1,1,1,0,1
1689,2,1,congested,1,0,0,1,1,0,1,1,1,0,1
1690,2,1,congested,1,0,0,1,0,0,1,0,1,0,1
1691,2,1,congested,1,0,0,1,0,0,1,0,1,0,1
1692,2,1,congested,1,0,0,1,1,0,1,1,1,0,1
1693,2,1,congested,1,0,0,1,1,0,1,1,1,0,1
1694,2,1,congested,1,0,0,1,1,0,1,1,1,0,1
1695,2,1,congested,1,0,0,1,1,0,1,1,1,0,1
1696,2,1,congested,1,0,0,1,0,0,1,0,1,0,1
1697,2,1,congested,1,0,0,1,1,0,1,1,1,0,1
1698,2,1,congested,1,0,0,1,1,0,1,1,1,0,1
1699,2,1,congested,1,0,0,1,1,0,1,1,1,0,1
1700,2,1,congested,1,0,0,1,0,0,1,0,1,0,1
1701,2,1,congested,1,0,0,1,0,0,1,0,1,0,1
1702,2,1,congested,1,0,0,1,0,0,1,0,1,0,1
1703,2,1,congested,1,0,0,1,1,0,1,1,1,0,1
1704,2,1,congested,1,0,0,1,1,0,1,1,1,0,1
1705,2,1,congested,1,0,0,1,1,0,1,1,1,0,1
1706,2,1,congested,1,0,0,1,1,0,1,1,1,0,1
1707,2,1,congested,1,0,0,1,1,0,1,1,1,0,1
1708,2,1,congested,1,0,0,1,1,0,1,1,1,0,1
1709,2,1,congested,1,0,0,1,0,0,1,0,1,0,1
1710,2,1,congested,1,0,0,1,1,0,1,1,0,0,1
1711,2,1,congested,1,0,0,1,1,0,1,1,1,0,1
1712,2,1,congested,1,0,0,1,0,0,1,0,1,0,1
1713,2,1,congested,1,0,0,1,0,0,1,0,1,0,1
1714,2,1,congested,1,0,0,1,0,0,1,0,1,0,1
1715,1,1,onset,0,0,0,0,1,0,1,1,0,0,1
1716,2,1,congested,1,0,0,1,0,0,1,0,1,0,1
1721,2,1,congested,1,0,0,1,0,0,0,0,1,0,1
1737,2,1,congested,1,0,0,1,0,0,1,0,1,0,1
1738,2,1,congested,1,0,0,1,0,0,1,0,1,0,1
1740,2,1,congested,1,0,0,1,0,0,1,0,1,0,1
1756,2,1,congested,1,0,0,1,0,0,1,0,1,0,1
1776,2,1,congested,1,0,0,1,0,0,1,0,1,0,1
1783,2,1,congested,1,0,0,1,0,0,1,0,1,0,1
1784,2,1,congested,1,0,0,1,0,0,1,0,1,0,1
1792,2,1,congested,1,0,0,1,0,0,1,0,1,0,1
1813,2,1,congested,1,0,0,1,0,0,1,0,1,0,1
1816,2,1,congested,1,0,0,1,0,0,1,0,1,0,1
1817,2,1,congested,1,0,0,1,0,0,0,0,1,0,1
1824,2,1,congested,1,0,0,1,0,0,1,0,1,0,1
1827,2,1,congested,1,0,0,1,0,0,1,0,1,0,1
1831,2,1,congested,1,0,0,1,0,0,1,0,1,0,1
1835,2,1,congested,1,0,0,1,0,0,1,0,1,0,1
1847,2,1,congested,1,0,0,1,0,0,1,0,1,0,1
1851,2,1,congested,1,0,0,1,0,0,1,0,1,0,1
1852,2,1,congested,1,0,0,1,0,0,1,0,1,0,1
1854,2,1,congested,1,0,0,1,0,0,1,0,1,0,1
1856,2,1,congested,1,0,0,1,0,0,1,0,1,0,1
1857,2,1,congested,1,0,0,1,0,0,1,0,1,0,1
1858,2,1,congested,1,0,0,1,0,0,1,0,1,0,1
1861,2,1,congested,1,0,0,1,0,0,1,0,1,0,1
1869,2,1,congested,1,0,0,1,0,0,1,0,1,0,1
1871,2,1,congested,1,0,0,1,0,0,1,0,1,0,1
1873,2,1,congested,1,0,0,1,0,0,1,0,1,0,1
1892,2,1,congested,1,0,0,1,0,0,1,0,1,0,1
1895,2,1,congested,1,0,0,1,0,0,0,0,1,0,1
1898,2,1,congested,1,0,0,1,0,0,1,0,1,0,1
1908,2,1,congested,1,0,0,1,0,0,1,0,1,0,1
1912,2,1,congested,1,0,0,1,0,0,1,0,1,0,1
2001,2,1,congested,1,0,0,1,0,0,1,0,1,0,1
2002,2,1,congested,1,0,0,1,0,0,1,0,1,0,1
2003,2,1,congested,1,0,0,1,0,0,1,0,1,0,1
2004,2,1,congested,1,0,0,1,1,0,1,1,1,0,1
2005,2,1,congested,1,0,0,1,0,0,1,0,1,0,1
2006,2,1,congested,1,0,0,1,0,0,1,0,1,0,1
2007,2,1,congested,1,0,0,1,1,0,1,1,1,0,1
2008,2,1,congested,1,0,0,1,0,0,1,0,0,0,1
2009,2,1,congested,1,0,0,1,0,0,0,0,1,0,1
2010,2,1,congested,1,0,0,1,0,0,1,0,1,0,1
2011,2,1,congested,1,0,0,1,1,0,1,1,0,0,1
2012,2,1,congested,1,0,0,1,0,0,1,0,1,0,1
2013,2,1,congested,1,0,0,1,0,0,1,0,1,0,1
2014,2,1,congested,1,0,0,1,1,0,1,1,1,0,1
2015,2,1,congested,1,0,0,1,1,0,1,1,1,0,1
2016,2,1,congested,1,0,0,1,1,0,1,1,0,0,1
2017,2,1,congested,1,0,0,1,1,0,1,1,1,0,1
2018,2,1,congested,1,0,0,1,1,0,1,1,1,0,1
2019,2,1,congested,1,0,0,1,1,0,1,1,1,0,1
2020,2,1,congested,1,0,0,1,1,0,1,1,1,0,1
2021,2,1,congested,1,0,0,1,1,0,1,1,1,0,1
2022,2,1,congested,1,0,0,1,1,0,1,1,1,0,1
2023,2,1,congested,1,0,0,1,0,0,1,0,0,0,1
2024,2,1,congested,1,0,0,1,1,0,1,1,1,0,1
2025,2,1,congested,1,0,0,1,1,0,1,1,1,0,1
2026,2,1,congested,1,0,0,1,1,0,1,1,1,0,1
2027,2,1,congested,1,0,0,1,1,0,1,1,1,0,1
2028,2,1,congested,1,0,0,1,0,0,1,0,1,0,1
2029,2,1,congested,1,0,0,1,0,0,1,0,1,0,1
2030,2,1,congested,1,0,0,1,1,0,1,1,1,0,1
2031,2,1,congested,1,0,0,1,0,0,1,0,0,0,1
2032,2,1,congested,1,0,0,1,1,0,1,1,1,0,1
2033,2,1,congested,1,0,0,1,1,0,1,1,1,0,1
2034,2,1,congested,1,0,0,1,1,0,1,1,1,0,1
2035,2,1,congested,1,0,0,1,0,0,1,0,1,0,1
2036,2,1,congested,1,0,0,1,0,0,1,0,1,0,1
2037,2,1,congested,1,0,0,1,0,0,1,0,1,0,1
2038,2,1,congested,1,0,0,1,0,0,1,0,1,0,1
2039,2,1,congested,1,0,0,1,0,0,1,0,1,0,1
2040,2,1,congested,1,0,0,1,0,0,1,0,1,0,1
2041,2,1,congested,1,0,0,1,1,0,1,1,1,0,1
2042,2,1,congested,1,0,0,1,1,0,1,1,1,0,1
2043,2,1,congested,1,0,0,1,1,0,1,1,1,0,1
2044,2,1,congested,1,0,0,1,1,0,1,1,1,0,1
2045,2,1,congested,1,0,0,1,1,0,1,1,1,0,1
2046,2,1,congested,1,0,0,1,0,0,1,0,1,0,1
2047,2,1,congested,1,0,0,1,1,0,1,1,1,0,1
2048,2,1,congested,1,0,0,1,1,0,1,1,1,0,1
2049,2,1,congested,1,0,0,1,1,0,1,1,1,0,1
2050,2,1,congested,1,0,0,1,0,0,1,0,1,0,1
2051,2,1,congested,1,0,0,1,1,0,1,1,1,0,1
2052,2,1,congested,1,0,0,1,1,0,1,1,1,0,1
2053,2,1,congested,1,0,0,1,1,0,1,1,1,0,1
2054,2,1,congested,1,0,0,1,1,0,1,1,0,0,1
2055,2,1,congested,1,0,0,1,1,0,1,1,1,0,1
2056,2,1,congested,1,0,0,1,1,0,1,1,1,0,1
2057,2,1,congested,1,0,0,1,0,0,1,0,1,0,1
2058,2,1,congested,1,0,0,1,1,0,1,1,1,0,1
2059,2,1,congested,1,0,0,1,0,0,1,0,1,0,1
2060,2,1,congested,1,0,0,1,0,1,1,1,1,0,1
2061,2,1,congested,1,0,0,1,0,0,1,0,1,0,1
2062,2,1,congested,1,0,0,1,1,0,1,1,1,0,1
2063,2,1,congested,1,0,0,1,1,0,1,1,1,0,1
2064,2,1,congested,1,0,0,1,1,0,1,1,1,0,1
2065,2,1,congested,1,0,0,1,1,0,1,1,0,0,1
2066,2,1,congested,1,0,0,1,1,0,1,1,1,0,1
2067,2,1,congested,1,0,0,1,1,0,1,1,1,0,1
2068,2,1,congested,1,0,0,1,1,0,1,1,1,0,1
2069,2,1,congested,1,0,0,1,1,0,1,1,1,0,1
2070,2,1,congested,1,0,0,1,1,0,1,1,1,0,1
2071,2,1,congested,1,0,0,1,1,0,1,1,1,0,1
2072,2,1,congested,1,0,0,1,1,0,1,1,1,0,1
2073,2,1,congested,1,0,0,1,1,0,1,1,1,0,1
2074,2,1,congested,1,0,0,1,1,0,1,1,1,0,1
2075,2,1,congested,1,0,0,1,1,0,1,1,1,0,1
2076,2,1,congested,1,0,0,1,1,0,1,1,1,0,1
2077,2,1,congested,1,0,0,1,1,0,1,1,1,0,1
2078,2,1,congested,1,0,0,1,1,0,1,1,1,0,1
2079,2,1,congested,1,0,0,1,1,0,1,1,1,0,1
2080,2,1,congested,1,0,0,1,1,0,1,1,1,0,1
2081,2,1,congested,1,0,0,1,1,0,1,1,1,0,1
2082,2,1,congested,1,0,0,1,1,0,1,1,1,0,1
2083,2,1,congested,1,0,0,1,1,0,1,1,0,0,1
2084,2,1,congested,1,0,0,1,1,0,1,1,1,0,1
2085,2,1,congested,1,0,0,1,1,0,1,1,1,0,1
2086,2,1,congested,1,0,0,1,1,0,1,1,1,0,1
2087,2,1,congested,1,0,0,1,1,0,1,1,1,0,1
2088,2,1,congested,1,0,0,1,1,0,1,1,1,0,1
2089,2,1,congested,1,0,0,1,1,0,1,1,1,0,1
2090,2,1,congested,1,0,0,1,1,0,1,1,1,0,1
2091,2,1,congested,1,0,0,1,1,0,1,1,1,0,1
2092,2,1,congested,1,0,0,1,1,0,1,1,1,0,1
2093,2,1,congested,1,0,0,1,1,0,1,1,1,0,1
2094,2,1,congested,1,0,0,1,1,0,1,1,1,0,1
2095,2,1,congested,1,0,0,1,1,0,1,1,1,0,1
2096,2,1,congested,1,0,0,1,1,0,1,1,0,0,1
2097,2,1,congested,1,0,0,1,1,0,1,1,1,0,1
2098,2,1,congested,1,0,0,1,1,0,1,1,1,0,1
2099,2,1,congested,1,0,0,1,0,0,1,0,1,0,1
2100,2,1,congested,1,0,0,1,1,0,1,1,1,0,1
2101,2,1,congested,1,0,0,1,1,0,1,1,1,0,1
2102,2,1,congested,1,0,0,1,1,0,1,1,1,0,1
2103,2,1,congested,1,0,0,1,1,0,1,1,1,0,1
2104,2,1,congested,1,0,0,1,1,0,1,1,1,0,1
2105,2,1,congested,1,0,0,1,1,0,1,1,1,0,1
2106,2,1,congested,1,0,0,1,1,0,1,1,0,0,1
2107,2,1,congested,1,0,0,1,0,0,1,0,1,0,1
2108,2,1,congested,1,0,0,1,1,0,1,1,1,0,1
2109,2,1,congested,1,0,0,1,1,0,1,1,1,0,1
2110,2,1,congested,1,0,0,1,0,0,1,0,0,0,1
2111,2,1,congested,1,0,0,1,1,0,1,1,1,0,1
2112,2,1,congested,1,0,0,1,1,0,1,1,1,0,1
2113,2,1,congested,1,0,0,1,1,0,1,1,1,0,1
2114,2,1,congested,1,0,0,1,1,0,1,1,1,0,1
2115,2,1,congested,1,0,0,1,1,0,1,1,0,0,1
2116,2,1,congested,1,0,0,1,1,0,1,1,1,0,1
2117,2,1,congested,1,0,0,1,0,0,1,0,1,0,1
2118,2,1,congested,1,0,0,1,0,0,1,0,1,0,1
2119,2,1,congested,1,0,0,1,0,0,1,0,1,0,1
2120,2,1,congested,1,0,0,1,1,0,1,1,1,0,1
2121,2,1,congested,1,0,0,1,1,0,1,1,1,0,1
2122,2,1,congested,1,0,0,1,1,0,1,1,1,0,1
2123,2,1,congested,1,0,0,1,0,0,1,0,1,0,1
2124,2,1,congested,1,0,0,1,1,0,1,1,1,0,1
2125,2,1,congested,1,0,0,1,0,0,1,0,1,0,1
2126,2,1,congested,1,0,0,1,0,0,1,0,0,0,1
2127,2,1,congested,1,0,0,1,1,0,1,1,1,0,1
2128,2,1,congested,1,0,0,1,1,0,1,1,1,0,1
2129,2,1,congested,1,0,0,1,0,0,1,0,1,0,1
2130,2,1,congested,1,0,0,1,1,0,1,1,1,0,1
2131,2,1,congested,1,0,0,1,1,0,1,1,1,0,1
2132,2,1,congested,1,0,0,1,1,0,1,1,1,0,1
2133,2,1,congested,1,0,0,1,1,0,1,1,1,0,1
2134,2,1,congested,1,0,0,1,0,0,1,0,1,0,1
2135,2,1,congested,1,0,0,1,1,0,1,1,1,0,1
2136,2,1,congested,1,0,0,1,1,0,1,1,1,0,1
2137,2,1,congested,1,0,0,1,1,0,1,1,0,0,1
2138,2,1,congested,1,0,0,1,1,0,1,1,1,0,1
2139,2,1,congested,1,0,0,1,1,0,1,1,1,0,1
2140,2,1,congested,1,0,0,1,1,0,1,1,1,0,1
2141,2,1,congested,1,0,0,1,1,0,1,1,1,0,1
2142,2,1,congested,1,0,0,1,1,0,1,1,1,0,1
2143,2,1,congested,1,0,0,1,0,0,1,0,1,0,1
2144,2,1,congested,1,0,0,1,0,0,1,0,1,0,1
2145,2,1,congested,1,0,0,1,1,0,1,1,1,0,1
2146,2,1,congested,1,0,0,1,1,0,1,1,1,0,1
2147,2,1,congested,1,0,0,1,1,0,1,1,1,0,1
2148,2,1,congested,1,0,0,1,1,0,1,1,1,0,1
2149,2,1,congested,1,0,0,1,1,0,1,1,1,0,1
2150,2,1,congested,1,0,0,1,1,0,1,1,1,0,1
2151,2,1,congested,1,0,0,1,1,0,1,1,1,0,1
2152,2,1,congested,1,0,0,1,1,0,1,1,1,0,1
2153,2,1,congested,1,0,0,1,1,0,1,1,0,0,1
2154,2,1,congested,1,0,0,1,0,0,1,0,1,0,1
2155,2,1,congested,1,0,0,1,1,0,1,1,1,0,1
2156,2,1,congested,1,0,0,1,0,0,1,0,1,0,1
2157,2,1,congested,1,0,0,1,1,0,1,1,1,0,1
2158,2,1,congested,1,0,0,1,1,0,1,1,1,0,1
2159,2,1,congested,1,0,0,1,1,0,1,1,1,0,1
2160,2,1,congested,1,0,0,1,1,0,1,1,1,0,1
2161,2,1,congested,1,0,0,1,1,0,1,1,1,0,1
2162,2,1,congested,1,0,0,1,1,0,1,1,1,0,1
2163,2,1,congested,1,0,0,1,1,0,1,1,1,0,1
2164,2,1,congested,1,0,0,1,1,0,1,1,1,0,1
2165,2,1,congested,1,0,0,1,0,0,1,0,0,0,1
2166,2,1,congested,1,0,0,1,1,0,1,1,1,0,1
2167,2,1,congested,1,0,0,1,0,0,1,0,1,0,1
2168,2,1,congested,1,0,0,1,0,0,1,0,1,0,1
2169,2,1,congested,1,0,0,1,1,0,1,1,1,0,1
2170,2,1,congested,1,0,0,1,0,0,1,0,1,0,1
2171,2,1,congested,1,0,0,1,0,0,1,0,1,0,1
2172,2,1,congested,1,0,0,1,1,0,1,1,1,0,1
2173,2,1,congested,1,0,0,1,1,0,1,1,1,0,1
2174,2,1,congested,1,0,0,1,1,0,1,1,1,0,1
2175,2,1,congested,1,0,0,1,1,0,1,1,1,0,1
2176,2,1,congested,1,0,0,1,1,0,1,1,1,0,1
2177,2,1,congested,1,0,0,1,1,0,1,1,0,0,1
2178,2,1,congested,1,0,0,1,1,0,1,1,1,0,1
2179,2,1,congested,1,0,0,1,1,0,1,1,1,0,1
2180,2,1,congested,1,0,0,1,0,0,1,0,1,0,1
2181,2,1,congested,1,0,0,1,0,0,1,0,1,0,1
2182,2,1,congested,1,0,0,1,1,0,1,1,1,0,1
2183,2,1,congested,1,0,0,1,1,0,1,1,1,0,1
2184,2,1,congested,1,0,0,1,0,0,1,0,1,0,1
2185,2,1,congested,1,0,0,1,1,0,1,1,0,0,1
2186,2,1,congested,1,0,0,1,1,0,1,1,1,0,1
2187,2,1,congested,1,0,0,1,0,0,1,0,1,0,1
2188,2,1,congested,1,0,0,1,0,0,1,0,0,0,1
2189,2,1,congested,1,0,0,1,0,0,1,0,1,0,1
2190,2,1,congested,1,0,0,1,1,0,1,1,1,0,1
2191,2,1,congested,1,0,0,1,0,0,1,0,0,0,1
2192,2,1,congested,1,0,0,1,0,0,1,0,1,0,1
2193,2,1,congested,1,0,0,1,1,0,1,1,0,0,1
2194,2,1,congested,1,0,0,1,1,0,1,1,1,0,1
2195,2,1,congested,1,0,0,1,1,0,1,1,1,0,1
2196,2,1,congested,1,0,0,1,1,0,1,1,0,0,1
2197,2,1,congested,1,0,0,1,0,0,1,0,1,0,1
2198,2,1,congested,1,0,0,1,0,0,1,0,0,0,1
2199,2,1,congested,1,0,0,1,0,0,1,0,0,0,1
2200,2,1,congested,1,0,0,1,0,0,1,0,1,0,1
2201,1,1,onset,0,0,0,0,1,0,1,1,0,0,1
2202,2,1,congested,1,0,0,1,1,0,1,1,1,0,1
2203,2,1,congested,1,0,0,1,1,0,1,1,1,0,1
2204,2,1,congested,1,0,0,1,0,0,1,0,1,0,1
2205,2,1,congested,1,0,0,1,1,0,1,1,1,0,1
2206,2,1,congested,1,0,0,1,0,0,1,0,1,0,1
2207,2,1,congested,1,0,0,1,1,0,1,1,0,0,1
2208,2,1,congested,1,0,0,1,1,0,1,1,1,0,1
2209,0,0,normal,0,0,0,0,0,0,1,0,1,0,1
2210,2,1,congested,1,0,0,1,0,0,1,0,0,0,1
2211,2,1,congested,1,0,0,1,1,0,1,1,1,0,1
2212,2,1,congested,1,0,0,1,0,0,1,0,1,0,1
2213,2,1,congested,1,0,0,1,0,0,1,0,1,0,1
2214,2,1,congested,1,0,0,1,0,0,1,0,0,0,1
2215,2,1,congested,1,0,0,1,1,0,1,1,0,0,1
2216,2,1,congested,1,0,0,1,1,0,1,1,1,0,1
2217,2,1,congested,1,0,0,1,1,0,1,1,0,0,1
2218,2,1,congested,1,0,0,1,1,0,1,1,0,0,1
2219,2,1,congested,1,0,0,1,0,0,1,0,1,0,1
2220,2,1,congested,1,0,0,1,1,0,1,1,0,0,1
2221,2,1,congested,1,0,0,1,0,0,0,0,1,0,1
2222,2,1,congested,1,0,0,1,0,0,1,0,0,0,1
2223,2,1,congested,1,0,0,1,1,0,1,1,1,0,1
2224,2,1,congested,1,0,0,1,0,0,1,0,0,0,1
2225,2,1,congested,1,0,0,1,1,0,1,1,1,0,1
2226,0,0,normal,0,0,0,0,0,0,0,0,0,0,0
2227,0,0,normal,0,0,0,0,0,0,0,0,0,0,0
2228,0,0,normal,0,0,0,0,0,0,0,0,0,0,0
2229,0,0,normal,0,0,0,0,0,0,0,0,0,0,0
2230,0,0,normal,0,0,0,0,0,0,0,0,0,0,0
2231,0,0,normal,0,0,0,0,0,0,0,0,0,0,0
2232,0,0,normal,0,0,0,0,0,0,0,0,0,0,0
2233,0,0,normal,0,0,0,0,0,0,0,0,0,0,0
2234,0,0,normal,0,0,0,0,0,0,0,0,0,0,0
2235,0,0,normal,0,0,0,0,0,0,0,0,0,0,0
2240,0,0,normal,0,0,0,0,0,0,0,0,0,0,0
2241,0,0,normal,0,0,0,0,0,0,0,0,0,0,0
2242,0,0,normal,0,0,0,0,0,0,0,0,0,0,0
2243,0,0,normal,0,0,0,0,0,0,0,0,0,0,0
2244,0,0,normal,0,0,0,0,0,0,0,0,0,0,0
2245,2,1,congested,1,0,0,1,0,0,1,0,1,0,1
2246,0,0,normal,0,0,0,0,0,0,0,0,0,0,0
2247,0,0,normal,0,0,0,0,0,0,0,0,0,0,0
2248,0,0,normal,0,0,0,0,0,0,0,0,0,0,0
2249,0,0,normal,0,0,0,0,0,0,0,0,0,0,0
2250,0,0,normal,0,0,0,0,0,0,0,0,0,0,0
2251,0,0,normal,0,0,0,0,0,0,0,0,0,0,0
2252,0,0,normal,0,0,0,0,0,0,0,0,0,0,0
2253,2,1,congested,1,0,0,1,0,0,1,0,1,0,1
2254,0,0,normal,0,0,0,0,0,0,0,0,0,0,0
2255,2,1,congested,1,0,0,1,0,0,1,0,1,0,1
2256,0,0,normal,0,0,0,0,0,0,0,0,0,0,0
2257,0,0,normal,0,0,0,0,0,0,0,0,0,0,0
2258,0,0,normal,0,0,0,0,0,0,0,0,0,0,0
2259,0,0,normal,0,0,0,0,0,0,0,0,0,0,0
2260,0,0,normal,0,0,0,0,0,0,0,0,0,0,0
2261,0,0,normal,0,0,0,0,0,0,0,0,0,0,0
2262,0,0,normal,0,0,0,0,0,0,0,0,0,0,0
2263,0,0,normal,0,0,0,0,0,0,0,0,0,0,0
2264,0,0,normal,0,0,0,0,0,0,0,0,0,0,0
2265,0,0,normal,0,0,0,0,0,0,0,0,0,0,0
2266,0,0,normal,0,0,0,0,0,0,0,0,0,0,0
2268,0,0,normal,0,0,0,0,0,0,0,0,0,0,0
2269,0,0,normal,0,0,0,0,0,0,0,0,0,0,0
2270,0,0,normal,0,0,0,0,0,0,0,0,0,0,0
2271,0,0,normal,0,0,0,0,0,0,0,0,0,0,0
2272,0,0,normal,0,0,0,0,0,0,0,0,0,0,0
2276,0,0,normal,0,0,0,0,0,0,0,0,0,0,0
2277,0,0,normal,0,0,0,0,0,0,0,0,0,0,0
2278,2,1,congested,1,0,0,1,0,0,1,0,1,0,1
2279,0,0,normal,0,0,0,0,0,0,0,0,0,0,0
2280,0,0,normal,0,0,0,0,0,0,0,0,0,0,0
2281,0,0,normal,0,0,0,0,0,0,0,0,0,0,0
2282,0,0,normal,0,0,0,0,0,0,0,0,0,0,0
2283,0,0,normal,0,0,0,0,0,0,0,0,0,0,0
2284,0,0,normal,0,0,0,0,0,0,0,0,0,0,0
2285,0,0,normal,0,0,0,0,0,0,0,0,0,0,0
2286,0,0,normal,0,0,0,0,0,0,0,0,0,0,0
2287,0,0,normal,0,0,0,0,0,0,0,0,0,0,0
2288,2,1,congested,1,0,0,1,0,0,1,0,1,0,1
2289,2,1,congested,1,0,0,1,0,0,1,0,1,0,1
2290,0,0,normal,0,0,0,0,0,0,0,0,0,0,0
2291,0,0,normal,0,0,0,0,0,0,0,0,0,0,0
2292,0,0,normal,0,0,0,0,0,0,0,0,0,0,0
2293,0,0,normal,0,0,0,0,0,0,0,0,0,0,0
2294,0,0,normal,0,0,0,0,0,0,0,0,0,0,0
2295,0,0,normal,0,0,0,0,0,0,0,0,0,0,0
2296,0,0,normal,0,0,0,0,0,0,0,0,0,0,0
2297,0,0,normal,0,0,0,0,0,0,0,0,0,0,0
2298,0,0,normal,0,0,0,0,0,0,0,0,0,0,0
2299,0,0,normal,0,0,0,0,0,0,0,0,0,0,0
2300,0,0,normal,0,0,0,0,0,0,0,0,0,0,0
2301,0,0,normal,0,0,0,0,0,0,0,0,0,0,0
2302,0,0,normal,0,0,0,0,0,0,0,0,0,0,0
2303,0,0,normal,0,0,0,0,0,0,0,0,0,0,0
2305,0,0,normal,0,0,0,0,0,0,0,0,0,0,0
2306,0,0,normal,0,0,0,0,0,0,0,0,0,0,0
2307,0,0,normal,0,0,0,0,0,0,0,0,0,0,0
2311,0,0,normal,0,0,0,0,0,1,0,1,0,0,0
2312,2,1,congested,1,0,0,1,0,0,1,0,1,0,1
2313,0,0,normal,0,0,0,0,0,0,0,0,0,0,0
2314,0,0,normal,0,0,0,0,0,0,0,0,0,0,0
2315,0,0,normal,0,0,0,0,0,0,0,0,0,0,0
2316,0,0,normal,0,0,0,0,0,0,0,0,0,0,0
2317,0,0,normal,0,0,0,0,0,0,0,0,0,0,0
2318,2,1,congested,1,0,0,1,0,0,1,0,1,0,1
2319,0,0,normal,0,0,0,0,0,0,0,0,0,0,0
2320,0,0,normal,0,0,0,0,0,0,0,0,0,0,0
2321,0,0,normal,0,0,0,0,0,0,0,0,0,0,0
2322,0,0,normal,0,0,0,0,0,0,0,0,0,0,0
2323,0,0,normal,0,0,0,0,0,0,0,0,0,0,0
2324,0,0,normal,0,0,0,0,0,0,0,0,0,0,0
2325,0,0,normal,0,0,0,0,0,0,0,0,0,0,0
2326,0,0,normal,0,0,0,0,0,0,0,0,0,0,0
2327,0,0,normal,0,0,0,0,0,0,0,0,0,0,0
2328,2,1,congested,1,0,0,1,0,0,1,0,1,0,1
2329,0,0,normal,0,0,0,0,0,0,0,0,0,0,0
2330,0,0,normal,0,0,0,0,0,0,0,0,0,0,0
2331,0,0,normal,0,0,0,0,0,0,0,0,0,0,0
2332,0,0,normal,0,0,0,0,0,0,0,0,0,0,0
2333,0,0,normal,0,0,0,0,0,0,0,0,0,0,0
2334,0,0,normal,0,0,0,0,0,0,0,0,0,0,0
2335,0,0,normal,0,0,0,0,0,0,0,0,0,0,0
2336,0,0,normal,0,0,0,0,0,0,0,0,0,0,0
2337,0,0,normal,0,0,0,0,0,0,0,0,0,0,0
2338,0,0,normal,0,0,0,0,0,0,0,0,0,0,0
2339,0,0,normal,0,0,0,0,0,1,0,1,0,0,0
2340,0,0,normal,0,0,0,0,0,0,0,0,0,0,0
2341,0,0,normal,0,0,0,0,0,0,0,0,0,0,0
2342,0,0,normal,0,0,0,0,0,0,0,0,0,0,0
2343,0,0,normal,0,0,0,0,0,0,0,0,0,0,0
2348,0,0,normal,0,0,0,0,0,0,0,0,0,0,0
2349,0,0,normal,0,0,0,0,0,0,0,0,0,0,0
2350,0,0,normal,0,0,0,0,0,0,0,0,0,0,0
2351,0,0,normal,0,0,0,0,0,0,0,0,0,0,0
2352,0,0,normal,0,0,0,0,0,0,0,0,0,0,0
2353,0,0,normal,0,0,0,0,0,0,0,0,0,0,0
2354,0,0,normal,0,0,0,0,0,0,0,0,0,0,0
2355,0,0,normal,0,0,0,0,0,0,0,0,0,0,0
2356,0,0,normal,0,0,0,0,0,0,0,0,0,0,0
2357,0,0,normal,0,0,0,0,0,0,0,0,0,0,0
2358,0,0,normal,0,0,0,0,0,0,0,0,0,0,0
2359,0,0,normal,0,0,0,0,0,0,0,0,0,0,0
2360,0,0,normal,0,0,0,0,0,0,0,0,0,0,0
2361,0,0,normal,0,0,0,0,0,0,0,0,0,0,0
2362,0,0,normal,0,0,0,0,0,0,0,0,0,0,0
2363,0,0,normal,0,0,0,0,0,0,0,0,0,0,0
2364,0,0,normal,0,0,0,0,0,0,0,0,0,0,0
2365,2,1,congested,1,0,0,1,0,0,1,0,1,0,1
2366,0,0,normal,0,0,0,0,0,0,0,0,0,0,0
2367,0,0,normal,0,0,0,0,0,0,0,0,0,0,0
2368,0,0,normal,0,0,0,0,0,0,0,0,0,0,0
2369,0,0,normal,0,0,0,0,0,0,0,0,0,0,0
2370,0,0,normal,0,0,0,0,0,0,0,0,0,0,0
2371,0,0,normal,0,0,0,0,0,0,0,0,0,0,0
2372,0,0,normal,0,0,0,0,0,0,0,0,0,0,0
2373,0,0,normal,0,0,0,0,0,0,0,0,0,0,0
2374,0,0,normal,0,0,0,0,0,0,0,0,0,0,0
2375,0,0,normal,0,0,0,0,0,0,0,0,0,0,0
2376,0,0,normal,0,0,0,0,0,0,0,0,0,0,0
2377,0,0,normal,0,0,0,0,0,0,0,0,0,0,0
2378,0,0,normal,0,0,0,0,0,0,0,0,0,0,0
2379,0,0,normal,0,0,0,0,0,0,0,0,0,0,0
2384,0,0,normal,0,0,0,0,0,0,0,0,0,0,0
2385,0,0,normal,0,0,0,0,0,0,0,0,0,0,0
2386,0,0,normal,0,0,0,0,0,0,0,0,0,0,0
2387,0,0,normal,0,0,0,0,0,0,0,0,0,0,0
2388,0,0,normal,0,0,0,0,0,0,0,0,0,0,0
2389,0,0,normal,0,0,0,0,0,0,0,0,0,0,0
2390,0,0,normal,0,0,0,0,0,0,0,0,0,0,0
2391,0,0,normal,0,0,0,0,0,0,0,0,0,0,0
2393,0,0,normal,0,0,0,0,0,0,0,0,0,0,0
2394,0,0,normal,0,0,0,0,0,0,0,0,0,0,0
2396,0,0,normal,0,0,0,0,0,0,0,0,0,0,0
2397,0,0,normal,0,0,0,0,0,0,0,0,0,0,0
2398,0,0,normal,0,0,0,0,0,0,0,0,0,0,0
2399,0,0,normal,0,0,0,0,0,0,0,0,0,0,0
2400,0,0,normal,0,0,0,0,0,0,0,0,0,0,0
2401,0,0,normal,0,0,0,0,0,0,0,0,0,0,0
2402,0,0,normal,0,0,0,0,0,0,0,0,0,0,0
2403,0,0,normal,0,0,0,0,0,0,0,0,0,0,0
2404,0,0,normal,0,0,0,0,0,0,0,0,0,0,0
2405,0,0,normal,0,0,0,0,0,0,0,0,0,0,0
2406,0,0,normal,0,0,0,0,0,0,0,0,0,0,0
2407,0,0,normal,0,0,0,0,0,0,0,0,0,0,0
2408,0,0,normal,0,0,0,0,0,0,0,0,0,0,0
2409,0,0,normal,0,0,0,0,0,0,0,0,0,0,0
2410,0,0,normal,0,0,0,0,0,0,0,0,0,0,0
2411,0,0,normal,0,0,0,0,0,0,0,0,0,0,0
2412,0,0,normal,0,0,0,0,0,0,0,0,0,0,0
2413,0,0,normal,0,0,0,0,0,0,0,0,0,0,0
2414,0,0,normal,0,0,0,0,0,0,0,0,0,0,0
2417,2,1,congested,1,0,0,1,0,0,0,0,1,0,1
2419,0,0,normal,0,0,0,0,0,0,0,0,0,0,0
2420,2,1,congested,1,0,0,1,0,0,1,0,1,0,1
2421,0,0,normal,0,0,0,0,0,0,0,0,0,0,0
2422,0,0,normal,0,0,0,0,0,0,0,0,0,0,0
2423,0,0,normal,0,0,0,0,0,0,0,0,0,0,0
2424,0,0,normal,0,0,0,0,0,0,0,0,0,0,0
2425,0,0,normal,0,0,0,0,0,0,0,0,0,0,0
2426,0,0,normal,0,0,0,0,0,0,0,0,0,0,0
2427,0,0,normal,0,0,0,0,0,0,0,0,0,0,0
2428,0,0,normal,0,0,0,0,0,0,0,0,0,0,0
2429,0,0,normal,0,0,0,0,0,0,0,0,0,0,0
2430,0,0,normal,0,0,0,0,0,0,0,0,0,0,0
2431,0,0,normal,0,0,0,0,0,0,0,0,0,0,0
2432,0,0,normal,0,0,0,0,0,0,0,0,0,0,0
2433,0,0,normal,0,0,0,0,0,0,0,0,0,0,0
2434,0,0,normal,0,0,0,0,0,0,0,0,0,0,0
2435,0,0,normal,0,0,0,0,0,0,0,0,0,0,0
2436,0,0,normal,0,0,0,0,0,0,0,0,0,0,0
2437,0,0,normal,0,0,0,0,0,0,0,0,0,0,0
2438,0,0,normal,0,0,0,0,0,0,0,0,0,0,0
2439,0,0,normal,0,0,0,0,0,0,0,0,0,0,0
2440,0,0,normal,0,0,0,0,0,0,0,0,0,0,0
2441,0,0,normal,0,0,0,0,0,0,0,0,0,0,0
2442,0,0,normal,0,0,0,0,0,0,0,0,0,0,0
2443,0,0,normal,0,0,0,0,0,0,0,0,0,0,0
2444,0,0,normal,0,0,0,0,0,0,0,0,0,0,0
2445,0,0,normal,0,0,0,0,0,0,0,0,0,0,0
2446,0,0,normal,0,0,0,0,0,0,0,0,0,0,0
2447,0,0,normal,0,0,0,0,0,0,0,0,0,0,0
2448,0,0,normal,0,0,0,0,0,0,0,0,0,0,0
2449,0,0,normal,0,0,0,0,0,0,0,0,0,0,0
2450,0,0,normal,0,0,0,0,0,0,0,0,0,0,0
2451,0,0,normal,0,0,0,0,0,0,0,0,0,0,0
2455,0,0,normal,0,0,0,0,0,0,0,0,0,0,0
2456,0,0,normal,0,0,0,0,0,0,0,0,0,0,0
2457,0,0,normal,0,0,0,0,0,0,0,0,0,0,0
2458,0,0,normal,0,0,0,0,0,0,0,0,0,0,0
2459,0,0,normal,0,0,0,0,0,0,0,0,0,0,0
2460,0,0,normal,0,0,0,0,0,0,0,0,0,0,0
2461,0,0,normal,0,0,0,0,0,0,0,0,0,0,0
2462,0,0,normal,0,0,0,0,0,0,0,0,0,0,0
2463,0,0,normal,0,0,0,0,0,0,0,0,0,0,0
2464,0,0,normal,0,0,0,0,0,0,0,0,0,0,0
2465,0,0,normal,0,0,0,0,0,0,0,0,0,0,0
2466,0,0,normal,0,0,0,0,0,0,0,0,0,0,0
2467,0,0,normal,0,0,0,0,0,0,0,0,0,0,0
2468,0,0,normal,0,0,0,0,0,0,0,0,0,0,0
2469,0,0,normal,0,0,0,0,0,0,0,0,0,0,0
2470,0,0,normal,0,0,0,0,0,0,0,0,0,0,0
2471,0,0,normal,0,0,0,0,0,0,0,0,0,0,0
2472,0,0,normal,0,0,0,0,0,0,0,0,0,0,0
2473,0,0,normal,0,0,0,0,0,0,0,0,0,0,0
2474,0,0,normal,0,0,0,0,0,0,0,0,0,0,0
2475,0,0,normal,0,0,0,0,0,0,0,0,0,0,0
2476,0,0,normal,0,0,0,0,0,0,0,0,0,0,0
2477,0,0,normal,0,0,0,0,0,0,0,0,0,0,0
2478,0,0,normal,0,0,0,0,0,0,0,0,0,0,0
2479,0,0,normal,0,0,0,0,0,0,0,0,0,0,0
2480,0,0,normal,0,0,0,0,0,0,0,0,0,0,0
2481,0,0,normal,0,0,0,0,0,0,0,0,0,0,0
2482,0,0,normal,0,0,0,0,0,0,0,0,0,0,0
2483,0,0,normal,0,0,0,0,0,0,0,0,0,0,0
2484,0,0,normal,0,0,0,0,0,0,0,0,0,0,0
2485,0,0,normal,0,0,0,0,0,0,0,0,0,0,0
2486,0,0,normal,0,0,0,0,0,0,0,0,0,0,0
2487,0,0,normal,0,0,0,0,0,0,0,0,0,0,0
2491,0,0,normal,0,0,0,0,0,0,0,0,0,0,0
2492,0,0,normal,0,0,0,0,0,0,0,0,0,0,0
2493,0,0,normal,0,0,0,0,0,0,0,0,0,0,0
2494,0,0,normal,0,0,0,0,0,0,0,0,0,0,0
2495,0,0,normal,0,0,0,0,0,0,0,0,0,0,0
2496,0,0,normal,0,0,0,0,0,0,0,0,0,0,0
2497,0,0,normal,0,0,0,0,0,0,0,0,0,0,0
2498,0,0,normal,0,0,0,0,0,0,0,0,0,0,0
2499,0,0,normal,0,0,0,0,0,0,0,0,0,0,0
2500,0,0,normal,0,0,0,0,0,0,0,0,0,0,0
2501,0,0,normal,0,0,0,0,0,0,0,0,0,0,0
2502,0,0,normal,0,0,0,0,0,0,0,0,0,0,0
2503,0,0,normal,0,0,0,0,0,0,0,0,0,0,0
2504,0,0,normal,0,0,0,0,0,0,0,0,0,0,0
2505,0,0,normal,0,0,0,0,0,0,0,0,0,0,0
2506,0,0,normal,0,0,0,0,0,0,0,0,0,0,0
2507,0,0,normal,0,0,0,0,0,0,0,0,0,0,0
2508,2,1,congested,1,0,0,1,0,0,1,0,1,0,1
2509,2,1,congested,1,0,0,1,0,0,1,0,0,0,1
2510,2,1,congested,1,0,0,1,0,0,1,0,0,0,1
2511,2,1,congested,1,0,0,1,1,0,1,1,1,0,1
2512,2,1,congested,1,0,0,1,1,0,1,1,0,0,1
2513,2,1,congested,1,0,0,1,1,0,1,1,1,0,1
2514,2,1,congested,1,0,0,1,1,0,1,1,0,0,1
2515,2,1,congested,1,0,0,1,0,0,1,0,1,0,1
2516,2,1,congested,1,0,0,1,1,0,1,1,0,0,1
2517,2,1,congested,1,0,0,1,0,0,1,0,1,0,1
2518,2,1,congested,1,0,0,1,0,0,1,0,0,0,1
2519,2,1,congested,1,0,0,1,1,0,1,1,1,0,1
2520,2,1,congested,1,0,0,1,0,0,1,0,1,0,1
2521,2,1,congested,1,0,0,1,1,0,1,1,1,0,1
2522,2,1,congested,1,0,0,1,0,0,1,0,0,0,1
2523,2,1,congested,1,0,0,1,0,0,1,0,1,0,1
2524,2,1,congested,1,0,0,1,1,0,1,1,1,0,1
2525,2,1,congested,1,0,0,1,1,0,1,1,1,0,1
2526,2,1,congested,1,0,0,1,1,0,1,1,0,0,1
2527,2,1,congested,1,0,0,1,1,0,1,1,1,0,1
2528,2,1,congested,1,0,0,1,1,0,1,1,1,0,1
2529,2,1,congested,1,0,0,1,1,0,1,1,1,0,1
2530,2,1,congested,1,0,0,1,0,0,1,0,1,0,1
2531,2,1,congested,1,0,0,1,0,0,1,0,1,0,1
2532,2,1,congested,1,0,0,1,1,0,1,1,1,0,1
2533,2,1,congested,1,0,0,1,0,0,1,0,1,0,1
2534,2,1,congested,1,0,0,1,0,0,1,0,1,0,1
2535,2,1,congested,1,0,0,1,0,0,1,0,1,0,1
2536,2,1,congested,1,0,0,1,1,0,1,1,1,0,1
2537,2,1,congested,1,0,0,1,1,0,1,1,1,0,1
2538,2,1,congested,1,0,0,1,1,0,1,1,1,0,1
2539,2,1,congested,1,0,0,1,1,0,1,1,1,0,1
2540,2,1,congested,1,0,0,1,1,0,1,1,1,0,1
2541,2,1,congested,1,0,0,1,0,0,1,0,1,0,1
2542,2,1,congested,1,0,0,1,0,0,1,0,0,0,1
2543,2,1,congested,1,0,0,1,0,0,1,0,1,0,1
2544,2,1,congested,1,0,0,1,0,0,1,0,1,0,1
2545,2,1,congested,1,0,0,1,0,0,1,0,0,0,1
2546,2,1,congested,1,0,0,1,1,0,1,1,1,0,1
2547,2,1,congested,1,0,0,1,1,0,1,1,0,0,1
2548,2,1,congested,1,0,0,1,1,0,1,1,1,0,1
2549,2,1,congested,1,0,0,1,1,0,1,1,1,0,1
2550,2,1,congested,1,0,0,1,1,0,1,1,1,0,1
2551,2,1,congested,1,0,0,1,1,0,1,1,1,0,1
2552,2,1,congested,1,0,0,1,0,0,1,0,1,0,1
2553,2,1,congested,1,0,0,1,1,0,1,1,1,0,1
2554,2,1,congested,1,0,0,1,1,0,1,1,1,0,1
2555,2,1,congested,1,0,0,1,1,0,1,1,1,0,1
2556,2,1,congested,1,0,0,1,1,0,1,1,0,0,1
2557,2,1,congested,1,0,0,1,0,0,1,0,0,0,1
2558,2,1,congested,1,0,0,1,1,0,1,1,1,0,1
2559,2,1,congested,1,0,0,1,1,0,1,1,1,0,1
2560,2,1,congested,1,0,0,1,1,0,1,1,1,0,1
2561,2,1,congested,1,0,0,1,0,0,1,0,1,0,1
2562,2,1,congested,1,0,0,1,0,0,1,0,1,0,1
2563,2,1,congested,1,0,0,1,1,0,1,1,1,0,1
2564,2,1,congested,1,0,0,1,1,0,1,1,1,0,1
2565,2,1,congested,1,0,0,1,1,0,1,1,1,0,1
2566,2,1,congested,1,0,0,1,0,0,1,0,1,0,1
2567,2,1,congested,1,0,0,1,1,0,1,1,1,0,1
2568,2,1,congested,1,0,0,1,1,0,1,1,1,0,1
2569,2,1,congested,1,0,0,1,1,0,1,1,1,0,1
2570,2,1,congested,1,0,0,1,0,0,1,0,1,0,1
2571,2,1,congested,1,0,0,1,1,0,1,1,1,0,1
2572,2,1,congested,1,0,0,1,1,0,1,1,1,0,1
2573,2,1,congested,1,0,0,1,1,0,1,1,1,0,1
2574,2,1,congested,1,0,0,1,1,0,1,1,1,0,1
2575,2,1,congested,1,0,0,1,1,0,1,1,0,0,1
2576,2,1,congested,1,0,0,1,1,0,1,1,1,0,1
2577,2,1,congested,1,0,0,1,1,0,1,1,1,0,1
2578,2,1,congested,1,0,0,1,0,0,1,0,1,0,1
2579,2,1,congested,1,0,0,1,0,0,1,0,1,0,1
2580,2,1,congested,1,0,0,1,1,0,1,1,1,0,1
2581,2,1,congested,1,0,0,1,0,0,1,0,1,0,1
2582,2,1,congested,1,0,0,1,1,0,1,1,1,0,1
2583,2,1,congested,1,0,0,1,1,0,1,1,1,0,1
2584,2,1,congested,1,0,0,1,1,0,1,1,1,0,1
2585,2,1,congested,1,0,0,1,1,0,1,1,0,0,1
2586,2,1,congested,1,0,0,1,1,0,1,1,1,0,1
2587,2,1,congested,1,0,0,1,0,0,1,0,1,0,1
2588,2,1,congested,1,0,0,1,1,0,1,1,1,0,1
2589,2,1,congested,1,0,0,1,1,0,1,1,1,0,1
2590,2,1,congested,1,0,0,1,1,0,1,1,1,0,1
2591,2,1,congested,1,0,0,1,1,0,1,1,1,0,1
2592,2,1,congested,1,0,0,1,1,0,1,1,1,0,1
2593,2,1,congested,1,0,0,1,0,0,1,0,1,0,1
2594,2,1,congested,1,0,0,1,0,0,1,0,1,0,1
2595,2,1,congested,1,0,0,1,1,0,1,1,0,0,1
2596,2,1,congested,1,0,0,1,1,0,1,1,1,0,1
2597,2,1,congested,1,0,0,1,1,0,1,1,1,0,1
2598,2,1,congested,1,0,0,1,1,0,1,1,0,0,1
2599,2,1,congested,1,0,0,1,1,0,1,1,1,0,1
2600,2,1,congested,1,0,0,1,0,0,1,0,1,0,1
2601,2,1,congested,1,0,0,1,1,0,1,1,0,0,1
2602,2,1,congested,1,0,0,1,0,0,1,0,1,0,1
2603,2,1,congested,1,0,0,1,0,0,1,0,1,0,1
2604,2,1,congested,1,0,0,1,1,0,1,1,1,0,1
2605,2,1,congested,1,0,0,1,1,0,1,1,1,0,1
2606,2,1,congested,1,0,0,1,1,0,1,1,1,0,1
2607,2,1,congested,1,0,0,1,1,0,1,1,1,0,1
2608,2,1,congested,1,0,0,1,1,0,1,1,1,0,1
2609,2,1,congested,1,0,0,1,1,0,1,1,1,0,1
2610,2,1,congested,1,0,0,1,1,0,1,1,1,0,1
2611,2,1,congested,1,0,0,1,1,0,1,1,1,0,1
2612,2,1,congested,1,0,0,1,1,0,1,1,1,0,1
2613,2,1,congested,1,0,0,1,0,0,1,0,1,0,1
2614,2,1,congested,1,0,0,1,1,0,1,1,1,0,1
2615,2,1,congested,1,0,0,1,1,0,1,1,1,0,1
2616,2,1,congested,1,0,0,1,0,0,1,0,1,0,1
2617,2,1,congested,1,0,0,1,1,0,1,1,0,0,1
2618,2,1,congested,1,0,0,1,1,0,1,1,1,0,1
2619,2,1,congested,1,0,0,1,1,0,1,1,1,0,1
2620,2,1,congested,1,0,0,1,1,0,1,1,1,0,1
2621,2,1,congested,1,0,0,1,1,0,1,1,1,0,1
2622,2,1,congested,1,0,0,1,1,0,1,1,0,0,1
2623,2,1,congested,1,0,0,1,1,0,1,1,1,0,1
2624,2,1,congested,1,0,0,1,1,0,1,1,1,0,1
2625,2,1,congested,1,0,0,1,1,0,1,1,1,0,1
2626,2,1,congested,1,0,0,1,1,0,1,1,1,0,1
2627,2,1,congested,1,0,0,1,1,0,1,1,1,0,1
2628,2,1,congested,1,0,0,1,1,0,1,1,1,0,1
2629,2,1,congested,1,0,0,1,1,0,1,1,1,0,1
2630,2,1,congested,1,0,0,1,1,0,1,1,0,0,1
2631,2,1,congested,1,0,0,1,1,0,1,1,1,0,1
2632,2,1,congested,1,0,0,1,0,0,1,0,1,0,1
2633,2,1,congested,1,0,0,1,0,0,1,0,1,0,1
2634,2,1,congested,1,0,0,1,1,0,1,1,1,0,1
2635,2,1,congested,1,0,0,1,1,0,1,1,1,0,1
2636,2,1,congested,1,0,0,1,1,0,1,1,1,0,1
2637,2,1,congested,1,0,0,1,1,0,1,1,1,0,1
2638,2,1,congested,1,0,0,1,1,0,1,1,1,0,1
2639,2,1,congested,1,0,0,1,0,0,1,0,1,0,1
2640,2,1,congested,1,0,0,1,1,0,1,1,1,0,1
2641,2,1,congested,1,0,0,1,1,0,1,1,1,0,1
2642,2,1,congested,1,0,0,1,1,0,1,1,1,0,1
2643,2,1,congested,1,0,0,1,1,0,1,1,1,0,1
2644,2,1,congested,1,0,0,1,1,0,1,1,1,0,1
2645,2,1,congested,1,0,0,1,1,0,1,1,1,0,1
2646,2,1,congested,1,0,0,1,1,0,1,1,1,0,1
2647,2,1,congested,1,0,0,1,0,0,1,0,1,0,1
2648,2,1,congested,1,0,0,1,1,0,1,1,1,0,1
2649,2,1,congested,1,0,0,1,1,0,1,1,1,0,1
2650,2,1,congested,1,0,0,1,1,0,1,1,1,0,1
2651,2,1,congested,1,0,0,1,1,0,1,1,1,0,1
2652,2,1,congested,1,0,0,1,1,0,1,1,1,0,1
2653,2,1,congested,1,0,0,1,0,0,1,0,1,0,1
2654,2,1,congested,1,0,0,1,0,0,1,0,1,0,1
2655,2,1,congested,1,0,0,1,1,0,1,1,1,0,1
2656,2,1,congested,1,0,0,1,1,0,1,1,1,0,1
2657,2,1,congested,1,0,0,1,1,0,1,1,1,0,1
2658,2,1,congested,1,0,0,1,1,0,1,1,1,0,1
2659,2,1,congested,1,0,0,1,1,0,1,1,1,0,1
2660,2,1,congested,1,0,0,1,1,0,1,1,1,0,1
2661,2,1,congested,1,0,0,1,1,0,1,1,1,0,1
2662,2,1,congested,1,0,0,1,1,0,1,1,1,0,1
2663,2,1,congested,1,0,0,1,1,0,1,1,1,0,1
2664,2,1,congested,1,0,0,1,1,0,1,1,1,0,1
2665,2,1,congested,1,0,0,1,1,0,1,1,1,0,1
2666,2,1,congested,1,0,0,1,1,0,1,1,1,0,1
2667,2,1,congested,1,0,0,1,0,0,1,0,1,0,1
2668,2,1,congested,1,0,0,1,1,0,1,1,1,0,1
2669,2,1,congested,1,0,0,1,1,0,1,1,1,0,1
2670,2,1,congested,1,0,0,1,1,0,1,1,1,0,1
2671,2,1,congested,1,0,0,1,1,0,1,1,0,0,1
2672,2,1,congested,1,0,0,1,1,0,1,1,1,0,1
2673,2,1,congested,1,0,0,1,1,0,1,1,1,0,1
2674,2,1,congested,1,0,0,1,1,0,1,1,1,0,1
2675,2,1,congested,1,0,0,1,0,0,1,0,1,0,1
2676,2,1,congested,1,0,0,1,1,0,1,1,1,0,1
2677,2,1,congested,1,0,0,1,1,0,1,1,1,0,1
2678,2,1,congested,1,0,0,1,0,0,1,0,0,0,1
2679,2,1,congested,1,0,0,1,1,0,1,1,1,0,1
2680,2,1,congested,1,0,0,1,0,0,1,0,0,0,1
2681,2,1,congested,1,0,0,1,1,0,1,1,1,0,1
2682,2,1,congested,1,0,0,1,1,0,1,1,1,0,1
2683,2,1,congested,1,0,0,1,0,0,1,0,1,0,1
2684,2,1,congested,1,0,0,1,0,0,1,0,1,0,1
2685,2,1,congested,1,0,0,1,1,0,1,1,1,0,1
2686,2,1,congested,1,0,0,1,1,0,1,1,1,0,1
2687,2,1,congested,1,0,0,1,1,0,1,1,1,0,1
2688,2,1,congested,1,0,0,1,1,0,1,1,1,0,1
2689,2,1,congested,1,0,0,1,1,0,1,1,1,0,1
2690,2,1,congested,1,0,0,1,1,0,1,1,1,0,1
2691,2,1,congested,1,0,0,1,0,0,1,0,0,0,1
2692,2,1,congested,1,0,0,1,1,0,1,1,1,0,1
2693,2,1,congested,1,0,0,1,0,0,1,0,1,0,1
2694,2,1,congested,1,0,0,1,1,0,1,1,1,0,1
2695,2,1,congested,1,0,0,1,0,0,1,0,1,0,1
2696,2,1,congested,1,0,0,1,1,0,1,1,0,0,1
2697,2,1,congested,1,0,0,1,1,0,1,1,1,0,1
2698,2,1,congested,1,0,0,1,1,0,1,1,1,0,1
2699,2,1,congested,1,0,0,1,0,0,1,0,1,0,1
2700,2,1,congested,1,0,0,1,1,0,1,1,1,0,1
2701,2,1,congested,1,0,0,1,1,0,1,1,1,0,1
2702,2,1,congested,1,0,0,1,1,0,1,1,0,0,1
2703,2,1,congested,1,0,0,1,1,0,1,1,1,0,1
2704,2,1,congested,1,0,0,1,1,0,1,1,1,0,1
2705,2,1,congested,1,0,0,1,0,0,1,0,1,0,1
2706,2,1,congested,1,0,0,1,1,0,1,1,0,0,1
2707,2,1,congested,1,0,0,1,1,0,1,1,1,0,1
2708,2,1,congested,1,0,0,1,1,0,1,1,1,0,1
2709,2,1,congested,1,0,0,1,0,0,1,0,0,0,1
2710,2,1,congested,1,0,0,1,1,0,1,1,1,0,1
2711,2,1,congested,1,0,0,1,1,0,1,1,1,0,1
2712,2,1,congested,1,0,0,1,1,0,1,1,1,0,1
2713,2,1,congested,1,0,0,1,1,0,1,1,1,0,1
2714,2,1,congested,1,0,0,1,1,0,1,1,1,0,1
2715,1,1,onset,0,0,0,0,1,0,1,1,0,0,1
2716,2,1,congested,1,0,0,1,0,0,0,0,1,0,1
2717,2,1,congested,1,0,0,1,0,0,1,0,0,0,1
2718,2,1,congested,1,0,0,1,0,0,1,0,1,0,1
2719,2,1,congested,1,0,0,1,1,0,1,1,0,0,1
2720,2,1,congested,1,0,0,1,0,0,1,0,1,0,1
2721,2,1,congested,1,0,0,1,1,0,1,1,0,0,1
2722,2,1,congested,1,0,0,1,0,0,1,0,1,0,1
2723,2,1,congested,1,0,0,1,1,0,1,1,0,0,1
2724,2,1,congested,1,0,0,1,0,0,1,0,1,0,1
2725,2,1,congested,1,0,0,1,0,0,1,0,1,0,1
2726,2,1,congested,1,0,0,1,1,0,1,1,0,0,1
2727,2,1,congested,1,0,0,1,0,0,1,0,1,0,1
2728,2,1,congested,1,0,0,1,0,0,1,0,0,0,1
2738,2,1,congested,1,0,0,1,0,0,1,0,1,0,1
2740,2,1,congested,1,0,0,1,0,0,0,0,1,0,1
2767,2,1,congested,1,0,0,1,0,0,1,0,1,0,1
2772,2,1,congested,1,0,0,1,0,0,1,0,1,0,1
2775,2,1,congested,1,0,0,1,0,0,1,0,1,0,1
2805,2,1,congested,1,0,0,1,0,0,1,0,1,0,1
2819,2,1,congested,1,0,0,1,0,0,1,0,1,0,1
2835,2,1,congested,1,0,0,1,0,0,1,0,1,0,1
2843,2,1,congested,1,0,0,1,0,0,1,0,1,0,1
2860,2,1,congested,1,0,0,1,0,0,0,0,1,0,1
2885,2,1,congested,1,0,0,1,0,0,1,0,1,0,1
2891,2,1,congested,1,0,0,1,0,0,1,0,1,0,1
2896,2,1,congested,1,0,0,1,0,0,1,0,1,0,1
2917,2,1,congested,1,0,0,1,0,0,1,0,1,0,1
3005,2,1,congested,1,0,0,1,0,0,1,0,1,0,1
3006,2,1,congested,1,0,0,1,0,0,1,0,0,0,1
3007,2,1,congested,1,0,0,1,0,0,1,0,0,0,1
3008,2,1,congested,1,0,0,1,0,0,1,0,1,0,1
3009,2,1,congested,1,0,0,1,1,0,1,1,0,0,1
3010,2,1,congested,1,0,0,1,1,0,1,1,1,0,1
3011,2,1,congested,1,0,0,1,1,0,1,1,0,0,1
3012,2,1,congested,1,0,0,1,1,0,1,1,1,0,1
3013,0,0,normal,0,0,0,0,0,0,1,0,0,0,1
3014,2,1,congested,1,0,0,1,0,0,1,0,1,0,1
3015,2,1,congested,1,0,0,1,0,0,1,0,0,0,1
3016,2,1,congested,1,0,0,1,0,0,1,0,1,0,1
3017,2,1,congested,1,0,0,1,0,0,1,0,1,0,1
3018,2,1,congested,1,0,0,1,1,0,1,1,0,0,1
3019,2,1,congested,1,0,0,1,1,0,1,1,1,0,1
3020,2,1,congested,1,0,0,1,0,0,1,0,1,0,1
3021,2,1,congested,1,0,0,1,1,0,1,1,1,0,1
3022,2,1,congested,1,0,0,1,0,0,1,0,0,0,1
3023,2,1,congested,1,0,0,1,1,0,1,1,1,0,1
3024,2,1,congested,1,0,0,1,0,0,1,0,1,0,1
3025,2,1,congested,1,0,0,1,1,0,1,1,1,0,1
3026,2,1,congested,1,0,0,1,1,0,1,1,1,0,1
3027,2,1,congested,1,0,0,1,1,0,1,1,1,0,1
3028,2,1,congested,1,0,0,1,1,0,1,1,1,0,1
3029,2,1,congested,1,0,0,1,1,0,1,1,1,0,1
3030,2,1,congested,1,0,0,1,1,0,1,1,1,0,1
3031,2,1,congested,1,0,0,1,1,0,1,1,1,0,1
3032,2,1,congested,1,0,0,1,1,0,1,1,1,0,1
3033,2,1,congested,1,0,0,1,1,0,1,1,1,0,1
3034,2,1,congested,1,0,0,1,1,0,1,1,1,0,1
3035,2,1,congested,1,0,0,1,1,0,1,1,1,0,1
3036,2,1,congested,1,0,0,1,1,0,1,1,1,0,1
3037,2,1,congested,1,0,0,1,1,0,1,1,1,0,1
3038,2,1,congested,1,0,0,1,1,0,1,1,1,0,1
3039,2,1,congested,1,0,0,1,1,0,1,1,1,0,1
3040,2,1,congested,1,0,0,1,1,0,1,1,1,0,1
3041,2,1,congested,1,0,0,1,1,0,1,1,1,0,1
3042,2,1,congested,1,0,0,1,1,0,1,1,1,0,1
3043,2,1,congested,1,0,0,1,1,0,1,1,1,0,1
3044,2,1,congested,1,0,0,1,1,0,1,1,1,0,1
3045,2,1,congested,1,0,0,1,0,0,1,0,1,0,1
3046,2,1,congested,1,0,0,1,0,0,1,0,1,0,1
3047,2,1,congested,1,0,0,1,1,0,1,1,1,0,1
3048,2,1,congested,1,0,0,1,1,0,1,1,0,0,1
3049,2,1,congested,1,0,0,1,0,0,1,0,1,0,1
3050,2,1,congested,1,0,0,1,1,0,1,1,1,0,1
3051,2,1,congested,1,0,0,1,1,0,1,1,1,0,1
3052,2,1,congested,1,0,0,1,1,0,1,1,1,0,1
3053,2,1,congested,1,0,0,1,0,0,1,0,1,0,1
3054,2,1,congested,1,0,0,1,1,0,1,1,1,0,1
3055,2,1,congested,1,0,0,1,1,0,1,1,1,0,1
3056,2,1,congested,1,0,0,1,0,0,1,0,1,0,1
3057,2,1,congested,1,0,0,1,0,0,1,0,1,0,1
3058,2,1,congested,1,0,0,1,1,0,1,1,1,0,1
3059,2,1,congested,1,0,0,1,1,0,1,1,1,0,1
3060,2,1,congested,1,0,0,1,1,0,1,1,1,0,1
3061,2,1,congested,1,0,0,1,1,0,1,1,1,0,1
3062,2,1,congested,1,0,0,1,1,1,1,1,1,0,1
3063,2,1,congested,1,0,0,1,1,0,1,1,1,0,1
3064,2,1,congested,1,0,0,1,1,0,1,1,1,0,1
3065,2,1,congested,1,0,0,1,1,0,1,1,0,0,1
3066,2,1,congested,1,0,0,1,1,0,1,1,1,0,1
3067,2,1,congested,1,0,0,1,0,0,1,0,1,0,1
3068,2,1,congested,1,0,0,1,0,0,1,0,1,0,1
3069,2,1,congested,1,0,0,1,1,0,1,1,1,0,1
3070,2,1,congested,1,0,0,1,1,0,1,1,1,0,1
3071,2,1,congested,1,0,0,1,1,0,1,1,1,0,1
3072,2,1,congested,1,0,0,1,1,0,1,1,1,0,1
3073,2,1,congested,1,0,0,1,1,0,1,1,1,0,1
3074,2,1,congested,1,0,0,1,1,0,1,1,1,0,1
3075,2,1,congested,1,0,0,1,1,0,1,1,1,0,1
3076,2,1,congested,1,0,0,1,1,0,1,1,1,0,1
3077,2,1,congested,1,0,0,1,1,0,1,1,1,0,1
3078,2,1,congested,1,0,0,1,1,0,1,1,0,0,1
3079,2,1,congested,1,0,0,1,1,0,1,1,1,0,1
3080,2,1,congested,1,0,0,1,1,0,1,1,1,0,1
3081,2,1,congested,1,0,0,1,1,0,1,1,1,0,1
3082,2,1,congested,1,0,0,1,1,0,1,1,1,0,1
3083,2,1,congested,1,0,0,1,1,0,1,1,1,0,1
3084,2,1,congested,1,0,0,1,1,0,1,1,1,0,1
3085,2,1,congested,1,0,0,1,1,0,1,1,1,0,1
3086,2,1,congested,1,0,0,1,1,0,1,1,1,0,1
3087,2,1,congested,1,0,0,1,1,0,1,1,1,0,1
3088,2,1,congested,1,0,0,1,0,0,1,0,1,0,1
3089,2,1,congested,1,0,0,1,1,0,1,1,1,0,1
3090,2,1,congested,1,0,0,1,0,0,1,0,1,0,1
3091,2,1,congested,1,0,0,1,1,0,1,1,1,0,1
3092,2,1,congested,1,0,0,1,1,0,1,1,1,0,1
3093,2,1,congested,1,0,0,1,1,0,1,1,1,0,1
3094,2,1,congested,1,0,0,1,1,0,1,1,1,0,1
3095,2,1,congested,1,0,0,1,1,0,1,1,1,0,1
3096,2,1,congested,1,0,0,1,1,0,1,1,1,0,1
3097,2,1,congested,1,0,0,1,1,0,1,1,1,0,1
3098,2,1,congested,1,0,0,1,1,0,1,1,1,0,1
3099,2,1,congested,1,0,0,1,1,0,1,1,1,0,1
3100,2,1,congested,1,0,0,1,1,0,1,1,0,0,1
3101,2,1,congested,1,0,0,1,1,0,1,1,1,0,1
3102,2,1,congested,1,0,0,1,1,0,1,1,1,0,1
3103,2,1,congested,1,0,0,1,1,0,1,1,1,0,1
3104,2,1,congested,1,0,0,1,1,0,1,1,1,0,1
3105,2,1,congested,1,0,0,1,1,0,1,1,1,0,1
3106,2,1,congested,1,0,0,1,1,0,1,1,1,0,1
3107,2,1,congested,1,0,0,1,1,0,1,1,1,0,1
3108,2,1,congested,1,0,0,1,1,0,1,1,0,0,1
3109,2,1,congested,1,0,0,1,1,0,1,1,1,0,1
3110,2,1,congested,1,0,0,1,1,0,1,1,1,0,1
3111,2,1,congested,1,0,0,1,1,0,1,1,1,0,1
3112,2,1,congested,1,0,0,1,1,0,1,1,1,0,1
3113,2,1,congested,1,0,0,1,1,0,1,1,1,0,1
3114,2,1,congested,1,0,0,1,0,0,1,0,1,0,1
3115,2,1,congested,1,0,0,1,1,0,1,1,0,0,1
3116,2,1,congested,1,0,0,1,1,0,1,1,1,0,1
3117,2,1,congested,1,0,0,1,1,0,1,1,1,0,1
3118,2,1,congested,1,0,0,1,1,0,1,1,1,0,1
3119,2,1,congested,1,0,0,1,1,0,1,1,1,0,1
3120,2,1,congested,1,0,0,1,1,0,1,1,1,0,1
3121,2,1,congested,1,0,0,1,1,0,1,1,1,0,1
3122,2,1,congested,1,0,0,1,1,0,1,1,1,0,1
3123,2,1,congested,1,0,0,1,1,0,1,1,1,0,1
3124,2,1,congested,1,0,0,1,1,0,1,1,1,0,1
3125,2,1,congested,1,0,0,1,1,0,1,1,1,0,1
3126,2,1,congested,1,0,0,1,1,0,1,1,1,0,1
3127,2,1,congested,1,0,0,1,1,0,1,1,1,0,1
3128,2,1,congested,1,0,0,1,1,0,1,1,1,0,1
3129,2,1,congested,1,0,0,1,1,0,1,1,1,0,1
3130,2,1,congested,1,0,0,1,1,0,1,1,1,0,1
3131,2,1,congested,1,0,0,1,1,0,1,1,1,0,1
3132,2,1,congested,1,0,0,1,1,0,1,1,0,0,1
3133,2,1,congested,1,0,0,1,1,0,1,1,1,0,1
3134,2,1,congested,1,0,0,1,1,0,1,1,0,0,1
3135,2,1,congested,1,0,0,1,1,0,1,1,1,0,1
3136,2,1,congested,1,0,0,1,1,0,1,1,1,0,1
3137,2,1,congested,1,0,0,1,1,0,1,1,1,0,1
3138,2,1,congested,1,0,0,1,1,0,1,1,1,0,1
3139,2,1,congested,1,0,0,1,1,0,1,1,1,0,1
3140,2,1,congested,1,0,0,1,1,0,1,1,0,0,1
3141,2,1,congested,1,0,0,1,1,0,1,1,1,0,1
3142,2,1,congested,1,0,0,1,1,0,1,1,1,0,1
3143,2,1,congested,1,0,0,1,1,0,1,1,1,0,1
3144,2,1,congested,1,0,0,1,1,0,1,1,1,0,1
3145,2,1,congested,1,0,0,1,1,0,1,1,1,0,1
3146,2,1,congested,1,0,0,1,1,0,1,1,1,0,1
3147,2,1,congested,1,0,0,1,1,0,1,1,1,0,1
3148,2,1,congested,1,0,0,1,1,0,1,1,1,0,1
3149,2,1,congested,1,0,0,1,1,0,1,1,1,0,1
3150,2,1,congested,1,0,0,1,1,0,1,1,1,0,1
3151,2,1,congested,1,0,0,1,1,0,1,1,1,0,1
3152,2,1,congested,1,0,0,1,1,0,1,1,1,0,1
3153,2,1,congested,1,0,0,1,1,0,1,1,1,0,1
3154,2,1,congested,1,0,0,1,1,0,1,1,1,0,1
3155,2,1,congested,1,0,0,1,1,0,1,1,1,0,1
3156,2,1,congested,1,0,0,1,1,0,1,1,1,0,1
3157,2,1,congested,1,0,0,1,0,0,1,0,1,0,1
3158,2,1,congested,1,0,0,1,1,0,1,1,1,0,1
3159,2,1,congested,1,0,0,1,1,0,1,1,1,0,1
3160,2,1,congested,1,0,0,1,0,0,1,0,1,0,1
3161,2,1,congested,1,0,0,1,0,0,1,0,1,0,1
3162,2,1,congested,1,0,0,1,1,0,1,1,0,0,1
3163,2,1,congested,1,0,0,1,1,0,1,1,1,0,1
3164,2,1,congested,1,0,0,1,1,0,1,1,1,0,1
3165,2,1,congested,1,0,0,1,1,0,1,1,1,0,1
3166,2,1,congested,1,0,0,1,1,0,1,1,1,0,1
3167,2,1,congested,1,0,0,1,1,0,1,1,1,0,1
3168,2,1,congested,1,0,0,1,1,0,1,1,1,0,1
3169,2,1,congested,1,0,0,1,1,0,1,1,1,0,1
3170,2,1,congested,1,0,0,1,1,0,1,1,1,0,1
3171,2,1,congested,1,0,0,1,1,0,1,1,1,0,1
3172,2,1,congested,1,0,0,1,0,0,1,0,1,0,1
3173,2,1,congested,1,0,0,1,1,0,1,1,1,0,1
3174,2,1,congested,1,0,0,1,1,0,1,1,1,0,1
3175,2,1,congested,1,0,0,1,1,0,1,1,1,0,1
3176,2,1,congested,1,0,0,1,0,0,1,0,1,0,1
3177,2,1,congested,1,0,0,1,0,0,1,0,1,0,1
3178,2,1,congested,1,0,0,1,1,0,1,1,1,0,1
3179,2,1,congested,1,0,0,1,0,0,1,0,1,0,1
3180,2,1,congested,1,0,0,1,0,0,1,0,1,0,1
3181,2,1,congested,1,0,0,1,1,0,1,1,1,0,1
3182,2,1,congested,1,0,0,1,1,0,1,1,1,0,1
3183,2,1,congested,1,0,0,1,1,0,1,1,1,0,1
3184,2,1,congested,1,0,0,1,1,0,1,1,1,0,1
3185,2,1,congested,1,0,0,1,1,0,1,1,1,0,1
3186,2,1,congested,1,0,0,1,1,0,1,1,0,0,1
3187,2,1,congested,1,0,0,1,1,0,1,1,1,0,1
3188,2,1,congested,1,0,0,1,1,0,1,1,1,0,1
3189,2,1,congested,1,0,0,1,0,0,1,0,1,0,1
3190,2,1,congested,1,0,0,1,1,0,1,1,1,0,1
3191,2,1,congested,1,0,0,1,1,0,1,1,0,0,1
3192,2,1,congested,1,0,0,1,1,0,1,1,1,0,1
3193,2,1,congested,1,0,0,1,1,0,1,1,1,0,1
3194,2,1,congested,1,0,0,1,1,0,1,1,0,0,1
3195,2,1,congested,1,0,0,1,1,0,1,1,1,0,1
3196,2,1,congested,1,0,0,1,1,0,1,1,1,0,1
3197,2,1,congested,1,0,0,1,1,0,1,1,1,0,1
3198,2,1,congested,1,0,0,1,1,0,1,1,1,0,1
3199,2,1,congested,1,0,0,1,1,0,1,1,1,0,1
3200,2,1,congested,1,0,0,1,0,0,1,0,1,0,1
3201,2,1,congested,1,0,0,1,0,0,1,0,1,0,1
3202,2,1,congested,1,0,0,1,1,0,1,1,0,0,1
3203,2,1,congested,1,0,0,1,1,0,1,1,1,0,1
3204,2,1,congested,1,0,0,1,0,0,1,0,1,0,1
3205,2,1,congested,1,0,0,1,1,1,1,1,1,0,1
3206,2,1,congested,1,0,0,1,0,0,1,0,0,0,1
3207,2,1,congested,1,0,0,1,1,0,1,1,1,0,1
3208,2,1,congested,1,0,0,1,1,0,1,1,0,0,1
3209,2,1,congested,1,0,0,1,0,0,1,0,1,0,1
3210,2,1,congested,1,0,0,1,1,0,1,1,0,0,1
3211,2,1,congested,1,0,0,1,1,0,1,1,1,0,1
3212,2,1,congested,1,0,0,1,1,0,1,1,0,0,1
3213,2,1,congested,1,0,0,1,0,0,1,0,0,0,1
3214,2,1,congested,1,0,0,1,0,0,1,0,1,0,1
3215,2,1,congested,1,0,0,1,0,0,1,0,1,0,1
3216,2,1,congested,1,0,0,1,1,0,1,1,0,0,1
3217,2,1,congested,1,0,0,1,0,0,1,0,1,0,1
3218,0,0,normal,0,0,0,0,0,0,0,0,0,0,0
3219,2,1,congested,1,0,0,1,1,0,1,1,1,0,1
3220,0,0,normal,0,0,0,0,0,0,0,0,0,0,0
3221,2,1,congested,1,0,0,1,0,0,1,0,1,0,1
3222,0,0,normal,0,0,0,0,0,0,0,0,0,0,0
3223,0,0,normal,0,0,0,0,0,0,0,0,0,0,0
3224,0,0,normal,0,0,0,0,0,0,0,0,0,0,0
3225,0,0,normal,0,0,0,0,0,0,0,0,0,0,0
3226,0,0,normal,0,0,0,0,0,0,0,0,0,0,0
3227,0,0,normal,0,0,0,0,0,0,0,0,0,0,0
3228,0,0,normal,0,0,0,0,0,0,0,0,0,0,0
3229,0,0,normal,0,0,0,0,0,0,0,0,0,0,0
3230,0,0,normal,0,0,0,0,0,0,0,0,0,0,0
3232,0,0,normal,0,0,0,0,0,0,0,0,0,0,0
3233,0,0,normal,0,0,0,0,0,0,0,0,0,0,0
3234,0,0,normal,0,0,0,0,0,0,0,0,0,0,0
3236,2,1,congested,1,0,0,1,0,0,1,0,1,0,1
3237,2,1,congested,1,0,0,1,0,0,1,0,1,0,1
3242,0,0,normal,0,0,0,0,0,0,0,0,0,0,0
3243,0,0,normal,0,0,0,0,0,0,0,0,0,0,0
3244,2,1,congested,1,0,0,1,0,0,1,0,1,0,1
3245,0,0,normal,0,0,0,0,0,0,0,0,0,0,0
3246,0,0,normal,0,0,0,0,0,0,0,0,0,0,0
3247,0,0,normal,0,0,0,0,0,0,0,0,0,0,0
3248,0,0,normal,0,0,0,0,0,0,0,0,0,0,0
3249,0,0,normal,0,0,0,0,0,0,0,0,0,0,0
3250,0,0,normal,0,0,0,0,0,0,0,0,0,0,0
3251,0,0,normal,0,0,0,0,0,0,0,0,0,0,0
3252,2,1,congested,1,0,0,1,0,0,0,0,1,0,1
3253,2,1,congested,1,0,0,1,1,0,1,1,1,0,1
3254,0,0,normal,0,0,0,0,0,0,0,0,0,0,0
3255,0,0,normal,0,0,0,0,0,0,0,0,0,0,0
3256,0,0,normal,0,0,0,0,0,0,0,0,0,0,0
3257,0,0,normal,0,0,0,0,0,0,0,0,0,0,0
3258,0,0,normal,0,0,0,0,0,0,0,0,0,0,0
3259,0,0,normal,0,0,0,0,0,0,0,0,0,0,0
3260,0,0,normal,0,0,0,0,0,0,0,0,0,0,0
3261,0,0,normal,0,0,0,0,0,0,0,0,0,0,0
3262,0,0,normal,0,0,0,0,0,0,0,0,0,0,0
3263,0,0,normal,0,0,0,0,0,0,0,0,0,0,0
3264,0,0,normal,0,0,0,0,0,0,0,0,0,0,0
3265,0,0,normal,0,0,0,0,0,0,0,0,0,0,0
3266,0,0,normal,0,0,0,0,0,0,0,0,0,0,0
3267,0,0,normal,0,0,0,0,0,0,0,0,0,0,0
3268,0,0,normal,0,0,0,0,0,0,0,0,0,0,0
3269,0,0,normal,0,0,0,0,0,0,0,0,0,0,0
3270,0,0,normal,0,0,0,0,0,0,0,0,0,0,0
3271,0,0,normal,0,0,0,0,0,0,0,0,0,0,0
3272,0,0,normal,0,0,0,0,0,0,0,0,0,0,0
3273,0,0,normal,0,0,0,0,0,0,0,0,0,0,0
3278,2,1,congested,1,0,0,1,0,0,1,0,1,0,1
3279,0,0,normal,0,0,0,0,0,0,0,0,0,0,0
3280,0,0,normal,0,0,0,0,0,0,0,0,0,0,0
3281,0,0,normal,0,0,0,0,0,0,0,0,0,0,0
3282,0,0,normal,0,0,0,0,0,0,0,0,0,0,0
3283,0,0,normal,0,0,0,0,0,0,0,0,0,0,0
3284,0,0,normal,0,0,0,0,0,0,0,0,0,0,0
3285,0,0,normal,0,0,0,0,0,0,0,0,0,0,0
3286,0,0,normal,0,0,0,0,0,0,0,0,0,0,0
3287,0,0,normal,0,0,0,0,0,0,0,0,0,0,0
3288,0,0,normal,0,0,0,0,0,0,0,0,0,0,0
3289,0,0,normal,0,0,0,0,0,0,0,0,0,0,0
3290,0,0,normal,0,0,0,0,0,0,0,0,0,0,0
3291,0,0,normal,0,0,0,0,0,0,0,0,0,0,0
3292,0,0,normal,0,0,0,0,0,0,0,0,0,0,0
3293,0,0,normal,0,0,0,0,0,0,0,0,0,0,0
3294,0,0,normal,0,0,0,0,0,0,0,0,0,0,0
3295,0,0,normal,0,0,0,0,0,0,0,0,0,0,0
3296,0,0,normal,0,0,0,0,0,0,0,0,0,0,0
3297,0,0,normal,0,0,0,0,0,0,0,0,0,0,0
3299,0,0,normal,0,0,0,0,0,0,0,0,0,0,0
3300,0,0,normal,0,0,0,0,0,0,0,0,0,0,0
3301,0,0,normal,0,0,0,0,0,0,0,0,0,0,0
3302,0,0,normal,0,0,0,0,0,0,0,0,0,0,0
3303,0,0,normal,0,0,0,0,0,0,0,0,0,0,0
3304,0,0,normal,0,0,0,0,0,0,0,0,0,0,0
3305,0,0,normal,0,0,0,0,0,0,0,0,0,0,0
3306,0,0,normal,0,0,0,0,0,0,0,0,0,0,0
3307,0,0,normal,0,0,0,0,0,0,0,0,0,0,0
3308,0,0,normal,0,0,0,0,0,0,0,0,0,0,0
3313,0,0,normal,0,0,0,0,0,0,0,0,0,0,0
3314,0,0,normal,0,0,0,0,0,0,0,0,0,0,0
3315,0,0,normal,0,0,0,0,0,0,0,0,0,0,0
3316,0,0,normal,0,0,0,0,0,0,0,0,0,0,0
3317,0,0,normal,0,0,0,0,0,0,0,0,0,0,0
3318,0,0,normal,0,0,0,0,0,0,0,0,0,0,0
3319,0,0,normal,0,0,0,0,0,0,0,0,0,0,0
3320,0,0,normal,0,0,0,0,0,0,0,0,0,0,0
3321,0,0,normal,0,0,0,0,0,0,0,0,0,0,0
3322,0,0,normal,0,0,0,0,0,0,0,0,0,0,0
3323,0,0,normal,0,0,0,0,0,0,0,0,0,0,0
3324,0,0,normal,0,0,0,0,0,0,0,0,0,0,0
3325,2,1,congested,1,0,0,1,0,0,1,0,1,0,1
3326,0,0,normal,0,0,0,0,0,0,0,0,0,0,0
3327,0,0,normal,0,0,0,0,0,0,0,0,0,0,0
3328,0,0,normal,0,0,0,0,0,0,0,0,0,0,0
3329,0,0,normal,0,0,0,0,0,0,0,0,0,0,0
3330,0,0,normal,0,0,0,0,0,0,0,0,0,0,0
3331,0,0,normal,0,0,0,0,0,0,0,0,0,0,0
3333,0,0,normal,0,0,0,0,0,0,0,0,0,0,0
3334,0,0,normal,0,0,0,0,0,0,0,0,0,0,0
3335,0,0,normal,0,0,0,0,0,0,0,0,0,0,0
3336,0,0,normal,0,0,0,0,0,0,0,0,0,0,0
3337,0,0,normal,0,0,0,0,0,0,0,0,0,0,0
3338,0,0,normal,0,0,0,0,0,0,0,0,0,0,0
3339,0,0,normal,0,0,0,0,0,0,0,0,0,0,0
3340,0,0,normal,0,0,0,0,0,0,0,0,0,0,0
3341,0,0,normal,0,0,0,0,0,0,0,0,0,0,0
3342,0,0,normal,0,0,0,0,0,0,0,0,0,0,0
3343,0,0,normal,0,0,0,0,0,0,0,0,0,0,0
3344,2,1,congested,1,0,0,1,0,0,1,0,1,0,1
3345,0,0,normal,0,0,0,0,0,0,0,0,0,0,0
3349,2,1,congested,1,0,0,1,0,0,1,0,1,0,1
3350,0,0,normal,0,0,0,0,0,0,0,0,0,0,0
3351,0,0,normal,0,0,0,0,0,0,0,0,0,0,0
3352,0,0,normal,0,0,0,0,0,0,0,0,0,0,0
3353,0,0,normal,0,0,0,0,0,0,0,0,0,0,0
3354,0,0,normal,0,0,0,0,0,0,0,0,0,0,0
3355,0,0,normal,0,0,0,0,0,0,0,0,0,0,0
3356,2,1,congested,1,0,0,1,0,0,1,0,1,0,1
3357,0,0,normal,0,0,0,0,0,0,0,0,0,0,0
3358,0,0,normal,0,0,0,0,0,0,0,0,0,0,0
3359,0,0,normal,0,0,0,0,0,0,0,0,0,0,0
3360,0,0,normal,0,0,0,0,0,0,0,0,0,0,0
3361,0,0,normal,0,0,0,0,0,0,0,0,0,0,0
3362,0,0,normal,0,0,0,0,0,0,0,0,0,0,0
3363,0,0,normal,0,0,0,0,0,0,0,0,0,0,0
3364,0,0,normal,0,0,0,0,0,0,0,0,0,0,0
3366,0,0,normal,0,0,0,0,0,0,0,0,0,0,0
3367,0,0,normal,0,0,0,0,0,0,0,0,0,0,0
3368,2,1,congested,1,0,0,1,1,0,1,1,1,0,1
3369,0,0,normal,0,0,0,0,0,0,0,0,0,0,0
3370,0,0,normal,0,0,0,0,0,0,0,0,0,0,0
3372,0,0,normal,0,0,0,0,0,0,0,0,0,0,0
3373,0,0,normal,0,0,0,0,0,0,0,0,0,0,0
3374,0,0,normal,0,0,0,0,0,0,0,0,0,0,0
3375,0,0,normal,0,0,0,0,0,0,0,0,0,0,0
3376,0,0,normal,0,0,0,0,0,0,0,0,0,0,0
3377,0,0,normal,0,0,0,0,0,0,0,0,0,0,0
3378,0,0,normal,0,0,0,0,0,0,0,0,0,0,0
3379,2,1,congested,1,0,0,1,0,0,1,0,1,0,1
3380,0,0,normal,0,0,0,0,0,0,0,0,0,0,0
3381,0,0,normal,0,0,0,0,0,0,0,0,0,0,0
3385,0,0,normal,0,0,0,0,0,0,0,0,0,0,0
3386,2,1,congested,1,0,0,1,0,0,1,0,1,0,1
3387,0,0,normal,0,0,0,0,0,0,0,0,0,0,0
3389,0,0,normal,0,0,0,0,0,0,0,0,0,0,0
3390,0,0,normal,0,0,0,0,0,0,0,0,0,0,0
3391,0,0,normal,0,0,0,0,0,0,0,0,0,0,0
3392,0,0,normal,0,0,0,0,0,0,0,0,0,0,0
3393,0,0,normal,0,0,0,0,0,0,0,0,0,0,0
3394,0,0,normal,0,0,0,0,0,0,0,0,0,0,0
3395,0,0,normal,0,0,0,0,0,0,0,0,0,0,0
3396,2,1,congested,1,0,0,1,0,0,0,0,1,0,1
3397,0,0,normal,0,0,0,0,0,0,0,0,0,0,0
3398,0,0,normal,0,0,0,0,0,0,0,0,0,0,0
3399,0,0,normal,0,0,0,0,0,0,0,0,0,0,0
3400,0,0,normal,0,0,0,0,0,0,0,0,0,0,0
3401,0,0,normal,0,0,0,0,0,0,0,0,0,0,0
3402,0,0,normal,0,0,0,0,0,0,0,0,0,0,0
3403,0,0,normal,0,0,0,0,0,0,0,0,0,0,0
3404,0,0,normal,0,0,0,0,0,0,0,0,0,0,0
3405,0,0,normal,0,0,0,0,0,0,0,0,0,0,0
3406,0,0,normal,0,0,0,0,0,0,0,0,0,0,0
3407,0,0,normal,0,0,0,0,0,0,0,0,0,0,0
3408,0,0,normal,0,0,0,0,0,0,0,0,0,0,0
3409,0,0,normal,0,0,0,0,0,0,0,0,0,0,0
3410,0,0,normal,0,0,0,0,0,0,0,0,0,0,0
3411,0,0,normal,0,0,0,0,0,0,0,0,0,0,0
3412,0,0,normal,0,0,0,0,0,0,0,0,0,0,0
3413,0,0,normal,0,0,0,0,0,0,0,0,0,0,0
3414,0,0,normal,0,0,0,0,0,0,0,0,0,0,0
3415,2,1,congested,1,0,0,1,0,0,1,0,1,0,1
3416,0,0,normal,0,0,0,0,0,0,0,0,0,0,0
3421,0,0,normal,0,0,0,0,0,0,0,0,0,0,0
3422,0,0,normal,0,0,0,0,0,0,0,0,0,0,0
3423,0,0,normal,0,0,0,0,0,0,0,0,0,0,0
3424,0,0,normal,0,0,0,0,0,0,0,0,0,0,0
3425,0,0,normal,0,0,0,0,0,0,0,0,0,0,0
3426,0,0,normal,0,0,0,0,0,0,0,0,0,0,0
3427,0,0,normal,0,0,0,0,0,0,0,0,0,0,0
3428,0,0,normal,0,0,0,0,0,0,0,0,0,0,0
3429,0,0,normal,0,0,0,0,0,0,0,0,0,0,0
3430,0,0,normal,0,0,0,0,0,0,0,0,0,0,0
3431,0,0,normal,0,0,0,0,0,0,0,0,0,0,0
3432,0,0,normal,0,0,0,0,0,0,0,0,0,0,0
3433,0,0,normal,0,0,0,0,0,0,0,0,0,0,0
3434,0,0,normal,0,0,0,0,0,0,0,0,0,0,0
3435,0,0,normal,0,0,0,0,0,0,0,0,0,0,0
3436,0,0,normal,0,0,0,0,0,0,0,0,0,0,0
3437,0,0,normal,0,0,0,0,0,0,0,0,0,0,0
3438,0,0,normal,0,0,0,0,0,0,0,0,0,0,0
3439,0,0,normal,0,0,0,0,0,0,0,0,0,0,0
3440,0,0,normal,0,0,0,0,0,0,0,0,0,0,0
3441,0,0,normal,0,0,0,0,0,0,0,0,0,0,0
3442,0,0,normal,0,0,0,0,0,0,0,0,0,0,0
3443,0,0,normal,0,0,0,0,0,0,0,0,0,0,0
3444,0,0,normal,0,0,0,0,0,0,0,0,0,0,0
3445,0,0,normal,0,0,0,0,0,0,0,0,0,0,0
3446,0,0,normal,0,0,0,0,0,0,0,0,0,0,0
3447,0,0,normal,0,0,0,0,0,0,0,0,0,0,0
3448,0,0,normal,0,0,0,0,0,0,0,0,0,0,0
3449,0,0,normal,0,0,0,0,0,0,0,0,0,0,0
3450,0,0,normal,0,0,0,0,0,0,0,0,0,0,0
3451,0,0,normal,0,0,0,0,0,0,0,0,0,0,0
3452,0,0,normal,0,0,0,0,0,0,0,0,0,0,0
3457,0,0,normal,0,0,0,0,0,0,0,0,0,0,0
3458,0,0,normal,0,0,0,0,0,0,0,0,0,0,0
3459,0,0,normal,0,0,0,0,0,0,0,0,0,0,0
3460,0,0,normal,0,0,0,0,0,0,0,0,0,0,0
3461,0,0,normal,0,0,0,0,0,0,0,0,0,0,0
3462,0,0,normal,0,0,0,0,0,0,0,0,0,0,0
3463,0,0,normal,0,0,0,0,0,0,0,0,0,0,0
3464,0,0,normal,0,0,0,0,0,0,0,0,0,0,0
3465,0,0,normal,0,0,0,0,0,0,0,0,0,0,0
3466,0,0,normal,0,0,0,0,0,0,0,0,0,0,0
3467,0,0,normal,0,0,0,0,0,0,0,0,0,0,0
3468,0,0,normal,0,0,0,0,0,0,0,0,0,0,0
3469,0,0,normal,0,0,0,0,0,0,0,0,0,0,0
3470,0,0,normal,0,0,0,0,0,0,0,0,0,0,0
3471,0,0,normal,0,0,0,0,0,0,0,0,0,0,0
3472,0,0,normal,0,0,0,0,0,0,0,0,0,0,0
3473,0,0,normal,0,0,0,0,0,0,0,0,0,0,0
3474,0,0,normal,0,0,0,0,0,0,0,0,0,0,0
3475,0,0,normal,0,0,0,0,0,0,0,0,0,0,0
3476,0,0,normal,0,0,0,0,0,0,0,0,0,0,0
3477,0,0,normal,0,0,0,0,0,0,0,0,0,0,0
3478,0,0,normal,0,0,0,0,0,0,0,0,0,0,0
3479,0,0,normal,0,0,0,0,0,0,0,0,0,0,0
3480,0,0,normal,0,0,0,0,0,0,0,0,0,0,0
3481,0,0,normal,0,0,0,0,0,0,0,0,0,0,0
3482,0,0,normal,0,0,0,0,0,0,0,0,0,0,0
3483,0,0,normal,0,0,0,0,0,0,0,0,0,0,0
3484,0,0,normal,0,0,0,0,0,0,0,0,0,0,0
3485,0,0,normal,0,0,0,0,0,0,0,0,0,0,0
3486,0,0,normal,0,0,0,0,0,0,0,0,0,0,0
3487,0,0,normal,0,0,0,0,0,0,0,0,0,0,0
3488,0,0,normal,0,0,0,0,0,0,0,0,0,0,0
3493,0,0,normal,0,0,0,0,0,0,0,0,0,0,0
3494,0,0,normal,0,0,0,0,0,0,0,0,0,0,0
3495,0,0,normal,0,0,0,0,0,0,0,0,0,0,0
3496,0,0,normal,0,0,0,0,0,0,0,0,0,0,0
3497,0,0,normal,0,0,0,0,0,0,0,0,0,0,0
3498,0,0,normal,0,0,0,0,0,0,0,0,0,0,0
3499,0,0,normal,0,0,0,0,0,0,0,0,0,0,0
3500,0,0,normal,0,0,0,0,0,0,0,0,0,0,0
3501,0,0,normal,0,0,0,0,0,0,0,0,0,0,0
3502,0,0,normal,0,0,0,0,0,0,0,0,0,0,0
3503,0,0,normal,0,0,0,0,0,0,0,0,0,0,0
3504,0,0,normal,0,0,0,0,0,0,0,0,0,0,0
3505,0,0,normal,0,0,0,0,0,0,0,0,0,0,0
3506,0,0,normal,0,0,0,0,0,0,0,0,0,0,0
3507,0,0,normal,0,0,0,0,0,0,0,0,0,0,0
3508,0,0,normal,0,0,0,0,0,0,0,0,0,0,0
3509,0,0,normal,0,0,0,0,0,0,0,0,0,0,0
3510,0,0,normal,0,0,0,0,0,0,0,0,0,0,0
3511,0,0,normal,0,0,0,0,0,0,0,0,0,0,0
3512,0,0,normal,0,0,0,0,0,0,0,0,0,0,0
3513,0,0,normal,0,0,0,0,0,0,0,0,0,0,0
3514,0,0,normal,0,0,0,0,0,0,0,0,0,0,0
3522,2,1,congested,1,0,0,1,0,0,1,0,1,0,1
3523,2,1,congested,1,0,0,1,1,0,1,1,0,0,1
3524,2,1,congested,1,0,0,1,0,0,1,0,1,0,1
3525,2,1,congested,1,0,0,1,0,0,1,0,1,0,1
3526,2,1,congested,1,0,0,1,0,0,1,0,0,0,1
3527,2,1,congested,1,0,0,1,0,0,1,0,1,0,1
3528,2,1,congested,1,0,0,1,1,0,1,1,1,0,1
3529,2,1,congested,1,0,0,1,1,0,1,1,1,0,1
3530,2,1,congested,1,0,0,1,1,0,1,1,1,0,1
3531,2,1,congested,1,0,0,1,1,0,1,1,1,0,1
3532,2,1,congested,1,0,0,1,0,0,1,0,1,0,1
3533,2,1,congested,1,0,0,1,0,0,0,0,1,0,1
3534,2,1,congested,1,0,0,1,1,0,1,1,0,0,1
3535,2,1,congested,1,0,0,1,1,0,1,1,1,0,1
3536,2,1,congested,1,0,0,1,1,0,1,1,1,0,1
3537,2,1,congested,1,0,0,1,1,0,1,1,1,0,1
3538,2,1,congested,1,0,0,1,1,0,1,1,1,0,1
3539,2,1,congested,1,0,0,1,1,0,1,1,1,0,1
3540,2,1,congested,1,0,0,1,1,0,1,1,1,0,1
3541,2,1,congested,1,0,0,1,0,0,1,0,1,0,1
3542,2,1,congested,1,0,0,1,0,0,1,0,1,0,1
3543,2,1,congested,1,0,0,1,1,0,1,1,1,0,1
3544,2,1,congested,1,0,0,1,0,0,1,0,0,0,1
3545,2,1,congested,1,0,0,1,0,0,1,0,1,0,1
3546,2,1,congested,1,0,0,1,0,0,1,0,1,0,1
3547,2,1,congested,1,0,0,1,1,0,1,1,1,0,1
3548,2,1,congested,1,0,0,1,0,0,1,0,1,0,1
3549,2,1,congested,1,0,0,1,1,0,1,1,1,0,1
3550,2,1,congested,1,0,0,1,1,0,1,1,1,0,1
3551,2,1,congested,1,0,0,1,1,0,1,1,1,0,1
3552,2,1,congested,1,0,0,1,1,0,1,1,1,0,1
3553,2,1,congested,1,0,0,1,1,0,1,1,1,0,1
3554,2,1,congested,1,0,0,1,1,0,1,1,1,0,1
3555,2,1,congested,1,0,0,1,1,0,1,1,1,0,1
3556,2,1,congested,1,0,0,1,1,0,1,1,1,0,1
3557,2,1,congested,1,0,0,1,0,0,1,0,1,0,1
3558,2,1,congested,1,0,0,1,1,0,1,1,1,0,1
3559,2,1,congested,1,0,0,1,0,0,1,0,1,0,1
3560,2,1,congested,1,0,0,1,1,0,1,1,1,0,1
3561,2,1,congested,1,0,0,1,1,0,1,1,1,0,1
3562,2,1,congested,1,0,0,1,1,0,1,1,0,0,1
3563,2,1,congested,1,0,0,1,1,0,1,1,1,0,1
3564,2,1,congested,1,0,0,1,1,0,1,1,1,0,1
3565,2,1,congested,1,0,0,1,0,0,1,0,1,0,1
3566,2,1,congested,1,0,0,1,0,0,1,0,1,0,1
3567,2,1,congested,1,0,0,1,0,0,1,0,0,0,1
3568,2,1,congested,1,0,0,1,1,0,1,1,1,0,1
3569,2,1,congested,1,0,0,1,1,0,1,1,1,0,1
3570,2,1,congested,1,0,0,1,0,0,1,0,1,0,1
3571,2,1,congested,1,0,0,1,0,0,1,0,1,0,1
3572,2,1,congested,1,0,0,1,0,0,1,0,1,0,1
3573,2,1,congested,1,0,0,1,1,0,1,1,1,0,1
3574,2,1,congested,1,0,0,1,1,0,1,1,1,0,1
3575,2,1,congested,1,0,0,1,1,0,1,1,1,0,1
3576,2,1,congested,1,0,0,1,1,0,1,1,1,0,1
3577,2,1,congested,1,0,0,1,0,0,1,0,1,0,1
3578,2,1,congested,1,0,0,1,1,0,1,1,1,0,1
3579,2,1,congested,1,0,0,1,1,0,1,1,1,0,1
3580,2,1,congested,1,0,0,1,1,0,1,1,1,0,1
3581,2,1,congested,1,0,0,1,1,0,1,1,1,0,1
3582,2,1,congested,1,0,0,1,1,0,1,1,1,0,1
3583,2,1,congested,1,0,0,1,1,0,1,1,1,0,1
3584,2,1,congested,1,0,0,1,1,0,1,1,1,0,1
3585,2,1,congested,1,0,0,1,1,0,1,1,0,0,1
3586,2,1,congested,1,0,0,1,0,0,1,0,1,0,1
3587,2,1,congested,1,0,0,1,0,0,1,0,1,0,1
3588,2,1,congested,1,0,0,1,0,0,1,0,1,0,1
3589,2,1,congested,1,0,0,1,0,0,1,0,1,0,1
3590,2,1,congested,1,0,0,1,1,0,1,1,1,0,1
3591,2,1,congested,1,0,0,1,1,0,1,1,1,0,1
3592,2,1,congested,1,0,0,1,1,0,1,1,1,0,1
3593,2,1,congested,1,0,0,1,1,0,1,1,1,0,1
3594,2,1,congested,1,0,0,1,1,0,1,1,1,0,1
3595,2,1,congested,1,0,0,1,1,0,1,1,0,0,1
3596,2,1,congested,1,0,0,1,1,0,1,1,1,0,1
3597,2,1,congested,1,0,0,1,1,0,1,1,1,0,1
3598,2,1,congested,1,0,0,1,1,0,1,1,1,0,1
3599,2,1,congested,1,0,0,1,1,0,1,1,1,0,1
3600,2,1,congested,1,0,0,1,0,0,1,0,1,0,1
3601,2,1,congested,1,0,0,1,0,0,1,0,1,0,1
3602,2,1,congested,1,0,0,1,1,0,1,1,1,0,1
3603,2,1,congested,1,0,0,1,1,0,1,1,1,0,1
3604,2,1,congested,1,0,0,1,1,0,1,1,0,0,1
3605,2,1,congested,1,0,0,1,1,0,1,1,1,0,1
3606,2,1,congested,1,0,0,1,1,0,1,1,1,0,1
3607,2,1,congested,1,0,0,1,1,0,1,1,0,0,1
3608,2,1,congested,1,0,0,1,1,0,1,1,1,0,1
3609,2,1,congested,1,0,0,1,1,0,1,1,1,0,1
3610,2,1,congested,1,0,0,1,0,0,1,0,1,0,1
3611,2,1,congested,1,0,0,1,0,0,1,0,1,0,1
3612,2,1,congested,1,0,0,1,1,0,1,1,1,0,1
3613,2,1,congested,1,0,0,1,1,0,1,1,0,0,1
3614,2,1,congested,1,0,0,1,1,0,1,1,1,0,1
3615,2,1,congested,1,0,0,1,1,0,1,1,1,0,1
3616,2,1,congested,1,0,0,1,0,0,1,0,1,0,1
3617,2,1,congested,1,0,0,1,1,0,1,1,1,0,1
3618,2,1,congested,1,0,0,1,1,0,1,1,1,0,1
3619,2,1,congested,1,0,0,1,1,0,1,1,1,0,1
3620,2,1,congested,1,0,0,1,1,0,1,1,1,0,1
3621,2,1,congested,1,0,0,1,1,0,1,1,1,0,1
3622,2,1,congested,1,0,0,1,0,0,1,0,0,0,1
3623,2,1,congested,1,0,0,1,1,0,1,1,1,0,1
3624,2,1,congested,1,0,0,1,1,0,1,1,1,0,1
3625,2,1,congested,1,0,0,1,1,0,1,1,1,0,1
3626,2,1,congested,1,0,0,1,1,0,1,1,1,0,1
3627,2,1,congested,1,0,0,1,1,0,1,1,1,0,1
3628,2,1,congested,1,0,0,1,1,0,1,1,1,0,1
3629,2,1,congested,1,0,0,1,1,0,1,1,1,0,1
3630,2,1,congested,1,0,0,1,1,0,1,1,1,0,1
3631,2,1,congested,1,0,0,1,1,0,1,1,1,0,1
3632,2,1,congested,1,0,0,1,1,0,1,1,1,0,1
3633,2,1,congested,1,0,0,1,0,0,1,0,0,0,1
3634,2,1,congested,1,0,0,1,0,0,1,0,1,0,1
3635,2,1,congested,1,0,0,1,1,0,1,1,1,0,1
3636,2,1,congested,1,0,0,1,1,0,1,1,1,0,1
3637,2,1,congested,1,0,0,1,1,0,1,1,1,0,1
3638,2,1,congested,1,0,0,1,0,0,1,0,1,0,1
3639,2,1,congested,1,0,0,1,0,0,1,0,1,0,1
3640,2,1,congested,1,0,0,1,1,0,1,1,1,0,1
3641,2,1,congested,1,0,0,1,1,0,1,1,1,0,1
3642,2,1,congested,1,0,0,1,1,0,1,1,1,0,1
3643,2,1,congested,1,0,0,1,1,0,1,1,1,0,1
3644,2,1,congested,1,0,0,1,1,0,1,1,1,0,1
3645,2,1,congested,1,0,0,1,1,0,1,1,1,0,1
3646,2,1,congested,1,0,0,1,1,0,1,1,1,0,1
3647,2,1,congested,1,0,0,1,1,0,1,1,1,0,1
3648,2,1,congested,1,0,0,1,1,0,1,1,1,0,1
3649,2,1,congested,1,0,0,1,1,0,1,1,1,0,1
3650,2,1,congested,1,0,0,1,1,0,1,1,1,0,1
3651,2,1,congested,1,0,0,1,1,0,1,1,1,0,1
3652,2,1,congested,1,0,0,1,1,0,1,1,1,0,1
3653,2,1,congested,1,0,0,1,0,0,1,0,1,0,1
3654,2,1,congested,1,0,0,1,0,0,1,0,1,0,1
3655,2,1,congested,1,0,0,1,0,0,1,0,1,0,1
3656,2,1,congested,1,0,0,1,1,0,1,1,1,0,1
3657,2,1,congested,1,0,0,1,1,0,1,1,1,0,1
3658,2,1,congested,1,0,0,1,1,0,1,1,1,0,1
3659,2,1,congested,1,0,0,1,1,0,1,1,1,0,1
3660,2,1,congested,1,0,0,1,1,0,1,1,1,0,1
3661,2,1,congested,1,0,0,1,1,0,1,1,1,0,1
3662,2,1,congested,1,0,0,1,1,0,1,1,1,0,1
3663,2,1,congested,1,0,0,1,1,0,1,1,1,0,1
3664,2,1,congested,1,0,0,1,0,0,1,0,1,0,1
3665,2,1,congested,1,0,0,1,0,0,1,0,1,0,1
3666,2,1,congested,1,0,0,1,0,0,1,0,1,0,1
3667,2,1,congested,1,0,0,1,1,0,1,1,1,0,1
3668,2,1,congested,1,0,0,1,0,0,1,0,1,0,1
3669,2,1,congested,1,0,0,1,1,0,1,1,1,0,1
3670,2,1,congested,1,0,0,1,1,0,1,1,1,0,1
3671,2,1,congested,1,0,0,1,1,0,1,1,1,0,1
3672,2,1,congested,1,0,0,1,1,0,1,1,1,0,1
3673,2,1,congested,1,0,0,1,1,0,1,1,1,0,1
3674,2,1,congested,1,0,0,1,1,0,1,1,1,0,1
3675,2,1,congested,1,0,0,1,1,0,1,1,1,0,1
3676,2,1,congested,1,0,0,1,1,0,1,1,1,0,1
3677,2,1,congested,1,0,0,1,1,0,1,1,1,0,1
3678,2,1,congested,1,0,0,1,0,0,1,0,1,0,1
3679,2,1,congested,1,0,0,1,1,0,1,1,1,0,1
3680,2,1,congested,1,0,0,1,1,0,1,1,1,0,1
3681,2,1,congested,1,0,0,1,0,0,1,0,1,0,1
3682,2,1,congested,1,0,0,1,1,0,1,1,1,0,1
3683,2,1,congested,1,0,0,1,1,0,1,1,1,0,1
3684,2,1,congested,1,0,0,1,0,0,1,0,0,0,1
3685,2,1,congested,1,0,0,1,1,0,1,1,1,0,1
3686,2,1,congested,1,0,0,1,1,0,1,1,1,0,1
3687,2,1,congested,1,0,0,1,1,0,1,1,1,0,1
3688,2,1,congested,1,0,0,1,1,0,1,1,1,0,1
3689,2,1,congested,1,0,0,1,1,0,1,1,1,0,1
3690,2,1,congested,1,0,0,1,1,0,1,1,1,0,1
3691,2,1,congested,1,0,0,1,0,0,1,0,1,0,1
3692,2,1,congested,1,0,0,1,1,0,1,1,1,0,1
3693,2,1,congested,1,0,0,1,0,0,1,0,1,0,1
3694,2,1,congested,1,0,0,1,1,0,1,1,1,0,1
3695,1,1,onset,0,0,0,0,1,0,1,1,1,0,1
3696,2,1,congested,1,0,0,1,1,0,1,1,0,0,1
3697,0,0,normal,0,0,0,0,0,0,1,0,0,0,1
3698,2,1,congested,1,0,0,1,0,0,1,0,1,0,1
3700,2,1,congested,1,0,0,1,0,0,1,0,1,0,1
3701,2,1,congested,1,0,0,1,1,0,1,1,1,0,1
3702,2,1,congested,1,0,0,1,0,0,0,0,0,0,0
3706,2,1,congested,1,0,0,1,0,0,0,0,1,0,1
3713,2,1,congested,1,0,0,1,0,0,0,0,1,0,1
3716,2,1,congested,1,0,0,1,0,0,1,0,1,0,1
3720,2,1,congested,1,0,0,1,0,0,1,0,1,0,1
3731,2,1,congested,1,0,0,1,0,0,1,0,1,0,1
3742,2,1,congested,1,0,0,1,0,0,1,0,1,0,1
3745,2,1,congested,1,0,0,1,0,0,1,0,1,0,1
3751,2,1,congested,1,0,0,1,1,0,1,1,1,0,1
3752,2,1,congested,1,0,0,1,0,0,0,0,1,0,1
3760,2,1,congested,1,0,0,1,0,0,1,0,1,0,1
3768,2,1,congested,1,0,0,1,0,0,1,0,1,0,1
3769,2,1,congested,1,0,0,1,0,0,1,0,1,0,1
3774,2,1,congested,1,0,0,1,0,0,1,0,1,0,1
3812,2,1,congested,1,0,0,1,0,0,1,0,1,0,1
3819,2,1,congested,1,0,0,1,0,0,1,0,1,0,1
3823,2,1,congested,1,0,0,1,0,0,0,0,1,0,1
3825,2,1,congested,1,0,0,1,0,0,1,0,1,0,1
3837,2,1,congested,1,0,0,1,0,0,1,0,1,0,1
3841,2,1,congested,1,0,0,1,0,0,1,0,1,0,1
3852,2,1,congested,1,0,0,1,0,0,0,0,1,0,1
3853,2,1,congested,1,0,0,1,0,0,1,0,1,0,1
3861,2,1,congested,1,0,0,1,0,0,1,0,1,0,1
3887,2,1,congested,1,0,0,1,0,0,1,0,1,0,1
3892,2,1,congested,1,0,0,1,0,0,1,0,1,0,1
3902,2,1,congested,1,0,0,1,0,0,1,0,1,0,1
3906,2,1,congested,1,0,0,1,0,0,1,0,1,0,1
4006,2,1,congested,1,0,0,1,0,0,1,0,1,0,1
4007,2,1,congested,1,0,0,1,0,0,1,0,0,0,1
4008,2,1,congested,1,0,0,1,0,0,1,0,0,0,1
4009,2,1,congested,1,0,0,1,1,0,1,1,1,0,1
4010,2,1,congested,1,0,0,1,1,0,1,1,1,0,1
4011,2,1,congested,1,0,0,1,1,0,1,1,0,0,1
4012,2,1,congested,1,0,0,1,1,0,1,1,0,0,1
4013,2,1,congested,1,0,0,1,1,0,1,1,1,0,1
4014,2,1,congested,1,0,0,1,1,0,1,1,0,0,1
4015,2,1,congested,1,0,0,1,1,0,1,1,1,0,1
4016,2,1,congested,1,0,0,1,0,0,1,0,0,0,1
4017,2,1,congested,1,0,0,1,0,0,1,0,1,0,1
4018,2,1,congested,1,0,0,1,0,0,1,0,1,0,1
4019,2,1,congested,1,0,0,1,1,0,1,1,0,0,1
4020,2,1,congested,1,0,0,1,1,0,1,1,1,0,1
4021,2,1,congested,1,0,0,1,0,0,1,0,1,0,1
4022,2,1,congested,1,0,0,1,1,0,1,1,1,0,1
4023,2,1,congested,1,0,0,1,1,0,1,1,1,0,1
4024,2,1,congested,1,0,0,1,1,0,1,1,1,0,1
4025,2,1,congested,1,0,0,1,1,0,1,1,1,0,1
4026,2,1,congested,1,0,0,1,1,0,1,1,0,0,1
4027,2,1,congested,1,0,0,1,0,0,1,0,1,0,1
4028,2,1,congested,1,0,0,1,1,0,1,1,1,0,1
4029,2,1,congested,1,0,0,1,1,0,1,1,1,0,1
4030,2,1,congested,1,0,0,1,1,0,1,1,1,0,1
4031,2,1,congested,1,0,0,1,1,0,1,1,1,0,1
4032,2,1,congested,1,0,0,1,1,0,1,1,1,0,1
4033,2,1,congested,1,0,0,1,1,0,1,1,1,0,1
4034,2,1,congested,1,0,0,1,1,0,1,1,1,0,1
4035,2,1,congested,1,0,0,1,1,0,1,1,1,0,1
4036,2,1,congested,1,0,0,1,1,0,1,1,1,0,1
4037,2,1,congested,1,0,0,1,0,0,1,0,1,0,1
4038,2,1,congested,1,0,0,1,1,0,1,1,0,0,1
4039,2,1,congested,1,0,0,1,1,0,1,1,1,0,1
4040,2,1,congested,1,0,0,1,1,0,1,1,1,0,1
4041,2,1,congested,1,0,0,1,1,0,1,1,1,0,1
4042,2,1,congested,1,0,0,1,0,0,1,0,1,0,1
4043,2,1,congested,1,0,0,1,1,0,1,1,0,0,1
4044,2,1,congested,1,0,0,1,0,0,1,0,1,0,1
4045,2,1,congested,1,0,0,1,1,0,1,1,1,0,1
4046,2,1,congested,1,0,0,1,1,0,1,1,1,0,1
4047,2,1,congested,1,0,0,1,1,0,1,1,1,0,1
4048,2,1,congested,1,0,0,1,0,0,1,0,0,0,1
4049,2,1,congested,1,0,0,1,0,0,1,0,0,0,1
4050,2,1,congested,1,0,0,1,1,0,1,1,1,0,1
4051,2,1,congested,1,0,0,1,1,0,1,1,1,0,1
4052,2,1,congested,1,0,0,1,1,0,1,1,1,0,1
4053,2,1,congested,1,0,0,1,0,0,1,0,1,0,1
4054,2,1,congested,1,0,0,1,1,0,1,1,1,0,1
4055,2,1,congested,1,0,0,1,1,0,1,1,1,0,1
4056,2,1,congested,1,0,0,1,1,0,1,1,1,0,1
4057,2,1,congested,1,0,0,1,0,0,1,0,1,0,1
4058,2,1,congested,1,0,0,1,1,0,1,1,1,0,1
4059,2,1,congested,1,0,0,1,1,0,1,1,1,0,1
4060,2,1,congested,1,0,0,1,1,0,1,1,1,0,1
4061,2,1,congested,1,0,0,1,1,0,1,1,1,0,1
4062,2,1,congested,1,0,0,1,1,0,1,1,1,0,1
4063,2,1,congested,1,0,0,1,1,0,1,1,1,0,1
4064,2,1,congested,1,0,0,1,0,0,1,0,1,0,1
4065,2,1,congested,1,0,0,1,0,0,1,0,1,0,1
4066,2,1,congested,1,0,0,1,0,0,1,0,0,0,1
4067,2,1,congested,1,0,0,1,0,0,1,0,1,0,1
4068,2,1,congested,1,0,0,1,1,0,1,1,1,0,1
4069,2,1,congested,1,0,0,1,1,0,1,1,1,0,1
4070,2,1,congested,1,0,0,1,1,0,1,1,1,0,1
4071,2,1,congested,1,0,0,1,0,0,1,0,1,0,1
4072,2,1,congested,1,0,0,1,1,0,1,1,1,0,1
4073,2,1,congested,1,0,0,1,0,0,1,0,1,0,1
4074,2,1,congested,1,0,0,1,1,0,1,1,1,0,1
4075,2,1,congested,1,0,0,1,1,0,1,1,1,0,1
4076,2,1,congested,1,0,0,1,1,0,1,1,1,0,1
4077,2,1,congested,1,0,0,1,1,0,1,1,1,0,1
4078,2,1,congested,1,0,0,1,1,0,1,1,1,0,1
4079,2,1,congested,1,0,0,1,1,0,1,1,1,0,1
4080,2,1,congested,1,0,0,1,1,0,1,1,1,0,1
4081,2,1,congested,1,0,0,1,1,0,1,1,1,0,1
4082,2,1,congested,1,0,0,1,1,0,1,1,1,0,1
4083,2,1,congested,1,0,0,1,1,0,1,1,1,0,1
4084,2,1,congested,1,0,0,1,0,0,1,0,1,0,1
4085,2,1,congested,1,0,0,1,0,0,1,0,1,0,1
4086,2,1,congested,1,0,0,1,0,0,1,0,1,0,1
4087,2,1,congested,1,0,0,1,0,0,1,0,1,0,1
4088,2,1,congested,1,0,0,1,1,0,1,1,1,0,1
4089,2,1,congested,1,0,0,1,0,0,1,0,1,0,1
4090,2,1,congested,1,0,0,1,1,0,1,1,1,0,1
4091,2,1,congested,1,0,0,1,1,0,1,1,0,0,1
4092,2,1,congested,1,0,0,1,0,0,1,0,1,0,1
4093,2,1,congested,1,0,0,1,1,0,1,1,1,0,1
4094,2,1,congested,1,0,0,1,1,0,1,1,1,0,1
4095,2,1,congested,1,0,0,1,0,0,1,0,1,0,1
4096,2,1,congested,1,0,0,1,0,0,1,0,1,0,1
4097,2,1,congested,1,0,0,1,0,0,1,0,1,0,1
4098,2,1,congested,1,0,0,1,0,0,1,0,1,0,1
4099,2,1,congested,1,0,0,1,1,0,1,1,1,0,1
4100,2,1,congested,1,0,0,1,1,0,1,1,1,0,1
4101,2,1,congested,1,0,0,1,1,0,1,1,1,0,1
4102,2,1,congested,1,0,0,1,1,0,1,1,1,0,1
4103,2,1,congested,1,0,0,1,1,0,1,1,1,0,1
4104,2,1,congested,1,0,0,1,1,0,1,1,0,0,1
4105,2,1,congested,1,0,0,1,1,0,1,1,1,0,1
4106,2,1,congested,1,0,0,1,1,0,1,1,1,0,1
4107,2,1,congested,1,0,0,1,1,0,1,1,1,0,1
4108,2,1,congested,1,0,0,1,1,0,1,1,1,0,1
4109,2,1,congested,1,0,0,1,1,0,1,1,1,0,1
4110,2,1,congested,1,0,0,1,1,0,1,1,1,0,1
4111,2,1,congested,1,0,0,1,1,0,1,1,1,0,1
4112,2,1,congested,1,0,0,1,1,0,1,1,1,0,1
4113,2,1,congested,1,0,0,1,1,0,1,1,1,0,1
4114,2,1,congested,1,0,0,1,0,0,1,0,1,0,1
4115,2,1,congested,1,0,0,1,1,0,1,1,0,0,1
4116,2,1,congested,1,0,0,1,0,0,1,0,1,0,1
4117,2,1,congested,1,0,0,1,1,0,1,1,1,0,1
4118,2,1,congested,1,0,0,1,0,0,1,0,1,0,1
4119,2,1,congested,1,0,0,1,1,0,1,1,1,0,1
4120,2,1,congested,1,0,0,1,1,0,1,1,1,0,1
4121,2,1,congested,1,0,0,1,0,0,1,0,1,0,1
4122,2,1,congested,1,0,0,1,1,0,1,1,1,0,1
4123,2,1,congested,1,0,0,1,0,0,1,0,1,0,1
4124,2,1,congested,1,0,0,1,1,0,1,1,1,0,1
4125,2,1,congested,1,0,0,1,1,0,1,1,1,0,1
4126,2,1,congested,1,0,0,1,0,0,1,0,1,0,1
4127,2,1,congested,1,0,0,1,1,0,1,1,1,0,1
4128,2,1,congested,1,0,0,1,1,0,1,1,1,0,1
4129,2,1,congested,1,0,0,1,1,0,1,1,1,0,1
4130,2,1,congested,1,0,0,1,0,0,1,0,1,0,1
4131,2,1,congested,1,0,0,1,0,0,1,0,1,0,1
4132,2,1,congested,1,0,0,1,1,0,1,1,1,0,1
4133,2,1,congested,1,0,0,1,1,0,1,1,0,0,1
4134,2,1,congested,1,0,0,1,0,0,1,0,0,0,1
4135,2,1,congested,1,0,0,1,0,0,1,0,1,0,1
4136,2,1,congested,1,0,0,1,0,0,1,0,1,0,1
4137,2,1,congested,1,0,0,1,0,0,1,0,1,0,1
4138,2,1,congested,1,0,0,1,0,0,1,0,1,0,1
4139,2,1,congested,1,0,0,1,1,0,1,1,1,0,1
4140,2,1,congested,1,0,0,1,1,0,1,1,1,0,1
4141,2,1,congested,1,0,0,1,0,0,1,0,1,0,1
4142,2,1,congested,1,0,0,1,0,0,1,0,1,0,1
4143,2,1,congested,1,0,0,1,1,0,1,1,1,0,1
4144,2,1,congested,1,0,0,1,1,0,1,1,1,0,1
4145,2,1,congested,1,0,0,1,1,0,1,1,1,0,1
4146,2,1,congested,1,0,0,1,1,0,1,1,1,0,1
4147,2,1,congested,1,0,0,1,1,0,1,1,1,0,1
4148,2,1,congested,1,0,0,1,1,0,1,1,0,0,1
4149,2,1,congested,1,0,0,1,1,0,1,1,1,0,1
4150,2,1,congested,1,0,0,1,1,0,1,1,1,0,1
4151,2,1,congested,1,0,0,1,1,0,1,1,1,0,1
4152,2,1,congested,1,0,0,1,1,0,1,1,1,0,1
4153,2,1,congested,1,0,0,1,1,0,1,1,1,0,1
4154,2,1,congested,1,0,0,1,1,0,1,1,0,0,1
4155,2,1,congested,1,0,0,1,1,0,1,1,1,0,1
4156,2,1,congested,1,0,0,1,1,0,1,1,1,0,1
4157,2,1,congested,1,0,0,1,0,0,1,0,1,0,1
4158,2,1,congested,1,0,0,1,1,0,1,1,1,0,1
4159,2,1,congested,1,0,0,1,1,0,1,1,1,0,1
4160,2,1,congested,1,0,0,1,1,0,1,1,1,0,1
4161,2,1,congested,1,0,0,1,1,0,1,1,1,0,1
4162,2,1,congested,1,0,0,1,1,0,1,1,1,0,1
4163,2,1,congested,1,0,0,1,1,0,1,1,1,0,1
4164,2,1,congested,1,0,0,1,1,0,1,1,1,0,1
4165,2,1,congested,1,0,0,1,1,0,1,1,1,0,1
4166,2,1,congested,1,0,0,1,1,0,1,1,0,0,1
4167,2,1,congested,1,0,0,1,1,0,1,1,0,0,1
4168,2,1,congested,1,0,0,1,1,0,1,1,1,0,1
4169,2,1,congested,1,0,0,1,1,0,1,1,1,0,1
4170,2,1,congested,1,0,0,1,1,0,1,1,1,0,1
4171,2,1,congested,1,0,0,1,1,0,1,1,1,0,1
4172,2,1,congested,1,0,0,1,1,0,1,1,1,0,1
4173,2,1,congested,1,0,0,1,1,0,1,1,1,0,1
4174,2,1,congested,1,0,0,1,1,0,1,1,1,0,1
4175,2,1,congested,1,0,0,1,1,0,1,1,1,0,1
4176,2,1,congested,1,0,0,1,1,0,1,1,1,0,1
4177,2,1,congested,1,0,0,1,1,0,1,1,1,0,1
4178,2,1,congested,1,0,0,1,1,0,1,1,1,0,1
4179,2,1,congested,1,0,0,1,1,0,1,1,1,0,1
4180,2,1,congested,1,0,0,1,1,0,1,1,1,0,1
4181,2,1,congested,1,0,0,1,1,0,1,1,1,0,1
4182,2,1,congested,1,0,0,1,1,0,1,1,1,0,1
4183,2,1,congested,1,0,0,1,1,0,1,1,1,0,1
4184,2,1,congested,1,0,0,1,1,0,1,1,1,0,1
4185,2,1,congested,1,0,0,1,1,0,1,1,1,0,1
4186,2,1,congested,1,0,0,1,1,0,1,1,1,0,1
4187,2,1,congested,1,0,0,1,1,0,1,1,1,0,1
4188,2,1,congested,1,0,0,1,1,0,1,1,1,0,1
4189,2,1,congested,1,0,0,1,1,0,1,1,1,0,1
4190,2,1,congested,1,0,0,1,1,0,1,1,1,0,1
4191,2,1,congested,1,0,0,1,1,0,1,1,1,0,1
4192,2,1,congested,1,0,0,1,1,0,1,1,1,0,1
4193,2,1,congested,1,0,0,1,0,0,1,0,1,0,1
4194,2,1,congested,1,0,0,1,1,0,1,1,1,0,1
4195,2,1,congested,1,0,0,1,0,0,1,0,1,0,1
4196,2,1,congested,1,0,0,1,0,0,1,0,1,0,1
4197,2,1,congested,1,0,0,1,0,0,1,0,1,0,1
4198,2,1,congested,1,0,0,1,1,0,1,1,1,0,1
4199,2,1,congested,1,0,0,1,1,0,1,1,1,0,1
4200,2,1,congested,1,0,0,1,1,0,1,1,1,0,1
4201,2,1,congested,1,0,0,1,1,0,1,1,1,0,1
4202,2,1,congested,1,0,0,1,1,0,1,1,1,0,1
4203,2,1,congested,1,0,0,1,1,0,1,1,1,0,1
4204,2,1,congested,1,0,0,1,1,0,1,1,1,0,1
4205,2,1,congested,1,0,0,1,1,0,1,1,1,0,1
4206,2,1,congested,1,0,0,1,0,0,1,0,1,0,1
4207,0,0,normal,0,0,0,0,0,0,1,0,0,0,1
4208,2,1,congested,1,0,0,1,0,0,1,0,1,0,1
4209,2,1,congested,1,0,0,1,1,0,1,1,0,0,1
4210,2,1,congested,1,0,0,1,0,0,0,0,0,0,0
4211,2,1,congested,1,0,0,1,0,0,0,0,1,0,1
4212,2,1,congested,1,0,0,1,0,0,1,0,0,0,1
4213,0,0,normal,0,0,0,0,0,0,0,0,0,0,0
4214,2,1,congested,1,0,0,1,0,0,0,0,1,0,1
4215,2,1,congested,1,0,0,1,1,0,1,1,0,0,1
4216,2,1,congested,1,0,0,1,1,0,1,1,0,0,1
4217,2,1,congested,1,0,0,1,1,0,1,1,1,0,1
4218,2,1,congested,1,0,0,1,1,0,1,1,0,0,1
4219,2,1,congested,1,0,0,1,1,0,1,1,1,0,1
4220,0,0,normal,0,0,0,0,0,0,0,0,0,0,0
4221,0,0,normal,0,0,0,0,0,0,0,0,0,0,0
4222,0,0,normal,0,0,0,0,0,0,0,0,0,0,0
4223,0,0,normal,0,0,0,0,0,0,0,0,0,0,0
4224,0,0,normal,0,0,0,0,0,0,0,0,0,0,0
4225,0,0,normal,0,0,0,0,0,0,0,0,0,0,0
4226,0,0,normal,0,0,0,0,0,0,0,0,0,0,0
4227,0,0,normal,0,0,0,0,0,0,0,0,0,0,0
4228,0,0,normal,0,0,0,0,0,0,0,0,0,0,0
4229,0,0,normal,0,0,0,0,0,0,0,0,0,0,0
4230,0,0,normal,0,0,0,0,0,0,0,0,0,0,0
4231,0,0,normal,0,0,0,0,0,0,0,0,0,0,0
4232,0,0,normal,0,0,0,0,0,0,0,0,0,0,0
4233,0,0,normal,0,0,0,0,0,0,0,0,0,0,0
4234,0,0,normal,0,0,0,0,0,0,0,0,0,0,0
4235,0,0,normal,0,0,0,0,0,0,0,0,0,0,0
4236,0,0,normal,0,0,0,0,0,0,0,0,0,0,0
4238,2,1,congested,1,0,0,1,0,0,1,0,1,0,1
4239,0,0,normal,0,0,0,0,0,0,0,0,0,0,0
4243,0,0,normal,0,0,0,0,0,0,0,0,0,0,0
4244,0,0,normal,0,0,0,0,0,0,0,0,0,0,0
4245,0,0,normal,0,0,0,0,0,0,0,0,0,0,0
4246,0,0,normal,0,0,0,0,0,0,0,0,0,0,0
4247,0,0,normal,0,0,0,0,0,0,0,0,0,0,0
4248,0,0,normal,0,0,0,0,0,0,0,0,0,0,0
4249,0,0,normal,0,0,0,0,0,0,0,0,0,0,0
4250,0,0,normal,0,0,0,0,0,0,0,0,0,0,0
4251,0,0,normal,0,0,0,0,0,0,0,0,0,0,0
4252,0,0,normal,0,0,0,0,0,0,0,0,0,0,0
4253,0,0,normal,0,0,0,0,0,0,0,0,0,0,0
4254,0,0,normal,0,0,0,0,0,0,0,0,0,0,0
4255,0,0,normal,0,0,0,0,0,0,0,0,0,0,0
4256,0,0,normal,0,0,0,0,0,0,0,0,0,0,0
4257,0,0,normal,0,0,0,0,0,0,0,0,0,0,0
4258,0,0,normal,0,0,0,0,0,0,0,0,0,0,0
4259,0,0,normal,0,0,0,0,0,0,0,0,0,0,0
4260,0,0,normal,0,0,0,0,0,0,0,0,0,0,0
4261,0,0,normal,0,0,0,0,0,0,0,0,0,0,0
4262,0,0,normal,0,0,0,0,0,0,0,0,0,0,0
4263,0,0,normal,0,0,0,0,0,0,0,0,0,0,0
4264,0,0,normal,0,0,0,0,0,0,0,0,0,0,0
4265,0,0,normal,0,0,0,0,0,0,0,0,0,0,0
4266,0,0,normal,0,0,0,0,0,0,0,0,0,0,0
4267,0,0,normal,0,0,0,0,0,0,0,0,0,0,0
4268,0,0,normal,0,0,0,0,0,0,0,0,0,0,0
4269,0,0,normal,0,0,0,0,0,0,0,0,0,0,0
4270,0,0,normal,0,0,0,0,0,0,0,0,0,0,0
4271,0,0,normal,0,0,0,0,0,0,0,0,0,0,0
4272,0,0,normal,0,0,0,0,0,0,0,0,0,0,0
4273,0,0,normal,0,0,0,0,0,0,0,0,0,0,0
4274,0,0,normal,0,0,0,0,0,0,0,0,0,0,0
4275,0,0,normal,0,0,0,0,0,0,0,0,0,0,0
4276,2,1,congested,1,0,0,1,0,0,1,0,1,0,1
4279,2,1,congested,1,0,0,1,0,0,0,0,1,0,1
4280,0,0,normal,0,0,0,0,0,0,0,0,0,0,0
4281,0,0,normal,0,0,0,0,0,0,0,0,0,0,0
4282,0,0,normal,0,0,0,0,0,0,0,0,0,0,0
4283,0,0,normal,0,0,0,0,0,0,0,0,0,0,0
4284,0,0,normal,0,0,0,0,0,0,0,0,0,0,0
4285,0,0,normal,0,0,0,0,0,0,0,0,0,0,0
4286,0,0,normal,0,0,0,0,0,0,0,0,0,0,0
4287,0,0,normal,0,0,0,0,0,0,0,0,0,0,0
4288,0,0,normal,0,0,0,0,0,0,0,0,0,0,0
4289,2,1,congested,1,0,0,1,0,0,1,0,1,0,1
4290,0,0,normal,0,0,0,0,0,0,0,0,0,0,0
4291,0,0,normal,0,0,0,0,0,0,0,0,0,0,0
4292,0,0,normal,0,0,0,0,0,0,0,0,0,0,0
4293,0,0,normal,0,0,0,0,0,0,0,0,0,0,0
4294,0,0,normal,0,0,0,0,0,0,0,0,0,0,0
4295,0,0,normal,0,0,0,0,0,0,0,0,0,0,0
4296,0,0,normal,0,0,0,0,0,0,0,0,0,0,0
4297,0,0,normal,0,0,0,0,0,0,0,0,0,0,0
4298,0,0,normal,0,0,0,0,0,0,0,0,0,0,0
4299,0,0,normal,0,0,0,0,0,0,0,0,0,0,0
4300,0,0,normal,0,0,0,0,0,0,0,0,0,0,0
4301,0,0,normal,0,0,0,0,0,0,0,0,0,0,0
4302,0,0,normal,0,0,0,0,0,0,0,0,0,0,0
4303,0,0,normal,0,0,0,0,0,0,0,0,0,0,0
4304,0,0,normal,0,0,0,0,0,0,0,0,0,0,0
4305,0,0,normal,0,0,0,0,0,0,0,0,0,0,0
4306,2,1,congested,1,0,0,1,0,0,1,0,1,0,1
4307,0,0,normal,0,0,0,0,0,0,0,0,0,0,0
4308,0,0,normal,0,0,0,0,0,0,0,0,0,0,0
4309,0,0,normal,0,0,0,0,0,0,0,0,0,0,0
4310,0,0,normal,0,0,0,0,0,0,0,0,0,0,0
4315,0,0,normal,0,0,0,0,0,0,0,0,0,0,0
4316,0,0,normal,0,0,0,0,0,0,0,0,0,0,0
4317,0,0,normal,0,0,0,0,0,0,0,0,0,0,0
4318,0,0,normal,0,0,0,0,0,0,0,0,0,0,0
4319,0,0,normal,0,0,0,0,0,0,0,0,0,0,0
4320,0,0,normal,0,0,0,0,0,0,0,0,0,0,0
4321,0,0,normal,0,0,0,0,0,0,0,0,0,0,0
4322,0,0,normal,0,0,0,0,0,0,0,0,0,0,0
4323,0,0,normal,0,0,0,0,0,0,0,0,0,0,0
4324,0,0,normal,0,0,0,0,0,0,0,0,0,0,0
4325,0,0,normal,0,0,0,0,0,0,0,0,0,0,0
4326,0,0,normal,0,0,0,0,0,0,0,0,0,0,0
4327,0,0,normal,0,0,0,0,0,0,0,0,0,0,0
4328,0,0,normal,0,0,0,0,0,0,0,0,0,0,0
4329,0,0,normal,0,0,0,0,0,0,0,0,0,0,0
4330,2,1,congested,1,0,0,1,0,0,1,0,1,0,1
4331,0,0,normal,0,0,0,0,0,0,0,0,0,0,0
4332,0,0,normal,0,0,0,0,0,0,0,0,0,0,0
4333,2,1,congested,1,0,0,1,0,0,1,0,1,0,1
4334,0,0,normal,0,0,0,0,0,0,0,0,0,0,0
4335,0,0,normal,0,0,0,0,0,0,0,0,0,0,0
4336,0,0,normal,0,0,0,0,0,0,0,0,0,0,0
4337,0,0,normal,0,0,0,0,0,0,0,0,0,0,0
4338,2,1,congested,1,0,0,1,0,0,1,0,1,0,1
4339,0,0,normal,0,0,0,0,0,0,0,0,0,0,0
4340,0,0,normal,0,0,0,0,0,0,0,0,0,0,0
4341,0,0,normal,0,0,0,0,0,0,0,0,0,0,0
4342,0,0,normal,0,0,0,0,0,0,0,0,0,0,0
4343,0,0,normal,0,0,0,0,0,0,0,0,0,0,0
4344,2,1,congested,1,0,0,1,0,0,1,0,1,0,1
4345,0,0,normal,0,0,0,0,0,0,0,0,0,0,0
4346,0,0,normal,0,0,0,0,0,0,0,0,0,0,0
4351,0,0,normal,0,0,0,0,0,0,0,0,0,0,0
4354,0,0,normal,0,0,0,0,0,0,0,0,0,0,0
4355,0,0,normal,0,0,0,0,0,0,0,0,0,0,0
4356,2,1,congested,1,0,0,1,0,0,1,0,1,0,1
4357,2,1,congested,1,0,0,1,0,0,1,0,1,0,1
4358,0,0,normal,0,0,0,0,0,0,0,0,0,0,0
4359,0,0,normal,0,0,0,0,0,0,0,0,0,0,0
4360,0,0,normal,0,0,0,0,0,0,0,0,0,0,0
4361,0,0,normal,0,0,0,0,0,0,0,0,0,0,0
4362,0,0,normal,0,0,0,0,0,0,0,0,0,0,0
4363,0,0,normal,0,0,0,0,0,0,0,0,0,0,0
4364,0,0,normal,0,0,0,0,0,0,0,0,0,0,0
4365,0,0,normal,0,0,0,0,0,0,0,0,0,0,0
4366,0,0,normal,0,0,0,0,0,0,0,0,0,0,0
4367,0,0,normal,0,0,0,0,0,0,0,0,0,0,0
4368,0,0,normal,0,0,0,0,0,0,0,0,0,0,0
4369,0,0,normal,0,0,0,0,0,0,0,0,0,0,0
4370,0,0,normal,0,0,0,0,0,0,0,0,0,0,0
4371,0,0,normal,0,0,0,0,0,0,0,0,0,0,0
4372,0,0,normal,0,0,0,0,0,0,0,0,0,0,0
4373,0,0,normal,0,0,0,0,0,0,0,0,0,0,0
4374,0,0,normal,0,0,0,0,0,0,0,0,0,0,0
4375,0,0,normal,0,0,0,0,0,0,0,0,0,0,0
4376,0,0,normal,0,0,0,0,0,0,0,0,0,0,0
4377,0,0,normal,0,0,0,0,0,0,0,0,0,0,0
4378,0,0,normal,0,0,0,0,0,0,0,0,0,0,0
4379,0,0,normal,0,0,0,0,0,0,0,0,0,0,0
4380,0,0,normal,0,0,0,0,0,0,0,0,0,0,0
4381,0,0,normal,0,0,0,0,0,0,0,0,0,0,0
4382,2,1,congested,1,0,0,1,0,0,1,0,1,0,1
4387,0,0,normal,0,0,0,0,0,0,0,0,0,0,0
4388,2,1,congested,1,0,0,1,0,0,1,0,1,0,1
4389,2,1,congested,1,0,0,1,0,0,0,0,1,0,1
4390,0,0,normal,0,0,0,0,0,0,0,0,0,0,0
4391,0,0,normal,0,0,0,0,0,0,0,0,0,0,0
4392,0,0,normal,0,0,0,0,0,0,0,0,0,0,0
4393,0,0,normal,0,0,0,0,0,0,0,0,0,0,0
4394,0,0,normal,0,0,0,0,0,0,0,0,0,0,0
4395,2,1,congested,1,0,0,1,0,0,1,0,1,0,1
4396,0,0,normal,0,0,0,0,0,0,0,0,0,0,0
4397,0,0,normal,0,0,0,0,0,0,0,0,0,0,0
4398,0,0,normal,0,0,0,0,0,0,0,0,0,0,0
4399,0,0,normal,0,0,0,0,0,0,0,0,0,0,0
4400,0,0,normal,0,0,0,0,0,0,0,0,0,0,0
4401,0,0,normal,0,0,0,0,0,0,0,0,0,0,0
4402,0,0,normal,0,0,0,0,0,0,0,0,0,0,0
4403,0,0,normal,0,0,0,0,0,0,0,0,0,0,0
4404,0,0,normal,0,0,0,0,0,0,0,0,0,0,0
4405,0,0,normal,0,0,0,0,0,0,0,0,0,0,0
4406,0,0,normal,0,0,0,0,0,0,0,0,0,0,0
4407,0,0,normal,0,0,0,0,0,0,0,0,0,0,0
4408,0,0,normal,0,0,0,0,0,0,0,0,0,0,0
4409,0,0,normal,0,0,0,0,0,0,0,0,0,0,0
4410,0,0,normal,0,0,0,0,0,0,0,0,0,0,0
4411,0,0,normal,0,0,0,0,0,0,0,0,0,0,0
4412,0,0,normal,0,0,0,0,0,0,0,0,0,0,0
4413,0,0,normal,0,0,0,0,0,0,0,0,0,0,0
4414,0,0,normal,0,0,0,0,0,0,0,0,0,0,0
4415,0,0,normal,0,0,0,0,0,0,0,0,0,0,0
4416,0,0,normal,0,0,0,0,0,0,0,0,0,0,0
4417,0,0,normal,0,0,0,0,0,0,0,0,0,0,0
4418,0,0,normal,0,0,0,0,0,0,0,0,0,0,0
4422,0,0,normal,0,0,0,0,0,1,0,1,0,0,0
4423,0,0,normal,0,0,0,0,0,0,0,0,0,0,0
4424,0,0,normal,0,0,0,0,0,0,0,0,0,0,0
4425,0,0,normal,0,0,0,0,0,0,0,0,0,0,0
4426,0,0,normal,0,0,0,0,0,0,0,0,0,0,0
4427,0,0,normal,0,0,0,0,0,0,0,0,0,0,0
4428,0,0,normal,0,0,0,0,0,0,0,0,0,0,0
4429,0,0,normal,0,0,0,0,0,0,0,0,0,0,0
4430,0,0,normal,0,0,0,0,0,0,0,0,0,0,0
4431,0,0,normal,0,0,0,0,0,0,0,0,0,0,0
4432,0,0,normal,0,0,0,0,0,0,0,0,0,0,0
4433,0,0,normal,0,0,0,0,0,0,0,0,0,0,0
4434,0,0,normal,0,0,0,0,0,0,0,0,0,0,0
4435,0,0,normal,0,0,0,0,0,0,0,0,0,0,0
4436,0,0,normal,0,0,0,0,0,0,0,0,0,0,0
4437,0,0,normal,0,0,0,0,0,0,0,0,0,0,0
4438,0,0,normal,0,0,0,0,0,0,0,0,0,0,0
4439,0,0,normal,0,0,0,0,0,0,0,0,0,0,0
4440,0,0,normal,0,0,0,0,0,0,0,0,0,0,0
4441,0,0,normal,0,0,0,0,0,0,0,0,0,0,0
4442,0,0,normal,0,0,0,0,0,0,0,0,0,0,0
4443,0,0,normal,0,0,0,0,0,0,0,0,0,0,0
4444,0,0,normal,0,0,0,0,0,0,0,0,0,0,0
4445,0,0,normal,0,0,0,0,0,0,0,0,0,0,0
4446,0,0,normal,0,0,0,0,0,0,0,0,0,0,0
4447,0,0,normal,0,0,0,0,0,0,0,0,0,0,0
4448,0,0,normal,0,0,0,0,0,0,0,0,0,0,0
4449,0,0,normal,0,0,0,0,0,0,0,0,0,0,0
4450,0,0,normal,0,0,0,0,0,0,0,0,0,0,0
4451,0,0,normal,0,0,0,0,0,0,0,0,0,0,0
4452,0,0,normal,0,0,0,0,0,0,0,0,0,0,0
4453,0,0,normal,0,0,0,0,0,0,0,0,0,0,0
4454,0,0,normal,0,0,0,0,0,0,0,0,0,0,0
4458,0,0,normal,0,0,0,0,0,0,0,0,0,0,0
4459,0,0,normal,0,0,0,0,0,0,0,0,0,0,0
4460,0,0,normal,0,0,0,0,0,0,0,0,0,0,0
4461,0,0,normal,0,0,0,0,0,0,0,0,0,0,0
4462,0,0,normal,0,0,0,0,0,0,0,0,0,0,0
4463,0,0,normal,0,0,0,0,0,0,0,0,0,0,0
4464,0,0,normal,0,0,0,0,0,0,0,0,0,0,0
4465,0,0,normal,0,0,0,0,0,0,0,0,0,0,0
4466,0,0,normal,0,0,0,0,0,0,0,0,0,0,0
4467,0,0,normal,0,0,0,0,0,0,0,0,0,0,0
4468,0,0,normal,0,0,0,0,0,0,0,0,0,0,0
4469,0,0,normal,0,0,0,0,0,0,0,0,0,0,0
4470,0,0,normal,0,0,0,0,0,0,0,0,0,0,0
4471,0,0,normal,0,0,0,0,0,0,0,0,0,0,0
4472,0,0,normal,0,0,0,0,0,0,0,0,0,0,0
4473,0,0,normal,0,0,0,0,0,0,0,0,0,0,0
4474,0,0,normal,0,0,0,0,0,0,0,0,0,0,0
4475,0,0,normal,0,0,0,0,0,0,0,0,0,0,0
4476,0,0,normal,0,0,0,0,0,0,0,0,0,0,0
4477,0,0,normal,0,0,0,0,0,0,0,0,0,0,0
4478,0,0,normal,0,0,0,0,0,0,0,0,0,0,0
4479,0,0,normal,0,0,0,0,0,0,0,0,0,0,0
4480,0,0,normal,0,0,0,0,0,0,0,0,0,0,0
4481,0,0,normal,0,0,0,0,0,0,0,0,0,0,0
4482,0,0,normal,0,0,0,0,0,0,0,0,0,0,0
4483,0,0,normal,0,0,0,0,0,0,0,0,0,0,0
4484,0,0,normal,0,0,0,0,0,0,0,0,0,0,0
4485,0,0,normal,0,0,0,0,0,0,0,0,0,0,0
4486,0,0,normal,0,0,0,0,0,0,0,0,0,0,0
4487,0,0,normal,0,0,0,0,0,0,0,0,0,0,0
4488,0,0,normal,0,0,0,0,0,0,0,0,0,0,0
4489,0,0,normal,0,0,0,0,0,0,0,0,0,0,0
4490,0,0,normal,0,0,0,0,0,0,0,0,0,0,0
4494,0,0,normal,0,0,0,0,0,0,0,0,0,0,0
4495,0,0,normal,0,0,0,0,0,0,0,0,0,0,0
4496,0,0,normal,0,0,0,0,0,0,0,0,0,0,0
4497,0,0,normal,0,0,0,0,0,0,0,0,0,0,0
4498,0,0,normal,0,0,0,0,0,0,0,0,0,0,0
4499,0,0,normal,0,0,0,0,0,0,0,0,0,0,0
4500,0,0,normal,0,0,0,0,0,0,0,0,0,0,0
4501,0,0,normal,0,0,0,0,0,0,0,0,0,0,0
4502,0,0,normal,0,0,0,0,0,0,0,0,0,0,0
4503,0,0,normal,0,0,0,0,0,0,0,0,0,0,0
4504,0,0,normal,0,0,0,0,0,0,0,0,0,0,0
4505,0,0,normal,0,0,0,0,0,0,0,0,0,0,0
4506,0,0,normal,0,0,0,0,0,0,0,0,0,0,0
4507,0,0,normal,0,0,0,0,0,0,0,0,0,0,0
4508,0,0,normal,0,0,0,0,0,0,0,0,0,0,0
4509,0,0,normal,0,0,0,0,0,0,0,0,0,0,0
4510,0,0,normal,0,0,0,0,0,0,0,0,0,0,0
4511,2,1,congested,1,0,0,1,0,0,1,0,1,0,1
4512,2,1,congested,1,0,0,1,1,0,1,1,0,0,1
4513,2,1,congested,1,0,0,1,0,0,1,0,1,0,1
4514,2,1,congested,1,0,0,1,1,0,1,1,1,0,1
4515,2,1,congested,1,0,0,1,1,0,1,1,1,0,1
4516,2,1,congested,1,0,0,1,1,0,1,1,1,0,1
4517,2,1,congested,1,0,0,1,0,0,1,0,1,0,1
4518,2,1,congested,1,0,0,1,0,0,1,0,1,0,1
4519,2,1,congested,1,0,0,1,0,0,1,0,1,0,1
4520,2,1,congested,1,0,0,1,0,0,1,0,1,0,1
4521,2,1,congested,1,0,0,1,1,0,1,1,1,0,1
4522,2,1,congested,1,0,0,1,0,0,1,0,1,0,1
4523,2,1,congested,1,0,0,1,0,0,1,0,1,0,1
4524,2,1,congested,1,0,0,1,1,0,1,1,1,0,1
4525,2,1,congested,1,0,0,1,1,0,1,1,1,0,1
4526,2,1,congested,1,0,0,1,1,0,1,1,1,0,1
4527,2,1,congested,1,0,0,1,1,0,1,1,1,0,1
4528,2,1,congested,1,0,0,1,1,0,1,1,1,0,1
4529,2,1,congested,1,0,0,1,1,0,1,1,0,0,1
4530,2,1,congested,1,0,0,1,1,0,1,1,1,0,1
4531,2,1,congested,1,0,0,1,1,0,1,1,1,0,1
4532,2,1,congested,1,0,0,1,1,0,1,1,1,0,1
4533,2,1,congested,1,0,0,1,1,0,1,1,1,0,1
4534,2,1,congested,1,0,0,1,1,0,1,1,1,0,1
4535,2,1,congested,1,0,0,1,1,0,1,1,0,0,1
4536,2,1,congested,1,0,0,1,1,0,1,1,1,0,1
4537,2,1,congested,1,0,0,1,1,0,1,1,1,0,1
4538,2,1,congested,1,0,0,1,1,0,1,1,1,0,1
4539,2,1,congested,1,0,0,1,1,0,1,1,1,0,1
4540,2,1,congested,1,0,0,1,1,0,1,1,0,0,1
4541,2,1,congested,1,0,0,1,1,0,1,1,1,0,1
4542,2,1,congested,1,0,0,1,1,0,1,1,1,0,1
4543,2,1,congested,1,0,0,1,1,0,1,1,1,0,1
4544,2,1,congested,1,0,0,1,1,0,1,1,1,0,1
4545,2,1,congested,1,0,0,1,1,0,1,1,1,0,1
4546,2,1,congested,1,0,0,1,1,0,1,1,1,0,1
4547,2,1,congested,1,0,0,1,1,0,1,1,1,0,1
4548,2,1,congested,1,0,0,1,1,0,1,1,1,0,1
4549,2,1,congested,1,0,0,1,1,0,1,1,1,0,1
4550,2,1,congested,1,0,0,1,1,0,1,1,1,0,1
4551,2,1,congested,1,0,0,1,0,0,1,0,1,0,1
4552,2,1,congested,1,0,0,1,1,0,1,1,1,0,1
4553,2,1,congested,1,0,0,1,1,0,1,1,1,0,1
4554,2,1,congested,1,0,0,1,1,0,1,1,1,0,1
4555,2,1,congested,1,0,0,1,1,0,1,1,1,0,1
4556,2,1,congested,1,0,0,1,1,0,1,1,1,0,1
4557,2,1,congested,1,0,0,1,1,0,1,1,1,0,1
4558,2,1,congested,1,0,0,1,1,0,1,1,0,0,1
4559,2,1,congested,1,0,0,1,1,0,1,1,1,0,1
4560,2,1,congested,1,0,0,1,0,0,1,0,1,0,1
4561,2,1,congested,1,0,0,1,1,0,1,1,1,0,1
4562,2,1,congested,1,0,0,1,1,0,1,1,1,0,1
4563,2,1,congested,1,0,0,1,1,0,1,1,1,0,1
4564,2,1,congested,1,0,0,1,1,0,1,1,1,0,1
4565,2,1,congested,1,0,0,1,1,0,1,1,1,0,1
4566,2,1,congested,1,0,0,1,1,0,1,1,1,0,1
4567,2,1,congested,1,0,0,1,1,0,1,1,1,0,1
4568,2,1,congested,1,0,0,1,0,0,1,0,1,0,1
4569,2,1,congested,1,0,0,1,1,0,1,1,1,0,1
4570,2,1,congested,1,0,0,1,1,0,1,1,1,0,1
4571,2,1,congested,1,0,0,1,1,0,1,1,1,0,1
4572,2,1,congested,1,0,0,1,1,0,1,1,1,0,1
4573,2,1,congested,1,0,0,1,1,0,1,1,1,0,1
4574,2,1,congested,1,0,0,1,1,0,1,1,1,0,1
4575,2,1,congested,1,0,0,1,1,0,1,1,0,0,1
4576,2,1,congested,1,0,0,1,1,0,1,1,0,0,1
4577,2,1,congested,1,0,0,1,1,0,1,1,1,0,1
4578,2,1,congested,1,0,0,1,1,0,1,1,1,0,1
4579,2,1,congested,1,0,0,1,1,0,1,1,1,0,1
4580,2,1,congested,1,0,0,1,1,0,1,1,1,0,1
4581,2,1,congested,1,0,0,1,1,0,1,1,1,0,1
4582,2,1,congested,1,0,0,1,1,0,1,1,1,0,1
4583,2,1,congested,1,0,0,1,1,0,1,1,1,0,1
4584,2,1,congested,1,0,0,1,1,0,1,1,1,0,1
4585,2,1,congested,1,0,0,1,1,0,1,1,1,0,1
4586,2,1,congested,1,0,0,1,1,0,1,1,1,0,1
4587,2,1,congested,1,0,0,1,1,0,1,1,1,0,1
4588,2,1,congested,1,0,0,1,1,0,1,1,1,0,1
4589,2,1,congested,1,0,0,1,1,0,1,1,0,0,1
4590,2,1,congested,1,0,0,1,1,0,1,1,0,0,1
4591,2,1,congested,1,0,0,1,1,0,1,1,1,0,1
4592,2,1,congested,1,0,0,1,1,0,1,1,1,0,1
4593,2,1,congested,1,0,0,1,0,0,1,0,1,0,1
4594,2,1,congested,1,0,0,1,1,0,1,1,1,0,1
4595,2,1,congested,1,0,0,1,1,0,1,1,1,0,1
4596,2,1,congested,1,0,0,1,1,0,1,1,1,0,1
4597,2,1,congested,1,0,0,1,1,0,1,1,1,0,1
4598,2,1,congested,1,0,0,1,1,0,1,1,0,0,1
4599,2,1,congested,1,0,0,1,1,0,1,1,1,0,1
4600,2,1,congested,1,0,0,1,1,0,1,1,1,0,1
4601,2,1,congested,1,0,0,1,1,0,1,1,0,0,1
4602,2,1,congested,1,0,0,1,1,0,1,1,1,0,1
4603,2,1,congested,1,0,0,1,1,0,1,1,1,0,1
4604,2,1,congested,1,0,0,1,1,0,1,1,1,0,1
4605,2,1,congested,1,0,0,1,1,0,1,1,1,0,1
4606,2,1,congested,1,0,0,1,1,0,1,1,1,0,1
4607,2,1,congested,1,0,0,1,1,0,1,1,1,0,1
4608,2,1,congested,1,0,0,1,1,0,1,1,1,0,1
4609,2,1,congested,1,0,0,1,1,0,1,1,1,0,1
4610,2,1,congested,1,0,0,1,1,0,1,1,1,0,1
4611,2,1,congested,1,0,0,1,1,0,1,1,1,0,1
4612,2,1,congested,1,0,0,1,1,0,1,1,0,0,1
4613,2,1,congested,1,0,0,1,1,0,1,1,1,0,1
4614,2,1,congested,1,0,0,1,1,0,1,1,1,0,1
4615,2,1,congested,1,0,0,1,1,0,1,1,1,0,1
4616,2,1,congested,1,0,0,1,1,0,1,1,1,0,1
4617,2,1,congested,1,0,0,1,1,0,1,1,1,0,1
4618,2,1,congested,1,0,0,1,1,0,1,1,1,0,1
4619,2,1,congested,1,0,0,1,1,0,1,1,1,0,1
4620,2,1,congested,1,0,0,1,1,0,1,1,1,0,1
4621,2,1,congested,1,0,0,1,1,0,1,1,1,0,1
4622,2,1,congested,1,0,0,1,1,0,1,1,0,0,1
4623,2,1,congested,1,0,0,1,1,0,1,1,1,0,1
4624,2,1,congested,1,0,0,1,1,0,1,1,1,0,1
4625,2,1,congested,1,0,0,1,1,0,1,1,1,0,1
4626,2,1,congested,1,0,0,1,1,0,1,1,1,0,1
4627,2,1,congested,1,0,0,1,1,0,1,1,1,0,1
4628,2,1,congested,1,0,0,1,1,0,1,1,1,0,1
4629,2,1,congested,1,0,0,1,1,0,1,1,1,0,1
4630,2,1,congested,1,0,0,1,1,0,1,1,1,0,1
4631,2,1,congested,1,0,0,1,1,0,1,1,1,0,1
4632,2,1,congested,1,0,0,1,1,0,1,1,1,0,1
4633,2,1,congested,1,0,0,1,1,0,1,1,1,0,1
4634,2,1,congested,1,0,0,1,1,0,1,1,1,0,1
4635,2,1,congested,1,0,0,1,1,0,1,1,1,0,1
4636,2,1,congested,1,0,0,1,1,0,1,1,0,0,1
4637,2,1,congested,1,0,0,1,1,0,1,1,1,0,1
4638,2,1,congested,1,0,0,1,1,0,1,1,1,0,1
4639,2,1,congested,1,0,0,1,1,0,1,1,1,0,1
4640,2,1,congested,1,0,0,1,1,0,1,1,1,0,1
4641,2,1,congested,1,0,0,1,1,0,1,1,1,0,1
4642,2,1,congested,1,0,0,1,1,0,1,1,1,0,1
4643,2,1,congested,1,0,0,1,1,0,1,1,1,0,1
4644,2,1,congested,1,0,0,1,1,0,1,1,1,0,1
4645,2,1,congested,1,0,0,1,1,0,1,1,1,0,1
4646,2,1,congested,1,0,0,1,1,0,1,1,1,0,1
4647,2,1,congested,1,0,0,1,1,0,1,1,1,0,1
4648,2,1,congested,1,0,0,1,1,0,1,1,1,0,1
4649,2,1,congested,1,0,0,1,1,0,1,1,0,0,1
4650,2,1,congested,1,0,0,1,0,0,1,0,1,0,1
4651,2,1,congested,1,0,0,1,1,0,1,1,1,0,1
4652,2,1,congested,1,0,0,1,1,0,1,1,1,0,1
4653,2,1,congested,1,0,0,1,1,0,1,1,1,0,1
4654,2,1,congested,1,0,0,1,1,0,1,1,0,0,1
4655,2,1,congested,1,0,0,1,1,0,1,1,1,0,1
4656,2,1,congested,1,0,0,1,0,0,1,0,1,0,1
4657,2,1,congested,1,0,0,1,0,0,1,0,1,0,1
4658,2,1,congested,1,0,0,1,1,0,1,1,1,0,1
4659,2,1,congested,1,0,0,1,1,0,1,1,1,0,1
4660,2,1,congested,1,0,0,1,1,0,1,1,1,0,1
4661,2,1,congested,1,0,0,1,1,0,1,1,1,0,1
4662,2,1,congested,1,0,0,1,1,0,1,1,1,0,1
4663,2,1,congested,1,0,0,1,1,0,1,1,1,0,1
4664,2,1,congested,1,0,0,1,1,0,1,1,1,0,1
4665,2,1,congested,1,0,0,1,1,0,1,1,1,0,1
4666,2,1,congested,1,0,0,1,1,0,1,1,1,0,1
4667,2,1,congested,1,0,0,1,1,0,1,1,1,0,1
4668,2,1,congested,1,0,0,1,0,0,1,0,1,0,1
4669,2,1,congested,1,0,0,1,0,0,1,0,1,0,1
4670,2,1,congested,1,0,0,1,0,0,1,0,1,0,1
4671,2,1,congested,1,0,0,1,0,0,1,0,1,0,1
4672,2,1,congested,1,0,0,1,1,0,1,1,1,0,1
4673,2,1,congested,1,0,0,1,1,0,1,1,1,0,1
4674,2,1,congested,1,0,0,1,1,0,1,1,1,0,1
4675,2,1,congested,1,0,0,1,1,0,1,1,1,0,1
4676,2,1,congested,1,0,0,1,1,0,1,1,1,0,1
4677,2,1,congested,1,0,0,1,1,0,1,1,1,0,1
4678,2,1,congested,1,0,0,1,1,0,1,1,0,0,1
4679,2,1,congested,1,0,0,1,1,0,1,1,1,0,1
4680,2,1,congested,1,0,0,1,1,0,1,1,1,0,1
4681,2,1,congested,1,0,0,1,1,0,1,1,0,0,1
4682,0,0,normal,0,0,0,0,0,0,1,0,1,0,1
4683,2,1,congested,1,0,0,1,0,0,1,0,0,0,1
4692,2,1,congested,1,0,0,1,0,0,1,0,0,0,1
4698,2,1,congested,1,0,0,1,0,0,1,0,1,0,1
4708,2,1,congested,1,0,0,1,0,0,0,0,1,0,1
4712,2,1,congested,1,0,0,1,0,0,1,0,1,0,1
4729,2,1,congested,1,0,0,1,0,0,1,0,1,0,1
4765,2,1,congested,1,0,0,1,0,0,1,0,1,0,1
4768,2,1,congested,1,0,0,1,0,0,1,0,1,0,1
4771,2,1,congested,1,0,0,1,0,0,1,0,1,0,1
4804,2,1,congested,1,0,0,1,0,0,1,0,1,0,1
4806,2,1,congested,1,0,0,1,0,0,1,0,1,0,1
4813,2,1,congested,1,0,0,1,0,0,1,0,1,0,1
4822,2,1,congested,1,0,0,1,0,0,1,0,1,0,1
4825,2,1,congested,1,0,0,1,0,0,1,0,1,0,1
4828,2,1,congested,1,0,0,1,0,0,1,0,1,0,1
4869,2,1,congested,1,0,0,1,0,0,1,0,1,0,1
4882,2,1,congested,1,0,0,1,0,0,1,0,1,0,1
4884,2,1,congested,1,0,0,1,0,0,1,0,1,0,1
4894,2,1,congested,1,0,0,1,0,0,1,0,1,0,1
5000,2,1,congested,1,0,0,1,0,0,1,0,1,0,1
5001,2,1,congested,1,0,0,1,0,0,1,0,0,0,1
5002,2,1,congested,1,0,0,1,1,0,1,1,1,0,1
5003,2,1,congested,1,0,0,1,1,0,1,1,1,0,1
5004,2,1,congested,1,0,0,1,0,0,1,0,0,0,1
5005,2,1,congested,1,0,0,1,0,0,1,0,1,0,1
5006,2,1,congested,1,0,0,1,0,0,1,0,1,0,1
5007,2,1,congested,1,0,0,1,0,0,1,0,1,0,1
5008,2,1,congested,1,0,0,1,1,0,1,1,1,0,1
5009,2,1,congested,1,0,0,1,0,0,1,0,1,0,1
5010,2,1,congested,1,0,0,1,1,0,1,1,0,0,1
5011,2,1,congested,1,0,0,1,1,0,1,1,1,0,1
5012,2,1,congested,1,0,0,1,0,0,1,0,1,0,1
5013,2,1,congested,1,0,0,1,1,0,1,1,1,0,1
5014,2,1,congested,1,0,0,1,1,0,1,1,1,0,1
5015,2,1,congested,1,0,0,1,0,0,1,0,1,0,1
5016,2,1,congested,1,0,0,1,0,0,1,0,1,0,1
5017,2,1,congested,1,0,0,1,0,0,1,0,1,0,1
5018,2,1,congested,1,0,0,1,0,0,1,0,1,0,1
5019,2,1,congested,1,0,0,1,0,0,1,0,1,0,1
5020,2,1,congested,1,0,0,1,0,0,1,0,1,0,1
5021,2,1,congested,1,0,0,1,1,0,1,1,1,0,1
5022,2,1,congested,1,0,0,1,1,0,1,1,1,0,1
5023,2,1,congested,1,0,0,1,1,0,1,1,1,0,1
5024,2,1,congested,1,0,0,1,1,0,1,1,1,0,1
5025,2,1,congested,1,0,0,1,0,0,1,0,1,0,1
5026,2,1,congested,1,0,0,1,1,0,1,1,1,0,1
5027,2,1,congested,1,0,0,1,1,0,1,1,1,0,1
5028,2,1,congested,1,0,0,1,0,0,1,0,1,0,1
5029,2,1,congested,1,0,0,1,1,0,1,1,1,0,1
5030,2,1,congested,1,0,0,1,0,0,1,0,1,0,1
5031,2,1,congested,1,0,0,1,1,0,1,1,1,0,1
5032,2,1,congested,1,0,0,1,1,0,1,1,1,0,1
5033,2,1,congested,1,0,0,1,0,0,1,0,1,0,1
5034,2,1,congested,1,0,0,1,0,0,1,0,1,0,1
5035,2,1,congested,1,0,0,1,1,0,1,1,1,0,1
5036,2,1,congested,1,0,0,1,0,0,1,0,1,0,1
5037,2,1,congested,1,0,0,1,1,0,1,1,1,0,1
5038,2,1,congested,1,0,0,1,1,0,1,1,0,0,1
5039,2,1,congested,1,0,0,1,1,0,1,1,1,0,1
5040,2,1,congested,1,0,0,1,1,0,1,1,1,0,1
5041,2,1,congested,1,0,0,1,1,0,1,1,1,0,1
5042,2,1,congested,1,0,0,1,1,0,1,1,1,0,1
5043,2,1,congested,1,0,0,1,1,0,1,1,1,0,1
5044,2,1,congested,1,0,0,1,1,0,1,1,1,0,1
5045,2,1,congested,1,0,0,1,1,0,1,1,1,0,1
5046,2,1,congested,1,0,0,1,1,0,1,1,1,0,1
5047,2,1,congested,1,0,0,1,0,0,1,0,1,0,1
5048,2,1,congested,1,0,0,1,1,0,1,1,1,0,1
5049,2,1,congested,1,0,0,1,1,0,1,1,1,0,1
5050,2,1,congested,1,0,0,1,1,0,1,1,1,0,1
5051,2,1,congested,1,0,0,1,1,0,1,1,1,0,1
5052,2,1,congested,1,0,0,1,1,0,1,1,1,0,1
5053,2,1,congested,1,0,0,1,1,0,1,1,1,0,1
5054,2,1,congested,1,0,0,1,1,0,1,1,1,0,1
5055,2,1,congested,1,0,0,1,1,0,1,1,1,0,1
5056,2,1,congested,1,0,0,1,0,0,1,0,1,0,1
5057,2,1,congested,1,0,0,1,0,0,1,0,1,0,1
5058,2,1,congested,1,0,0,1,1,0,1,1,1,0,1
5059,2,1,congested,1,0,0,1,1,0,1,1,0,0,1
5060,2,1,congested,1,0,0,1,1,0,1,1,1,0,1
5061,2,1,congested,1,0,0,1,1,0,1,1,1,0,1
5062,2,1,congested,1,0,0,1,1,0,1,1,1,0,1
5063,2,1,congested,1,0,0,1,1,0,1,1,1,0,1
5064,2,1,congested,1,0,0,1,1,0,1,1,1,0,1
5065,2,1,congested,1,0,0,1,1,1,1,1,1,0,1
5066,2,1,congested,1,0,0,1,1,0,1,1,1,0,1
5067,2,1,congested,1,0,0,1,0,0,1,0,1,0,1
5068,2,1,congested,1,0,0,1,1,0,1,1,1,0,1
5069,2,1,congested,1,0,0,1,1,0,1,1,1,0,1
5070,2,1,congested,1,0,0,1,1,0,1,1,1,0,1
5071,2,1,congested,1,0,0,1,1,0,1,1,1,0,1
5072,2,1,congested,1,0,0,1,0,0,1,0,1,0,1
5073,2,1,congested,1,0,0,1,0,0,1,0,1,0,1
5074,2,1,congested,1,0,0,1,1,0,1,1,0,0,1
5075,2,1,congested,1,0,0,1,1,0,1,1,1,0,1
5076,2,1,congested,1,0,0,1,0,0,1,0,1,0,1
5077,2,1,congested,1,0,0,1,0,0,1,0,1,0,1
5078,2,1,congested,1,0,0,1,0,0,1,0,1,0,1
5079,2,1,congested,1,0,0,1,1,0,1,1,1,0,1
5080,2,1,congested,1,0,0,1,1,0,1,1,1,0,1
5081,2,1,congested,1,0,0,1,1,0,1,1,1,0,1
5082,2,1,congested,1,0,0,1,0,0,1,0,1,0,1
5083,2,1,congested,1,0,0,1,1,0,1,1,0,0,1
5084,2,1,congested,1,0,0,1,1,0,1,1,1,0,1
5085,2,1,congested,1,0,0,1,1,0,1,1,1,0,1
5086,2,1,congested,1,0,0,1,1,0,1,1,1,0,1
5087,2,1,congested,1,0,0,1,1,0,1,1,1,0,1
5088,2,1,congested,1,0,0,1,1,0,1,1,1,0,1
5089,2,1,congested,1,0,0,1,1,0,1,1,1,0,1
5090,2,1,congested,1,0,0,1,1,0,1,1,1,0,1
5091,2,1,congested,1,0,0,1,1,0,1,1,1,0,1
5092,2,1,congested,1,0,0,1,1,0,1,1,1,0,1
5093,2,1,congested,1,0,0,1,1,0,1,1,0,0,1
5094,2,1,congested,1,0,0,1,1,0,1,1,1,0,1
5095,2,1,congested,1,0,0,1,1,0,1,1,1,0,1
5096,2,1,congested,1,0,0,1,1,0,1,1,1,0,1
5097,2,1,congested,1,0,0,1,0,0,1,0,1,0,1
5098,2,1,congested,1,0,0,1,0,0,1,0,1,0,1
5099,2,1,congested,1,0,0,1,1,0,1,1,1,0,1
5100,2,1,congested,1,0,0,1,1,0,1,1,1,0,1
5101,2,1,congested,1,0,0,1,1,0,1,1,1,0,1
5102,2,1,congested,1,0,0,1,1,0,1,1,1,0,1
5103,2,1,congested,1,0,0,1,1,0,1,1,1,0,1
5104,2,1,congested,1,0,0,1,1,0,1,1,1,0,1
5105,2,1,congested,1,0,0,1,1,0,1,1,1,0,1
5106,2,1,congested,1,0,0,1,0,0,1,0,1,0,1
5107,2,1,congested,1,0,0,1,1,0,1,1,1,0,1
5108,2,1,congested,1,0,0,1,1,0,1,1,0,0,1
5109,2,1,congested,1,0,0,1,1,0,1,1,1,0,1
5110,2,1,congested,1,0,0,1,1,0,1,1,1,0,1
5111,2,1,congested,1,0,0,1,0,0,1,0,1,0,1
5112,2,1,congested,1,0,0,1,1,0,1,1,1,0,1
5113,2,1,congested,1,0,0,1,0,0,1,0,1,0,1
5114,2,1,congested,1,0,0,1,1,0,1,1,1,0,1
5115,2,1,congested,1,0,0,1,1,0,1,1,1,0,1
5116,2,1,congested,1,0,0,1,0,0,1,0,1,0,1
5117,2,1,congested,1,0,0,1,1,0,1,1,1,0,1
5118,2,1,congested,1,0,0,1,1,0,1,1,0,0,1
5119,2,1,congested,1,0,0,1,1,0,1,1,1,0,1
5120,2,1,congested,1,0,0,1,1,0,1,1,1,0,1
5121,2,1,congested,1,0,0,1,1,0,1,1,0,0,1
5122,2,1,congested,1,0,0,1,1,0,1,1,1,0,1
5123,2,1,congested,1,0,0,1,1,0,1,1,1,0,1
5124,2,1,congested,1,0,0,1,1,0,1,1,0,0,1
5125,2,1,congested,1,0,0,1,1,0,1,1,1,0,1
5126,2,1,congested,1,0,0,1,0,0,1,0,1,0,1
5127,2,1,congested,1,0,0,1,1,0,1,1,1,0,1
5128,2,1,congested,1,0,0,1,1,0,1,1,1,0,1
5129,2,1,congested,1,0,0,1,1,0,1,1,0,0,1
5130,2,1,congested,1,0,0,1,1,0,1,1,1,0,1
5131,2,1,congested,1,0,0,1,1,0,1,1,1,0,1
5132,2,1,congested,1,0,0,1,1,0,1,1,1,0,1
5133,2,1,congested,1,0,0,1,1,0,1,1,1,0,1
5134,2,1,congested,1,0,0,1,0,0,1,0,1,0,1
5135,2,1,congested,1,0,0,1,0,0,1,0,1,0,1
5136,2,1,congested,1,0,0,1,1,0,1,1,0,0,1
5137,2,1,congested,1,0,0,1,1,0,1,1,1,0,1
5138,2,1,congested,1,0,0,1,1,0,1,1,1,0,1
5139,2,1,congested,1,0,0,1,1,0,1,1,1,0,1
5140,2,1,congested,1,0,0,1,1,0,1,1,1,0,1
5141,2,1,congested,1,0,0,1,1,0,1,1,1,0,1
5142,2,1,congested,1,0,0,1,1,0,1,1,1,0,1
5143,2,1,congested,1,0,0,1,1,0,1,1,1,0,1
5144,2,1,congested,1,0,0,1,1,0,1,1,0,0,1
5145,2,1,congested,1,0,0,1,1,0,1,1,1,0,1
5146,2,1,congested,1,0,0,1,1,0,1,1,1,0,1
5147,2,1,congested,1,0,0,1,1,0,1,1,1,0,1
5148,2,1,congested,1,0,0,1,1,0,1,1,1,0,1
5149,2,1,congested,1,0,0,1,1,0,1,1,1,0,1
5150,2,1,congested,1,0,0,1,1,0,1,1,0,0,1
5151,2,1,congested,1,0,0,1,1,0,1,1,1,0,1
5152,2,1,congested,1,0,0,1,1,0,1,1,1,0,1
5153,2,1,congested,1,0,0,1,1,0,1,1,1,0,1
5154,2,1,congested,1,0,0,1,1,0,1,1,0,0,1
5155,2,1,congested,1,0,0,1,1,0,1,1,1,0,1
5156,2,1,congested,1,0,0,1,1,0,1,1,1,0,1
5157,2,1,congested,1,0,0,1,0,0,1,0,1,0,1
5158,2,1,congested,1,0,0,1,1,0,1,1,0,0,1
5159,2,1,congested,1,0,0,1,0,0,1,0,1,0,1
5160,2,1,congested,1,0,0,1,1,0,1,1,1,0,1
5161,2,1,congested,1,0,0,1,1,0,1,1,1,0,1
5162,2,1,congested,1,0,0,1,1,0,1,1,1,0,1
5163,2,1,congested,1,0,0,1,1,0,1,1,1,0,1
5164,2,1,congested,1,0,0,1,1,0,1,1,1,0,1
5165,2,1,congested,1,0,0,1,0,0,1,0,1,0,1
5166,2,1,congested,1,0,0,1,0,0,1,0,1,0,1
5167,2,1,congested,1,0,0,1,1,0,1,1,1,0,1
5168,2,1,congested,1,0,0,1,1,0,1,1,1,0,1
5169,2,1,congested,1,0,0,1,1,0,1,1,1,0,1
5170,2,1,congested,1,0,0,1,1,0,1,1,1,0,1
5171,2,1,congested,1,0,0,1,1,0,1,1,1,0,1
5172,2,1,congested,1,0,0,1,1,0,1,1,0,0,1
5173,2,1,congested,1,0,0,1,1,0,1,1,1,0,1
5174,2,1,congested,1,0,0,1,1,0,1,1,1,0,1
5175,2,1,congested,1,0,0,1,1,0,1,1,0,0,1
5176,2,1,congested,1,0,0,1,1,0,1,1,1,0,1
5177,2,1,congested,1,0,0,1,1,0,1,1,1,0,1
5178,2,1,congested,1,0,0,1,0,0,1,0,1,0,1
5179,2,1,congested,1,0,0,1,1,0,1,1,1,0,1
5180,2,1,congested,1,0,0,1,1,0,1,1,1,0,1
5181,2,1,congested,1,0,0,1,0,0,1,0,1,0,1
5182,2,1,congested,1,0,0,1,1,0,1,1,1,0,1
5183,2,1,congested,1,0,0,1,1,0,1,1,1,0,1
5184,2,1,congested,1,0,0,1,1,0,1,1,1,0,1
5185,2,1,congested,1,0,0,1,1,0,1,1,1,0,1
5186,2,1,congested,1,0,0,1,1,0,1,1,1,0,1
5187,2,1,congested,1,0,0,1,1,0,1,1,1,0,1
5188,2,1,congested,1,0,0,1,1,0,1,1,1,0,1
5189,2,1,congested,1,0,0,1,0,0,1,0,1,0,1
5190,2,1,congested,1,0,0,1,0,0,1,0,1,0,1
5191,2,1,congested,1,0,0,1,0,0,1,0,1,0,1
5192,2,1,congested,1,0,0,1,1,0,1,1,1,0,1
5193,2,1,congested,1,0,0,1,0,0,1,0,1,0,1
5194,2,1,congested,1,0,0,1,1,0,1,1,1,0,1
5195,2,1,congested,1,0,0,1,0,0,1,0,1,0,1
5196,2,1,congested,1,0,0,1,0,0,1,0,0,0,1
5197,2,1,congested,1,0,0,1,0,0,0,0,1,0,1
5198,2,1,congested,1,0,0,1,1,0,1,1,1,0,1
5199,2,1,congested,1,0,0,1,0,0,1,0,1,0,1
5200,2,1,congested,1,0,0,1,1,0,1,1,0,0,1
5201,2,1,congested,1,0,0,1,0,0,1,0,1,0,1
5202,2,1,congested,1,0,0,1,0,0,1,0,0,0,1
5203,2,1,congested,1,0,0,1,0,0,1,0,1,0,1
5204,2,1,congested,1,0,0,1,1,0,1,1,1,0,1
5205,2,1,congested,1,0,0,1,0,0,1,0,1,0,1
5206,2,1,congested,1,0,0,1,1,0,1,1,0,0,1
5208,2,1,congested,1,0,0,1,0,0,1,0,1,0,1
5210,0,0,normal,0,0,0,0,0,0,0,0,0,0,0
5212,2,1,congested,1,0,0,1,0,0,0,0,1,0,1
5213,0,0,normal,0,0,0,0,0,0,0,0,0,0,0
5214,0,0,normal,0,0,0,0,0,0,0,0,0,0,0
5216,0,0,normal,0,0,0,0,0,0,0,0,0,0,0
5217,0,0,normal,0,0,0,0,0,0,0,0,0,0,0
5218,0,0,normal,0,0,0,0,0,0,0,0,0,0,0
5220,0,0,normal,0,0,0,0,0,0,0,0,0,0,0
5221,0,0,normal,0,0,0,0,0,0,0,0,0,0,0
5222,0,0,normal,0,0,0,0,0,0,0,0,0,0,0
5224,0,0,normal,0,0,0,0,0,0,0,0,0,0,0
5225,0,0,normal,0,0,0,0,0,0,0,0,0,0,0
5226,0,0,normal,0,0,0,0,0,0,0,0,0,0,0
5227,0,0,normal,0,0,0,0,0,0,0,0,0,0,0
5228,2,1,congested,1,0,0,1,0,0,1,0,1,0,1
5229,0,0,normal,0,0,0,0,0,0,0,0,0,0,0
5230,0,0,normal,0,0,0,0,0,0,0,0,0,0,0
5231,0,0,normal,0,0,0,0,0,0,0,0,0,0,0
5232,2,1,congested,1,0,0,1,0,0,1,0,1,0,1
5233,0,0,normal,0,0,0,0,0,0,0,0,0,0,0
5234,0,0,normal,0,0,0,0,0,0,0,0,0,0,0
5235,2,1,congested,1,0,0,1,0,0,1,0,1,0,1
5236,0,0,normal,0,0,0,0,0,0,0,0,0,0,0
5237,0,0,normal,0,0,0,0,0,0,0,0,0,0,0
5238,0,0,normal,0,0,0,0,0,0,0,0,0,0,0
5239,0,0,normal,0,0,0,0,0,0,0,0,0,0,0
5240,0,0,normal,0,0,0,0,0,0,0,0,0,0,0
5245,0,0,normal,0,0,0,0,0,1,0,1,0,0,0
5246,0,0,normal,0,0,0,0,0,0,0,0,0,0,0
5247,0,0,normal,0,0,0,0,0,0,0,0,0,0,0
5248,2,1,congested,1,0,0,1,0,0,1,0,1,0,1
5249,0,0,normal,0,0,0,0,0,0,0,0,0,0,0
5250,0,0,normal,0,0,0,0,0,0,0,0,0,0,0
5251,0,0,normal,0,0,0,0,0,0,0,0,0,0,0
5252,0,0,normal,0,0,0,0,0,0,0,0,0,0,0
5253,0,0,normal,0,0,0,0,0,0,0,0,0,0,0
5254,0,0,normal,0,0,0,0,0,0,0,0,0,0,0
5256,0,0,normal,0,0,0,0,0,0,0,0,0,0,0
5257,0,0,normal,0,0,0,0,0,0,0,0,0,0,0
5258,0,0,normal,0,0,0,0,0,0,0,0,0,0,0
5259,0,0,normal,0,0,0,0,0,0,0,0,0,0,0
5260,0,0,normal,0,0,0,0,0,0,0,0,0,0,0
5261,0,0,normal,0,0,0,0,0,0,0,0,0,0,0
5264,0,0,normal,0,0,0,0,0,0,0,0,0,0,0
5265,0,0,normal,0,0,0,0,0,0,0,0,0,0,0
5266,0,0,normal,0,0,0,0,0,0,0,0,0,0,0
5267,0,0,normal,0,0,0,0,0,0,0,0,0,0,0
5268,2,1,congested,1,0,0,1,0,0,1,0,1,0,1
5269,0,0,normal,0,0,0,0,0,0,0,0,0,0,0
5270,2,1,congested,1,0,0,1,0,0,1,0,1,0,1
5271,0,0,normal,0,0,0,0,0,0,0,0,0,0,0
5272,0,0,normal,0,0,0,0,0,0,0,0,0,0,0
5273,0,0,normal,0,0,0,0,0,0,0,0,0,0,0
5274,0,0,normal,0,0,0,0,0,0,0,0,0,0,0
5275,0,0,normal,0,0,0,0,0,0,0,0,0,0,0
5276,0,0,normal,0,0,0,0,0,0,0,0,0,0,0
5281,0,0,normal,0,0,0,0,0,0,0,0,0,0,0
5282,0,0,normal,0,0,0,0,0,0,0,0,0,0,0
5283,2,1,congested,1,0,0,1,0,0,1,0,1,0,1
5284,0,0,normal,0,0,0,0,0,0,0,0,0,0,0
5285,2,1,congested,1,0,0,1,0,0,1,0,1,0,1
5286,0,0,normal,0,0,0,0,0,0,0,0,0,0,0
5287,0,0,normal,0,0,0,0,0,0,0,0,0,0,0
5288,0,0,normal,0,0,0,0,0,0,0,0,0,0,0
5289,0,0,normal,0,0,0,0,0,0,0,0,0,0,0
5290,0,0,normal,0,0,0,0,0,0,0,0,0,0,0
5291,0,0,normal,0,0,0,0,0,0,0,0,0,0,0
5292,2,1,congested,1,0,0,1,0,0,1,0,1,0,1
5293,0,0,normal,0,0,0,0,0,0,0,0,0,0,0
5294,0,0,normal,0,0,0,0,0,0,0,0,0,0,0
5295,2,1,congested,1,0,0,1,0,0,1,0,1,0,1
5296,0,0,normal,0,0,0,0,0,0,0,0,0,0,0
5297,0,0,normal,0,0,0,0,0,0,0,0,0,0,0
5298,2,1,congested,1,0,0,1,0,0,1,0,1,0,1
5299,0,0,normal,0,0,0,0,0,0,0,0,0,0,0
5300,0,0,normal,0,0,0,0,0,0,0,0,0,0,0
5301,0,0,normal,0,0,0,0,0,0,0,0,0,0,0
5302,2,1,congested,1,0,0,1,0,0,1,0,1,0,1
5303,0,0,normal,0,0,0,0,0,0,0,0,0,0,0
5304,0,0,normal,0,0,0,0,0,0,0,0,0,0,0
5305,0,0,normal,0,0,0,0,0,0,0,0,0,0,0
5306,0,0,normal,0,0,0,0,0,0,0,0,0,0,0
5307,0,0,normal,0,0,0,0,0,0,0,0,0,0,0
5308,0,0,normal,0,0,0,0,0,0,0,0,0,0,0
5309,0,0,normal,0,0,0,0,0,0,0,0,0,0,0
5310,0,0,normal,0,0,0,0,0,0,0,0,0,0,0
5311,0,0,normal,0,0,0,0,0,0,0,0,0,0,0
5312,0,0,normal,0,0,0,0,0,0,0,0,0,0,0
5313,2,1,congested,1,0,0,1,0,0,1,0,1,0,1
5314,2,1,congested,1,0,0,1,0,0,0,0,1,0,1
5315,2,1,congested,1,0,0,1,0,0,1,0,1,0,1
5317,2,1,congested,1,0,0,1,0,0,1,0,1,0,1
5318,2,1,congested,1,0,0,1,0,0,1,0,1,0,1
5319,0,0,normal,0,0,0,0,0,0,0,0,0,0,0
5320,0,0,normal,0,0,0,0,0,0,0,0,0,0,0
5321,0,0,normal,0,0,0,0,0,0,0,0,0,0,0
5322,0,0,normal,0,0,0,0,0,0,0,0,0,0,0
5323,0,0,normal,0,0,0,0,0,0,0,0,0,0,0
5324,0,0,normal,0,0,0,0,0,0,0,0,0,0,0
5325,0,0,normal,0,0,0,0,0,0,0,0,0,0,0
5326,0,0,normal,0,0,0,0,0,0,0,0,0,0,0
5327,0,0,normal,0,0,0,0,0,0,0,0,0,0,0
5328,0,0,normal,0,0,0,0,0,0,0,0,0,0,0
5329,0,0,normal,0,0,0,0,0,0,0,0,0,0,0
5330,0,0,normal,0,0,0,0,0,0,0,0,0,0,0
5331,0,0,normal,0,0,0,0,0,0,0,0,0,0,0
5332,0,0,normal,0,0,0,0,0,0,0,0,0,0,0
5333,0,0,normal,0,0,0,0,0,0,0,0,0,0,0
5334,0,0,normal,0,0,0,0,0,0,0,0,0,0,0
5335,0,0,normal,0,0,0,0,0,0,0,0,0,0,0
5336,2,1,congested,1,0,0,1,0,0,1,0,1,0,1
5337,0,0,normal,0,0,0,0,0,0,0,0,0,0,0
5338,2,1,congested,1,0,0,1,0,0,1,0,1,0,1
5339,0,0,normal,0,0,0,0,0,0,0,0,0,0,0
5340,0,0,normal,0,0,0,0,0,0,0,0,0,0,0
5341,0,0,normal,0,0,0,0,0,0,0,0,0,0,0
5342,0,0,normal,0,0,0,0,0,0,0,0,0,0,0
5344,2,1,congested,1,0,0,1,0,0,1,0,1,0,1
5345,0,0,normal,0,0,0,0,0,0,0,0,0,0,0
5346,0,0,normal,0,0,0,0,0,0,0,0,0,0,0
5347,0,0,normal,0,0,0,0,0,0,0,0,0,0,0
5348,0,0,normal,0,0,0,0,0,0,0,0,0,0,0
5352,0,0,normal,0,0,0,0,0,1,0,1,0,0,0
5353,0,0,normal,0,0,0,0,0,0,0,0,0,0,0
5354,2,1,congested,1,0,0,1,0,0,1,0,1,0,1
5355,0,0,normal,0,0,0,0,0,0,0,0,0,0,0
5356,0,0,normal,0,0,0,0,0,0,0,0,0,0,0
5357,0,0,normal,0,0,0,0,0,0,0,0,0,0,0
5358,0,0,normal,0,0,0,0,0,0,0,0,0,0,0
5359,2,1,congested,1,0,0,1,0,0,1,0,1,0,1
5360,2,1,congested,1,0,0,1,0,0,1,0,1,0,1
5361,0,0,normal,0,0,0,0,0,0,0,0,0,0,0
5362,0,0,normal,0,0,0,0,0,0,0,0,0,0,0
5363,0,0,normal,0,0,0,0,0,0,0,0,0,0,0
5364,2,1,congested,1,0,0,1,0,0,1,0,1,0,1
5365,0,0,normal,0,0,0,0,0,0,0,0,0,0,0
5366,0,0,normal,0,0,0,0,0,0,0,0,0,0,0
5367,0,0,normal,0,0,0,0,0,0,0,0,0,0,0
5368,0,0,normal,0,0,0,0,0,0,0,0,0,0,0
5369,0,0,normal,0,0,0,0,0,0,0,0,0,0,0
5370,0,0,normal,0,0,0,0,0,0,0,0,0,0,0
5371,0,0,normal,0,0,0,0,0,0,0,0,0,0,0
5372,0,0,normal,0,0,0,0,0,0,0,0,0,0,0
5373,0,0,normal,0,0,0,0,0,0,0,0,0,0,0
5374,0,0,normal,0,0,0,0,0,0,0,0,0,0,0
5375,2,1,congested,1,0,0,1,0,0,1,0,1,0,1
5376,0,0,normal,0,0,0,0,0,0,0,0,0,0,0
5377,0,0,normal,0,0,0,0,0,0,0,0,0,0,0
5378,0,0,normal,0,0,0,0,0,0,0,0,0,0,0
5379,0,0,normal,0,0,0,0,0,0,0,0,0,0,0
5380,0,0,normal,0,0,0,0,0,0,0,0,0,0,0
5381,0,0,normal,0,0,0,0,0,0,0,0,0,0,0
5382,0,0,normal,0,0,0,0,0,0,0,0,0,0,0
5383,0,0,normal,0,0,0,0,0,0,0,0,0,0,0
5384,0,0,normal,0,0,0,0,0,0,0,0,0,0,0
5388,0,0,normal,0,0,0,0,0,0,0,0,0,0,0
5389,0,0,normal,0,0,0,0,0,0,0,0,0,0,0
5390,0,0,normal,0,0,0,0,0,0,0,0,0,0,0
5391,0,0,normal,0,0,0,0,0,0,0,0,0,0,0
5392,0,0,normal,0,0,0,0,0,0,0,0,0,0,0
5393,0,0,normal,0,0,0,0,0,0,0,0,0,0,0
5394,0,0,normal,0,0,0,0,0,0,0,0,0,0,0
5395,0,0,normal,0,0,0,0,0,0,0,0,0,0,0
5396,0,0,normal,0,0,0,0,0,0,0,0,0,0,0
5397,0,0,normal,0,0,0,0,0,0,0,0,0,0,0
5398,0,0,normal,0,0,0,0,0,0,0,0,0,0,0
5399,0,0,normal,0,0,0,0,0,0,0,0,0,0,0
5400,0,0,normal,0,0,0,0,0,0,0,0,0,0,0
5401,0,0,normal,0,0,0,0,0,0,0,0,0,0,0
5402,0,0,normal,0,0,0,0,0,0,0,0,0,0,0
5403,0,0,normal,0,0,0,0,0,0,0,0,0,0,0
5404,0,0,normal,0,0,0,0,0,0,0,0,0,0,0
5405,0,0,normal,0,0,0,0,0,0,0,0,0,0,0
5406,0,0,normal,0,0,0,0,0,0,0,0,0,0,0
5407,0,0,normal,0,0,0,0,0,0,0,0,0,0,0
5408,0,0,normal,0,0,0,0,0,0,0,0,0,0,0
5409,0,0,normal,0,0,0,0,0,0,0,0,0,0,0
5410,2,1,congested,1,0,0,1,0,0,1,0,1,0,1
5411,0,0,normal,0,0,0,0,0,0,0,0,0,0,0
5412,0,0,normal,0,0,0,0,0,0,0,0,0,0,0
5413,0,0,normal,0,0,0,0,0,0,0,0,0,0,0
5414,0,0,normal,0,0,0,0,0,0,0,0,0,0,0
5416,0,0,normal,0,0,0,0,0,0,0,0,0,0,0
5417,2,1,congested,1,0,0,1,0,0,1,0,1,0,1
5418,0,0,normal,0,0,0,0,0,0,0,0,0,0,0
5419,0,0,normal,0,0,0,0,0,0,0,0,0,0,0
5420,0,0,normal,0,0,0,0,0,0,0,0,0,0,0
5425,0,0,normal,0,0,0,0,0,0,0,0,0,0,0
5426,0,0,normal,0,0,0,0,0,0,0,0,0,0,0
5427,0,0,normal,0,0,0,0,0,0,0,0,0,0,0
5428,0,0,normal,0,0,0,0,0,0,0,0,0,0,0
5429,0,0,normal,0,0,0,0,0,0,0,0,0,0,0
5430,0,0,normal,0,0,0,0,0,0,0,0,0,0,0
5431,0,0,normal,0,0,0,0,0,0,0,0,0,0,0
5432,0,0,normal,0,0,0,0,0,0,0,0,0,0,0
5433,0,0,normal,0,0,0,0,0,0,0,0,0,0,0
5434,0,0,normal,0,0,0,0,0,0,0,0,0,0,0
5435,0,0,normal,0,0,0,0,0,0,0,0,0,0,0
5436,0,0,normal,0,0,0,0,0,0,0,0,0,0,0
5437,0,0,normal,0,0,0,0,0,0,0,0,0,0,0
5438,0,0,normal,0,0,0,0,0,0,0,0,0,0,0
5439,0,0,normal,0,0,0,0,0,0,0,0,0,0,0
5440,0,0,normal,0,0,0,0,0,0,0,0,0,0,0
5441,0,0,normal,0,0,0,0,0,0,0,0,0,0,0
5442,0,0,normal,0,0,0,0,0,0,0,0,0,0,0
5443,0,0,normal,0,0,0,0,0,0,0,0,0,0,0
5444,0,0,normal,0,0,0,0,0,0,0,0,0,0,0
5445,0,0,normal,0,0,0,0,0,0,0,0,0,0,0
5446,0,0,normal,0,0,0,0,0,0,0,0,0,0,0
5447,0,0,normal,0,0,0,0,0,0,0,0,0,0,0
5448,0,0,normal,0,0,0,0,0,0,0,0,0,0,0
5449,0,0,normal,0,0,0,0,0,0,0,0,0,0,0
5450,0,0,normal,0,0,0,0,0,0,0,0,0,0,0
5451,0,0,normal,0,0,0,0,0,0,0,0,0,0,0
5452,0,0,normal,0,0,0,0,0,0,0,0,0,0,0
5453,0,0,normal,0,0,0,0,0,0,0,0,0,0,0
5454,0,0,normal,0,0,0,0,0,0,0,0,0,0,0
5455,0,0,normal,0,0,0,0,0,0,0,0,0,0,0
5460,0,0,normal,0,0,0,0,0,0,0,0,0,0,0
5461,0,0,normal,0,0,0,0,0,0,0,0,0,0,0
5462,0,0,normal,0,0,0,0,0,0,0,0,0,0,0
5463,0,0,normal,0,0,0,0,0,0,0,0,0,0,0
5464,0,0,normal,0,0,0,0,0,0,0,0,0,0,0
5465,0,0,normal,0,0,0,0,0,0,0,0,0,0,0
5466,0,0,normal,0,0,0,0,0,0,0,0,0,0,0
5467,0,0,normal,0,0,0,0,0,0,0,0,0,0,0
5468,0,0,normal,0,0,0,0,0,0,0,0,0,0,0
5469,0,0,normal,0,0,0,0,0,0,0,0,0,0,0
5470,0,0,normal,0,0,0,0,0,0,0,0,0,0,0
5471,0,0,normal,0,0,0,0,0,0,0,0,0,0,0
5472,0,0,normal,0,0,0,0,0,0,0,0,0,0,0
5473,0,0,normal,0,0,0,0,0,0,0,0,0,0,0
5474,0,0,normal,0,0,0,0,0,0,0,0,0,0,0
5475,0,0,normal,0,0,0,0,0,0,0,0,0,0,0
5476,0,0,normal,0,0,0,0,0,0,0,0,0,0,0
5477,0,0,normal,0,0,0,0,0,0,0,0,0,0,0
5478,0,0,normal,0,0,0,0,0,0,0,0,0,0,0
5479,0,0,normal,0,0,0,0,0,0,0,0,0,0,0
5480,0,0,normal,0,0,0,0,0,0,0,0,0,0,0
5481,0,0,normal,0,0,0,0,0,0,0,0,0,0,0
5482,0,0,normal,0,0,0,0,0,0,0,0,0,0,0
5483,0,0,normal,0,0,0,0,0,0,0,0,0,0,0
5484,0,0,normal,0,0,0,0,0,0,0,0,0,0,0
5485,0,0,normal,0,0,0,0,0,0,0,0,0,0,0
5486,0,0,normal,0,0,0,0,0,0,0,0,0,0,0
5487,0,0,normal,0,0,0,0,0,0,0,0,0,0,0
5488,0,0,normal,0,0,0,0,0,0,0,0,0,0,0
5489,0,0,normal,0,0,0,0,0,0,0,0,0,0,0
5490,0,0,normal,0,0,0,0,0,0,0,0,0,0,0
5491,0,0,normal,0,0,0,0,0,0,0,0,0,0,0
5496,0,0,normal,0,0,0,0,0,0,0,0,0,0,0
5497,0,0,normal,0,0,0,0,0,0,0,0,0,0,0
5498,0,0,normal,0,0,0,0,0,0,0,0,0,0,0
5499,0,0,normal,0,0,0,0,0,0,0,0,0,0,0
5500,0,0,normal,0,0,0,0,0,0,0,0,0,0,0
5501,0,0,normal,0,0,0,0,0,0,0,0,0,0,0
5502,0,0,normal,0,0,0,0,0,0,0,0,0,0,0
5503,0,0,normal,0,0,0,0,0,0,0,0,0,0,0
5504,2,1,congested,1,0,0,1,0,0,1,0,1,0,1
5505,2,1,congested,1,0,0,1,0,0,1,0,0,0,1
5506,2,1,congested,1,0,0,1,0,0,1,0,1,0,1
5507,2,1,congested,1,0,0,1,0,0,1,0,1,0,1
5508,2,1,congested,1,0,0,1,1,0,1,1,1,0,1
5509,2,1,congested,1,0,0,1,0,0,0,0,1,0,1
5510,2,1,congested,1,0,0,1,0,0,1,0,1,0,1
5511,2,1,congested,1,0,0,1,1,0,1,1,1,0,1
5512,2,1,congested,1,0,0,1,1,0,1,1,1,0,1
5513,2,1,congested,1,0,0,1,1,0,1,1,1,0,1
5514,2,1,congested,1,0,0,1,1,0,1,1,1,0,1
5515,2,1,congested,1,0,0,1,1,0,1,1,1,0,1
5516,2,1,congested,1,0,0,1,0,0,1,0,1,0,1
5517,2,1,congested,1,0,0,1,0,0,1,0,1,0,1
5518,2,1,congested,1,0,0,1,0,0,1,0,1,0,1
5519,2,1,congested,1,0,0,1,1,0,1,1,1,0,1
5520,2,1,congested,1,0,0,1,1,0,1,1,1,0,1
5521,2,1,congested,1,0,0,1,1,0,1,1,1,0,1
5522,2,1,congested,1,0,0,1,1,0,1,1,1,0,1
5523,2,1,congested,1,0,0,1,1,0,1,1,1,0,1
5524,2,1,congested,1,0,0,1,1,0,1,1,1,0,1
5525,2,1,congested,1,0,0,1,1,0,1,1,1,0,1
5526,2,1,congested,1,0,0,1,0,0,1,0,1,0,1
5527,2,1,congested,1,0,0,1,0,0,1,0,1,0,1
5528,2,1,congested,1,0,0,1,1,0,1,1,1,0,1
5529,2,1,congested,1,0,0,1,0,0,1,0,1,0,1
5530,2,1,congested,1,0,0,1,0,0,1,0,1,0,1
5531,2,1,congested,1,0,0,1,0,0,1,0,1,0,1
5532,2,1,congested,1,0,0,1,1,0,1,1,0,0,1
5533,2,1,congested,1,0,0,1,0,0,1,0,1,0,1
5534,2,1,congested,1,0,0,1,1,0,1,1,1,0,1
5535,2,1,congested,1,0,0,1,0,0,1,0,1,0,1
5536,2,1,congested,1,0,0,1,1,0,1,1,1,0,1
5537,2,1,congested,1,0,0,1,1,0,1,1,1,0,1
5538,2,1,congested,1,0,0,1,0,0,1,0,1,0,1
5539,2,1,congested,1,0,0,1,0,0,1,0,1,0,1
5540,2,1,congested,1,0,0,1,0,0,1,0,1,0,1
5541,2,1,congested,1,0,0,1,1,0,1,1,1,0,1
5542,2,1,congested,1,0,0,1,1,0,1,1,1,0,1
5543,2,1,congested,1,0,0,1,1,0,1,1,0,0,1
5544,2,1,congested,1,0,0,1,1,0,1,1,1,0,1
5545,2,1,congested,1,0,0,1,1,0,1,1,1,0,1
5546,2,1,congested,1,0,0,1,1,0,1,1,1,0,1
5547,2,1,congested,1,0,0,1,1,0,1,1,1,0,1
5548,2,1,congested,1,0,0,1,0,0,1,0,1,0,1
5549,2,1,congested,1,0,0,1,1,0,1,1,1,0,1
5550,2,1,congested,1,0,0,1,1,0,1,1,1,0,1
5551,2,1,congested,1,0,0,1,1,0,1,1,1,0,1
5552,2,1,congested,1,0,0,1,1,0,1,1,1,0,1
5553,2,1,congested,1,0,0,1,0,0,1,0,1,0,1
5554,2,1,congested,1,0,0,1,1,0,1,1,1,0,1
5555,2,1,congested,1,0,0,1,1,0,1,1,1,0,1
5556,2,1,congested,1,0,0,1,0,0,1,0,1,0,1
5557,2,1,congested,1,0,0,1,1,0,1,1,1,0,1
5558,2,1,congested,1,0,0,1,1,0,1,1,0,0,1
5559,2,1,congested,1,0,0,1,1,0,1,1,1,0,1
5560,2,1,congested,1,0,0,1,1,0,1,1,1,0,1
5561,2,1,congested,1,0,0,1,1,0,1,1,1,0,1
5562,2,1,congested,1,0,0,1,1,0,1,1,1,0,1
5563,2,1,congested,1,0,0,1,1,0,1,1,1,0,1
5564,2,1,congested,1,0,0,1,0,0,1,0,1,0,1
5565,2,1,congested,1,0,0,1,1,0,1,1,1,0,1
5566,2,1,congested,1,0,0,1,1,0,1,1,1,0,1
5567,2,1,congested,1,0,0,1,1,0,1,1,0,0,1
5568,2,1,congested,1,0,0,1,1,0,1,1,1,0,1
5569,2,1,congested,1,0,0,1,0,0,1,0,1,0,1
5570,2,1,congested,1,0,0,1,0,0,1,0,1,0,1
5571,2,1,congested,1,0,0,1,1,0,1,1,1,0,1
5572,2,1,congested,1,0,0,1,1,0,1,1,1,0,1
5573,2,1,congested,1,0,0,1,1,0,1,1,1,0,1
5574,2,1,congested,1,0,0,1,0,0,1,0,1,0,1
5575,2,1,congested,1,0,0,1,0,0,1,0,0,0,1
5576,2,1,congested,1,0,0,1,0,0,1,0,1,0,1
5577,2,1,congested,1,0,0,1,1,0,1,1,1,0,1
5578,2,1,congested,1,0,0,1,1,0,1,1,1,0,1
5579,2,1,congested,1,0,0,1,1,0,1,1,0,0,1
5580,2,1,congested,1,0,0,1,1,0,1,1,1,0,1
5581,2,1,congested,1,0,0,1,1,0,1,1,1,0,1
5582,2,1,congested,1,0,0,1,1,0,1,1,1,0,1
5583,2,1,congested,1,0,0,1,1,0,1,1,1,0,1
5584,2,1,congested,1,0,0,1,1,0,1,1,0,0,1
5585,2,1,congested,1,0,0,1,1,0,1,1,1,0,1
5586,2,1,congested,1,0,0,1,1,0,1,1,1,0,1
5587,2,1,congested,1,0,0,1,1,0,1,1,1,0,1
5588,2,1,congested,1,0,0,1,1,0,1,1,1,0,1
5589,2,1,congested,1,0,0,1,1,0,1,1,1,0,1
5590,2,1,congested,1,0,0,1,1,0,1,1,1,0,1
5591,2,1,congested,1,0,0,1,1,0,1,1,1,0,1
5592,2,1,congested,1,0,0,1,1,0,1,1,1,0,1
5593,2,1,congested,1,0,0,1,0,0,1,0,1,0,1
5594,2,1,congested,1,0,0,1,0,0,1,0,1,0,1
5595,2,1,congested,1,0,0,1,1,0,1,1,1,0,1
5596,2,1,congested,1,0,0,1,1,0,1,1,0,0,1
5597,2,1,congested,1,0,0,1,1,0,1,1,1,0,1
5598,2,1,congested,1,0,0,1,1,0,1,1,1,0,1
5599,2,1,congested,1,0,0,1,1,0,1,1,1,0,1
5600,2,1,congested,1,0,0,1,1,0,1,1,1,0,1
5601,2,1,congested,1,0,0,1,1,0,1,1,0,0,1
5602,2,1,congested,1,0,0,1,1,0,1,1,0,0,1
5603,2,1,congested,1,0,0,1,1,0,1,1,1,0,1
5604,2,1,congested,1,0,0,1,1,0,1,1,1,0,1
5605,2,1,congested,1,0,0,1,1,0,1,1,1,0,1
5606,2,1,congested,1,0,0,1,1,0,1,1,1,0,1
5607,2,1,congested,1,0,0,1,1,0,1,1,1,0,1
5608,2,1,congested,1,0,0,1,1,0,1,1,1,0,1
5609,2,1,congested,1,0,0,1,1,0,1,1,1,0,1
5610,2,1,congested,1,0,0,1,1,0,1,1,1,0,1
5611,2,1,congested,1,0,0,1,1,0,1,1,1,0,1
5612,2,1,congested,1,0,0,1,1,0,1,1,1,0,1
5613,2,1,congested,1,0,0,1,1,0,1,1,1,0,1
5614,2,1,congested,1,0,0,1,1,0,1,1,1,0,1
5615,2,1,congested,1,0,0,1,1,0,1,1,1,0,1
5616,2,1,congested,1,0,0,1,1,0,1,1,0,0,1
5617,2,1,congested,1,0,0,1,1,0,1,1,1,0,1
5618,2,1,congested,1,0,0,1,1,0,1,1,1,0,1
5619,2,1,congested,1,0,0,1,1,0,1,1,1,0,1
5620,2,1,congested,1,0,0,1,1,0,1,1,1,0,1
5621,2,1,congested,1,0,0,1,1,0,1,1,1,0,1
5622,2,1,congested,1,0,0,1,1,0,1,1,1,0,1
5623,2,1,congested,1,0,0,1,1,0,1,1,1,0,1
5624,2,1,congested,1,0,0,1,1,0,1,1,1,0,1
5625,2,1,congested,1,0,0,1,1,0,1,1,1,0,1
5626,2,1,congested,1,0,0,1,1,0,1,1,1,0,1
5627,2,1,congested,1,0,0,1,0,0,1,0,1,0,1
5628,2,1,congested,1,0,0,1,1,0,1,1,0,0,1
5629,2,1,congested,1,0,0,1,1,0,1,1,1,0,1
5630,2,1,congested,1,0,0,1,1,0,1,1,0,0,1
5631,2,1,congested,1,0,0,1,1,0,1,1,1,0,1
5632,2,1,congested,1,0,0,1,1,0,1,1,1,0,1
5633,2,1,congested,1,0,0,1,1,0,1,1,1,0,1
5634,2,1,congested,1,0,0,1,1,0,1,1,0,0,1
5635,2,1,congested,1,0,0,1,1,0,1,1,1,0,1
5636,2,1,congested,1,0,0,1,1,0,1,1,1,0,1
5637,2,1,congested,1,0,0,1,1,0,1,1,1,0,1
5638,2,1,congested,1,0,0,1,1,0,1,1,1,0,1
5639,2,1,congested,1,0,0,1,1,0,1,1,1,0,1
5640,2,1,congested,1,0,0,1,1,0,1,1,1,0,1
5641,2,1,congested,1,0,0,1,1,0,1,1,1,0,1
5642,2,1,congested,1,0,0,1,1,0,1,1,1,0,1
5643,2,1,congested,1,0,0,1,1,0,1,1,1,0,1
5644,2,1,congested,1,0,0,1,1,0,1,1,1,0,1
5645,2,1,congested,1,0,0,1,1,0,1,1,1,0,1
5646,2,1,congested,1,0,0,1,1,0,1,1,1,0,1
5647,2,1,congested,1,0,0,1,1,0,1,1,1,0,1
5648,2,1,congested,1,0,0,1,1,0,1,1,1,0,1
5649,2,1,congested,1,0,0,1,1,0,1,1,1,0,1
5650,2,1,congested,1,0,0,1,1,0,1,1,1,0,1
5651,2,1,congested,1,0,0,1,1,0,1,1,1,0,1
5652,2,1,congested,1,0,0,1,1,0,1,1,1,0,1
5653,2,1,congested,1,0,0,1,1,0,1,1,1,0,1
5654,2,1,congested,1,0,0,1,1,0,1,1,1,0,1
5655,2,1,congested,1,0,0,1,1,0,1,1,1,0,1
5656,2,1,congested,1,0,0,1,1,0,1,1,1,0,1
5657,2,1,congested,1,0,0,1,0,0,1,0,1,0,1
5658,2,1,congested,1,0,0,1,1,0,1,1,1,0,1
5659,2,1,congested,1,0,0,1,1,0,1,1,1,0,1
5660,2,1,congested,1,0,0,1,1,0,1,1,1,0,1
5661,2,1,congested,1,0,0,1,1,0,1,1,1,0,1
5662,2,1,congested,1,0,0,1,1,0,1,1,1,0,1
5663,2,1,congested,1,0,0,1,1,0,1,1,1,0,1
5664,2,1,congested,1,0,0,1,1,0,1,1,1,0,1
5665,2,1,congested,1,0,0,1,1,0,1,1,1,0,1
5666,2,1,congested,1,0,0,1,1,0,1,1,1,0,1
5667,2,1,congested,1,0,0,1,1,0,1,1,1,0,1
5668,2,1,congested,1,0,0,1,1,0,1,1,1,0,1
5669,2,1,congested,1,0,0,1,1,0,1,1,1,0,1
5670,2,1,congested,1,0,0,1,0,0,1,0,1,0,1
5671,2,1,congested,1,0,0,1,0,0,1,0,1,0,1
5672,2,1,congested,1,0,0,1,1,0,1,1,1,0,1
5673,2,1,congested,1,0,0,1,0,0,1,0,1,0,1
5674,2,1,congested,1,0,0,1,1,0,1,1,0,0,1
5675,2,1,congested,1,0,0,1,0,0,1,0,1,0,1
5676,2,1,congested,1,0,0,1,0,0,1,0,1,0,1
5677,2,1,congested,1,0,0,1,1,0,1,1,1,0,1
5678,2,1,congested,1,0,0,1,1,0,1,1,1,0,1
5679,2,1,congested,1,0,0,1,1,0,1,1,0,0,1
5680,2,1,congested,1,0,0,1,1,0,1,1,0,0,1
5681,2,1,congested,1,0,0,1,1,0,1,1,1,0,1
5682,2,1,congested,1,0,0,1,1,0,1,1,1,0,1
5683,2,1,congested,1,0,0,1,1,0,1,1,1,0,1
5684,2,1,congested,1,0,0,1,0,0,1,0,1,0,1
5685,2,1,congested,1,0,0,1,0,0,1,0,1,0,1
5686,2,1,congested,1,0,0,1,1,0,1,1,1,0,1
5687,2,1,congested,1,0,0,1,0,0,1,0,1,0,1
5688,2,1,congested,1,0,0,1,0,0,1,0,0,0,1
5689,2,1,congested,1,0,0,1,1,0,1,1,1,0,1
5690,2,1,congested,1,0,0,1,1,0,1,1,0,0,1
5691,2,1,congested,1,0,0,1,1,0,1,1,1,0,1
5692,2,1,congested,1,0,0,1,0,0,1,0,1,0,1
5693,2,1,congested,1,0,0,1,0,0,1,0,1,0,1
5694,2,1,congested,1,0,0,1,0,0,1,0,0,0,1
5695,2,1,congested,1,0,0,1,0,0,1,0,1,0,1
5696,2,1,congested,1,0,0,1,1,0,1,1,1,0,1
5697,2,1,congested,1,0,0,1,1,0,1,1,0,0,1
5698,2,1,congested,1,0,0,1,1,0,1,1,1,0,1
5699,2,1,congested,1,0,0,1,1,0,1,1,1,0,1
5700,2,1,congested,1,0,0,1,1,0,1,1,1,0,1
5701,2,1,congested,1,0,0,1,1,0,1,1,1,0,1
5702,2,1,congested,1,0,0,1,1,0,1,1,1,0,1
5703,2,1,congested,1,0,0,1,1,0,1,1,1,0,1
5704,2,1,congested,1,0,0,1,1,0,1,1,1,0,1
5705,2,1,congested,1,0,0,1,0,0,1,0,1,0,1
5706,2,1,congested,1,0,0,1,0,0,0,0,1,0,1
5707,2,1,congested,1,0,0,1,0,0,1,0,0,0,1
5708,2,1,congested,1,0,0,1,0,0,1,0,1,0,1
5709,2,1,congested,1,0,0,1,1,0,1,1,0,0,1
5710,2,1,congested,1,0,0,1,0,0,0,0,1,0,1
5711,2,1,congested,1,0,0,1,0,0,1,0,1,0,1
5712,2,1,congested,1,0,0,1,0,0,1,0,0,0,1
5713,2,1,congested,1,0,0,1,0,0,1,0,0,0,1
5714,0,0,normal,0,0,0,0,0,0,1,0,1,0,1
5715,2,1,congested,1,0,0,1,0,0,1,0,1,0,1
5716,2,1,congested,1,0,0,1,1,0,1,1,1,0,1
5717,2,1,congested,1,0,0,1,1,0,1,1,1,0,1
5718,0,0,normal,0,0,0,0,0,0,1,0,0,0,1
5719,2,1,congested,1,0,0,1,1,0,1,1,1,0,1
5720,2,1,congested,1,0,0,1,0,0,1,0,1,0,1
5721,2,1,congested,1,0,0,1,1,0,1,1,0,0,1
5722,2,1,congested,1,0,0,1,1,0,1,1,0,0,1
5723,2,1,congested,1,0,0,1,1,0,1,1,1,0,1
5734,2,1,congested,1,0,0,1,0,0,1,0,1,0,1
5739,2,1,congested,1,0,0,1,0,0,0,0,1,0,1
5747,2,1,congested,1,0,0,1,0,0,1,0,1,0,1
5758,2,1,congested,1,0,0,1,0,0,1,0,1,0,1
5773,2,1,congested,1,0,0,1,0,0,1,0,1,0,1
5781,2,1,congested,1,0,0,1,0,0,1,0,1,0,1
5788,2,1,congested,1,0,0,1,0,0,0,0,1,0,1
5795,2,1,congested,1,0,0,1,0,0,1,0,1,0,1
5798,2,1,congested,1,0,0,1,0,0,1,0,1,0,1
5810,2,1,congested,1,0,0,1,0,0,1,0,1,0,1
5821,2,1,congested,1,0,0,1,0,0,1,0,1,0,1
5825,2,1,congested,1,0,0,1,0,0,1,0,1,0,1
5845,2,1,congested,1,0,0,1,0,0,1,0,1,0,1
5869,2,1,congested,1,0,0,1,0,0,1,0,1,0,1
5875,2,1,congested,1,0,0,1,0,0,1,0,1,0,1
5878,2,1,congested,1,0,0,1,0,0,1,0,1,0,1
5883,2,1,congested,1,0,0,1,0,0,1,0,1,0,1
5885,2,1,congested,1,0,0,1,0,0,1,0,1,0,1
5887,2,1,congested,1,0,0,1,0,0,1,0,1,0,1
5888,2,1,congested,1,0,0,1,0,0,0,0,1,0,1
5890,2,1,congested,1,0,0,1,0,0,1,0,1,0,1
5906,2,1,congested,1,0,0,1,0,0,1,0,1,0,1
5912,2,1,congested,1,0,0,1,0,0,1,0,1,0,1
5919,2,1,congested,1,0,0,1,0,0,1,0,1,0,1
6001,2,1,congested,1,0,0,1,0,0,1,0,1,0,1
6002,2,1,congested,1,0,0,1,0,0,1,0,0,0,1
6003,2,1,congested,1,0,0,1,0,0,1,0,0,0,1
6004,2,1,congested,1,0,0,1,1,0,1,1,1,0,1
6005,2,1,congested,1,0,0,1,0,0,1,0,0,0,1
6006,2,1,congested,1,0,0,1,1,0,1,1,1,0,1
6007,2,1,congested,1,0,0,1,0,0,1,0,1,0,1
6008,2,1,congested,1,0,0,1,1,0,1,1,1,0,1
6009,2,1,congested,1,0,0,1,0,0,1,0,1,0,1
6010,2,1,congested,1,0,0,1,1,0,1,1,1,0,1
6011,2,1,congested,1,0,0,1,0,0,1,0,1,0,1
6012,2,1,congested,1,0,0,1,0,0,1,0,1,0,1
6013,2,1,congested,1,0,0,1,1,0,1,1,1,0,1
6014,2,1,congested,1,0,0,1,0,0,1,0,1,0,1
6015,2,1,congested,1,0,0,1,1,0,1,1,1,0,1
6016,2,1,congested,1,0,0,1,0,0,1,0,1,0,1
6017,2,1,congested,1,0,0,1,1,0,1,1,1,0,1
6018,2,1,congested,1,0,0,1,1,0,1,1,1,0,1
6019,2,1,congested,1,0,0,1,1,0,1,1,1,0,1
6020,2,1,congested,1,0,0,1,0,0,1,0,1,0,1
6021,2,1,congested,1,0,0,1,1,0,1,1,1,0,1
6022,2,1,congested,1,0,0,1,1,0,1,1,1,0,1
6023,2,1,congested,1,0,0,1,1,0,1,1,1,0,1
6024,2,1,congested,1,0,0,1,0,0,1,0,1,0,1
6025,2,1,congested,1,0,0,1,1,0,1,1,1,0,1
6026,2,1,congested,1,0,0,1,1,0,1,1,1,0,1
6027,2,1,congested,1,0,0,1,0,0,1,0,1,0,1
6028,2,1,congested,1,0,0,1,0,0,1,0,1,0,1
6029,2,1,congested,1,0,0,1,1,0,1,1,1,0,1
6030,2,1,congested,1,0,0,1,1,0,1,1,1,0,1
6031,2,1,congested,1,0,0,1,1,0,1,1,1,0,1
6032,2,1,congested,1,0,0,1,0,0,1,0,1,0,1
6033,2,1,congested,1,0,0,1,1,0,1,1,1,0,1
6034,2,1,congested,1,0,0,1,0,0,1,0,1,0,1
6035,2,1,congested,1,0,0,1,1,0,1,1,1,0,1
6036,2,1,congested,1,0,0,1,0,0,1,0,1,0,1
6037,2,1,congested,1,0,0,1,0,0,1,0,1,0,1
6038,2,1,congested,1,0,0,1,1,0,1,1,1,0,1
6039,2,1,congested,1,0,0,1,0,0,1,0,1,0,1
6040,2,1,congested,1,0,0,1,0,0,1,0,1,0,1
6041,2,1,congested,1,0,0,1,0,0,1,0,1,0,1
6042,2,1,congested,1,0,0,1,1,0,1,1,1,0,1
6043,2,1,congested,1,0,0,1,1,0,1,1,0,0,1
6044,2,1,congested,1,0,0,1,0,0,1,0,1,0,1
6045,2,1,congested,1,0,0,1,1,0,1,1,1,0,1
6046,2,1,congested,1,0,0,1,1,0,1,1,1,0,1
6047,2,1,congested,1,0,0,1,1,0,1,1,1,0,1
6048,2,1,congested,1,0,0,1,1,0,1,1,1,0,1
6049,2,1,congested,1,0,0,1,1,0,1,1,1,0,1
6050,2,1,congested,1,0,0,1,1,0,1,1,1,0,1
6051,2,1,congested,1,0,0,1,1,0,1,1,1,0,1
6052,2,1,congested,1,0,0,1,1,0,1,1,1,0,1
6053,2,1,congested,1,0,0,1,1,0,1,1,1,0,1
6054,2,1,congested,1,0,0,1,1,0,1,1,0,0,1
6055,2,1,congested,1,0,0,1,1,0,1,1,1,0,1
6056,2,1,congested,1,0,0,1,1,0,1,1,1,0,1
6057,2,1,congested,1,0,0,1,1,0,1,1,1,0,1
6058,2,1,congested,1,0,0,1,0,0,1,0,0,0,1
6059,2,1,congested,1,0,0,1,0,0,1,0,1,0,1
6060,2,1,congested,1,0,0,1,0,0,1,0,0,0,1
6061,2,1,congested,1,0,0,1,1,0,1,1,1,0,1
6062,2,1,congested,1,0,0,1,1,0,1,1,1,0,1
6063,2,1,congested,1,0,0,1,1,0,1,1,1,0,1
6064,2,1,congested,1,0,0,1,1,0,1,1,1,0,1
6065,2,1,congested,1,0,0,1,1,0,1,1,1,0,1
6066,2,1,congested,1,0,0,1,0,0,1,0,1,0,1
6067,2,1,congested,1,0,0,1,0,1,1,1,1,0,1
6068,2,1,congested,1,0,0,1,1,0,1,1,1,0,1
6069,2,1,congested,1,0,0,1,1,0,1,1,1,0,1
6070,2,1,congested,1,0,0,1,1,0,1,1,1,0,1
6071,2,1,congested,1,0,0,1,1,0,1,1,0,0,1
6072,2,1,congested,1,0,0,1,1,0,1,1,1,0,1
6073,2,1,congested,1,0,0,1,1,0,1,1,1,0,1
6074,2,1,congested,1,0,0,1,0,0,1,0,1,0,1
6075,2,1,congested,1,0,0,1,1,0,1,1,1,0,1
6076,2,1,congested,1,0,0,1,1,0,1,1,1,0,1
6077,2,1,congested,1,0,0,1,1,0,1,1,1,0,1
6078,2,1,congested,1,0,0,1,1,0,1,1,1,0,1
6079,2,1,congested,1,0,0,1,1,0,1,1,1,0,1
6080,2,1,congested,1,0,0,1,0,0,1,0,1,0,1
6081,2,1,congested,1,0,0,1,0,0,1,0,0,0,1
6082,2,1,congested,1,0,0,1,0,0,1,0,1,0,1
6083,2,1,congested,1,0,0,1,1,0,1,1,0,0,1
6084,2,1,congested,1,0,0,1,0,0,1,0,1,0,1
6085,2,1,congested,1,0,0,1,1,0,1,1,1,0,1
6086,2,1,congested,1,0,0,1,1,0,1,1,1,0,1
6087,2,1,congested,1,0,0,1,1,0,1,1,1,0,1
6088,2,1,congested,1,0,0,1,1,0,1,1,1,0,1
6089,2,1,congested,1,0,0,1,1,0,1,1,1,0,1
6090,2,1,congested,1,0,0,1,1,0,1,1,1,0,1
6091,2,1,congested,1,0,0,1,1,0,1,1,1,0,1
6092,2,1,congested,1,0,0,1,1,0,1,1,1,0,1
6093,2,1,congested,1,0,0,1,1,0,1,1,1,0,1
6094,2,1,congested,1,0,0,1,1,0,1,1,1,0,1
6095,2,1,congested,1,0,0,1,0,0,1,0,1,0,1
6096,2,1,congested,1,0,0,1,1,0,1,1,1,0,1
6097,2,1,congested,1,0,0,1,1,0,1,1,1,0,1
6098,2,1,congested,1,0,0,1,1,0,1,1,1,0,1
6099,2,1,congested,1,0,0,1,1,0,1,1,1,0,1
6100,2,1,congested,1,0,0,1,1,0,1,1,1,0,1
6101,2,1,congested,1,0,0,1,1,0,1,1,1,0,1
6102,2,1,congested,1,0,0,1,1,0,1,1,0,0,1
6103,2,1,congested,1,0,0,1,1,0,1,1,1,0,1
6104,2,1,congested,1,0,0,1,1,0,1,1,1,0,1
6105,2,1,congested,1,0,0,1,1,0,1,1,1,0,1
6106,2,1,congested,1,0,0,1,0,0,1,0,1,0,1
6107,2,1,congested,1,0,0,1,0,0,1,0,1,0,1
6108,2,1,congested,1,0,0,1,0,0,1,0,1,0,1
6109,2,1,congested,1,0,0,1,1,0,1,1,0,0,1
6110,2,1,congested,1,0,0,1,1,0,1,1,1,0,1
6111,2,1,congested,1,0,0,1,1,0,1,1,1,0,1
6112,2,1,congested,1,0,0,1,1,0,1,1,1,0,1
6113,2,1,congested,1,0,0,1,1,0,1,1,1,0,1
6114,2,1,congested,1,0,0,1,0,0,1,0,1,0,1
6115,2,1,congested,1,0,0,1,0,0,1,0,1,0,1
6116,2,1,congested,1,0,0,1,1,0,1,1,1,0,1
6117,2,1,congested,1,0,0,1,1,0,1,1,1,0,1
6118,2,1,congested,1,0,0,1,1,0,1,1,1,0,1
6119,2,1,congested,1,0,0,1,1,0,1,1,1,0,1
6120,2,1,congested,1,0,0,1,1,0,1,1,1,0,1
6121,2,1,congested,1,0,0,1,1,0,1,1,1,0,1
6122,2,1,congested,1,0,0,1,1,0,1,1,1,0,1
6123,2,1,congested,1,0,0,1,1,0,1,1,1,0,1
6124,2,1,congested,1,0,0,1,1,0,1,1,1,0,1
6125,2,1,congested,1,0,0,1,1,0,1,1,1,0,1
6126,2,1,congested,1,0,0,1,1,0,1,1,1,0,1
6127,2,1,congested,1,0,0,1,1,0,1,1,1,0,1
6128,2,1,congested,1,0,0,1,1,0,1,1,1,0,1
6129,2,1,congested,1,0,0,1,1,0,1,1,1,0,1
6130,2,1,congested,1,0,0,1,1,0,1,1,0,0,1
6131,2,1,congested,1,0,0,1,1,0,1,1,1,0,1
6132,2,1,congested,1,0,0,1,1,0,1,1,1,0,1
6133,2,1,congested,1,0,0,1,0,0,1,0,0,0,1
6134,2,1,congested,1,0,0,1,0,0,1,0,1,0,1
6135,2,1,congested,1,0,0,1,0,0,1,0,1,0,1
6136,2,1,congested,1,0,0,1,1,0,1,1,1,0,1
6137,2,1,congested,1,0,0,1,1,0,1,1,1,0,1
6138,2,1,congested,1,0,0,1,0,0,1,0,1,0,1
6139,2,1,congested,1,0,0,1,1,0,1,1,1,0,1
6140,2,1,congested,1,0,0,1,0,0,1,0,1,0,1
6141,2,1,congested,1,0,0,1,0,0,1,0,1,0,1
6142,2,1,congested,1,0,0,1,1,0,1,1,0,0,1
6143,2,1,congested,1,0,0,1,1,0,1,1,1,0,1
6144,2,1,congested,1,0,0,1,1,0,1,1,1,0,1
6145,2,1,congested,1,0,0,1,1,0,1,1,1,0,1
6146,2,1,congested,1,0,0,1,1,0,1,1,1,0,1
6147,2,1,congested,1,0,0,1,0,0,1,0,1,0,1
6148,2,1,congested,1,0,0,1,1,0,1,1,1,0,1
6149,2,1,congested,1,0,0,1,0,0,1,0,1,0,1
6150,2,1,congested,1,0,0,1,1,0,1,1,1,0,1
6151,2,1,congested,1,0,0,1,1,0,1,1,1,0,1
6152,2,1,congested,1,0,0,1,1,0,1,1,1,0,1
6153,2,1,congested,1,0,0,1,1,0,1,1,1,0,1
6154,2,1,congested,1,0,0,1,1,0,1,1,1,0,1
6155,2,1,congested,1,0,0,1,1,0,1,1,1,0,1
6156,2,1,congested,1,0,0,1,0,0,1,0,1,0,1
6157,1,1,onset,0,0,0,0,1,0,1,1,0,0,1
6158,2,1,congested,1,0,0,1,1,0,1,1,1,0,1
6159,0,0,normal,0,0,0,0,0,0,1,0,0,0,1
6160,2,1,congested,1,0,0,1,1,0,1,1,1,0,1
6161,2,1,congested,1,0,0,1,0,0,0,0,1,0,1
6162,0,0,normal,0,0,0,0,0,0,0,0,0,0,0
6163,2,1,congested,1,0,0,1,1,0,1,1,0,0,1
6164,2,1,congested,1,0,0,1,1,0,1,1,0,0,1
6165,1,1,onset,0,0,0,0,1,0,1,1,1,0,1
6166,2,1,congested,1,0,0,1,1,0,1,1,1,0,1
6167,2,1,congested,1,0,0,1,1,0,1,1,1,0,1
6168,2,1,congested,1,0,0,1,0,0,0,0,0,0,0
6169,2,1,congested,1,0,0,1,1,0,1,1,0,0,1
6170,2,1,congested,1,0,0,1,0,0,0,0,1,0,1
6171,0,0,normal,0,0,0,0,0,0,1,0,0,0,1
6172,2,1,congested,1,0,0,1,0,0,0,0,0,0,0
6173,2,1,congested,1,0,0,1,0,0,1,0,1,0,1
6174,2,1,congested,1,0,0,1,1,0,1,1,0,0,1
6175,2,1,congested,1,0,0,1,0,0,1,0,1,0,1
6176,2,1,congested,1,0,0,1,0,0,1,0,1,0,1
6177,2,1,congested,1,0,0,1,0,0,1,0,1,0,1
6178,2,1,congested,1,0,0,1,1,0,1,1,0,0,1
6179,2,1,congested,1,0,0,1,1,0,1,1,1,0,1
6180,2,1,congested,1,0,0,1,1,0,1,1,0,0,1
6181,2,1,congested,1,0,0,1,1,0,1,1,0,0,1
6182,2,1,congested,1,0,0,1,1,0,1,1,1,0,1
6183,2,1,congested,1,0,0,1,0,0,1,0,0,0,1
6184,2,1,congested,1,0,0,1,1,0,1,1,1,0,1
6185,2,1,congested,1,0,0,1,0,0,1,0,0,0,1
6186,2,1,congested,1,0,0,1,1,0,1,1,0,0,1
6187,2,1,congested,1,0,0,1,0,0,1,0,1,0,1
6188,2,1,congested,1,0,0,1,1,0,1,1,1,0,1
6189,0,0,normal,0,0,0,0,0,0,1,0,0,0,1
6190,2,1,congested,1,0,0,1,1,0,1,1,0,0,1
6191,2,1,congested,1,0,0,1,0,0,1,0,0,0,1
6192,2,1,congested,1,0,0,1,0,0,1,0,1,0,1
6193,2,1,congested,1,0,0,1,0,0,1,0,1,0,1
6194,2,1,congested,1,0,0,1,0,0,1,0,0,0,1
6195,2,1,congested,1,0,0,1,1,0,1,1,0,0,1
6196,2,1,congested,1,0,0,1,1,0,1,1,1,0,1
6197,2,1,congested,1,0,0,1,0,0,1,0,0,0,1
6198,2,1,congested,1,0,0,1,1,0,1,1,0,0,1
6199,2,1,congested,1,0,0,1,0,0,1,0,1,0,1
6200,2,1,congested,1,0,0,1,0,0,1,0,0,0,1
6201,2,1,congested,1,0,0,1,0,0,1,0,1,0,1
6202,2,1,congested,1,0,0,1,1,0,1,1,0,0,1
6203,0,0,normal,0,0,0,0,0,0,1,0,1,0,1
6204,2,1,congested,1,0,0,1,0,0,1,0,0,0,1
6205,2,1,congested,1,0,0,1,1,0,1,1,1,0,1
6206,2,1,congested,1,0,0,1,1,0,1,1,0,0,1
6207,2,1,congested,1,0,0,1,1,0,1,1,1,0,1
6208,2,1,congested,1,0,0,1,0,0,1,0,0,0,1
6209,2,1,congested,1,0,0,1,1,0,1,1,1,0,1
6210,2,1,congested,1,0,0,1,1,0,1,1,0,0,1
6211,2,1,congested,1,0,0,1,1,0,1,1,1,0,1
6212,2,1,congested,1,0,0,1,0,0,1,0,0,0,1
6213,2,1,congested,1,0,0,1,0,0,1,0,0,0,1
6214,2,1,congested,1,0,0,1,0,0,1,0,1,0,1
6215,2,1,congested,1,0,0,1,0,0,1,0,0,0,1
6216,2,1,congested,1,0,0,1,0,0,1,0,1,0,1
6217,2,1,congested,1,0,0,1,0,0,1,0,0,0,1
6218,0,0,normal,0,0,0,0,0,0,0,0,0,0,0
6219,2,1,congested,1,0,0,1,0,0,1,0,1,0,1
6220,0,0,normal,0,0,0,0,0,0,0,0,0,0,0
6222,0,0,normal,0,0,0,0,0,0,0,0,0,0,0
6223,0,0,normal,0,0,0,0,0,0,0,0,0,0,0
6224,0,0,normal,0,0,0,0,0,0,0,0,0,0,0
6227,0,0,normal,0,0,0,0,0,0,0,0,0,0,0
6228,0,0,normal,0,0,0,0,0,0,0,0,0,0,0
6229,2,1,congested,1,0,0,1,0,0,0,0,1,0,1
6230,2,1,congested,1,0,0,1,1,0,1,1,1,0,1
6232,0,0,normal,0,0,0,0,0,0,0,0,0,0,0
6233,0,0,normal,0,0,0,0,0,0,0,0,0,0,0
6234,2,1,congested,1,0,0,1,0,0,1,0,1,0,1
6235,0,0,normal,0,0,0,0,0,0,0,0,0,0,0
6236,0,0,normal,0,0,0,0,0,0,0,0,0,0,0
6237,0,0,normal,0,0,0,0,0,0,0,0,0,0,0
6238,0,0,normal,0,0,0,0,0,0,0,0,0,0,0
6239,0,0,normal,0,0,0,0,0,0,0,0,0,0,0
6240,0,0,normal,0,0,0,0,0,0,0,0,0,0,0
6241,0,0,normal,0,0,0,0,0,0,0,0,0,0,0
6242,0,0,normal,0,0,0,0,0,0,0,0,0,0,0
6243,0,0,normal,0,0,0,0,0,0,0,0,0,0,0
6247,0,0,normal,0,0,0,0,0,0,0,0,0,0,0
6248,0,0,normal,0,0,0,0,0,0,0,0,0,0,0
6249,0,0,normal,0,0,0,0,0,0,0,0,0,0,0
6250,2,1,congested,1,0,0,1,0,0,0,0,1,0,1
6251,0,0,normal,0,0,0,0,0,0,0,0,0,0,0
6252,2,1,congested,1,0,0,1,0,0,1,0,1,0,1
6253,0,0,normal,0,0,0,0,0,0,0,0,0,0,0
6254,0,0,normal,0,0,0,0,0,0,0,0,0,0,0
6255,0,0,normal,0,0,0,0,0,0,0,0,0,0,0
6256,0,0,normal,0,0,0,0,0,0,0,0,0,0,0
6257,2,1,congested,1,0,0,1,0,0,1,0,1,0,1
6258,2,1,congested,1,0,0,1,0,0,1,0,1,0,1
6259,0,0,normal,0,0,0,0,0,0,0,0,0,0,0
6260,0,0,normal,0,0,0,0,0,0,0,0,0,0,0
6261,0,0,normal,0,0,0,0,0,0,0,0,0,0,0
6262,0,0,normal,0,0,0,0,0,0,0,0,0,0,0
6263,0,0,normal,0,0,0,0,0,0,0,0,0,0,0
6264,0,0,normal,0,0,0,0,0,0,0,0,0,0,0
6265,2,1,congested,1,0,0,1,0,0,1,0,1,0,1
6266,0,0,normal,0,0,0,0,0,0,0,0,0,0,0
6267,2,1,congested,1,0,0,1,0,0,1,0,1,0,1
6268,0,0,normal,0,0,0,0,0,0,0,0,0,0,0
6269,2,1,congested,1,0,0,1,0,0,1,0,1,0,1
6270,0,0,normal,0,0,0,0,0,0,0,0,0,0,0
6271,0,0,normal,0,0,0,0,0,0,0,0,0,0,0
6272,0,0,normal,0,0,0,0,0,0,0,0,0,0,0
6273,0,0,normal,0,0,0,0,0,0,0,0,0,0,0
6274,0,0,normal,0,0,0,0,0,0,0,0,0,0,0
6275,0,0,normal,0,0,0,0,0,0,0,0,0,0,0
6276,0,0,normal,0,0,0,0,0,0,0,0,0,0,0
6277,0,0,normal,0,0,0,0,0,0,0,0,0,0,0
6278,0,0,normal,0,0,0,0,0,0,0,0,0,0,0
6282,0,0,normal,0,0,0,0,0,0,0,0,0,0,0
6283,0,0,normal,0,0,0,0,0,0,0,0,0,0,0
6284,0,0,normal,0,0,0,0,0,0,0,0,0,0,0
6285,0,0,normal,0,0,0,0,0,0,0,0,0,0,0
6286,2,1,congested,1,0,0,1,0,0,1,0,1,0,1
6287,0,0,normal,0,0,0,0,0,0,0,0,0,0,0
6288,0,0,normal,0,0,0,0,0,0,0,0,0,0,0
6289,0,0,normal,0,0,0,0,0,0,0,0,0,0,0
6290,2,1,congested,1,0,0,1,0,0,0,0,1,0,1
6291,0,0,normal,0,0,0,0,0,0,0,0,0,0,0
6292,0,0,normal,0,0,0,0,0,0,0,0,0,0,0
6293,2,1,congested,1,0,0,1,0,0,1,0,1,0,1
6294,0,0,normal,0,0,0,0,0,0,0,0,0,0,0
6295,2,1,congested,1,0,0,1,0,0,1,0,1,0,1
6296,0,0,normal,0,0,0,0,0,0,0,0,0,0,0
6297,0,0,normal,0,0,0,0,0,0,0,0,0,0,0
6298,0,0,normal,0,0,0,0,0,0,0,0,0,0,0
6299,0,0,normal,0,0,0,0,0,0,0,0,0,0,0
6300,2,1,congested,1,0,0,1,0,0,0,0,1,0,1
6301,0,0,normal,0,0,0,0,0,0,0,0,0,0,0
6302,0,0,normal,0,0,0,0,0,0,0,0,0,0,0
6303,2,1,congested,1,0,0,1,0,0,1,0,1,0,1
6304,0,0,normal,0,0,0,0,0,0,0,0,0,0,0
6305,0,0,normal,0,0,0,0,0,0,0,0,0,0,0
6306,0,0,normal,0,0,0,0,0,0,0,0,0,0,0
6307,0,0,normal,0,0,0,0,0,0,0,0,0,0,0
6308,0,0,normal,0,0,0,0,0,0,0,0,0,0,0
6309,0,0,normal,0,0,0,0,0,0,0,0,0,0,0
6310,2,1,congested,1,0,0,1,0,0,1,0,1,0,1
6311,0,0,normal,0,0,0,0,0,0,0,0,0,0,0
6312,0,0,normal,0,0,0,0,0,0,0,0,0,0,0
6313,0,0,normal,0,0,0,0,0,0,0,0,0,0,0
6314,0,0,normal,0,0,0,0,0,0,0,0,0,0,0
6319,0,0,normal,0,0,0,0,0,0,0,0,0,0,0
6320,0,0,normal,0,0,0,0,0,0,0,0,0,0,0
6321,0,0,normal,0,0,0,0,0,0,0,0,0,0,0
6322,0,0,normal,0,0,0,0,0,0,0,0,0,0,0
6323,0,0,normal,0,0,0,0,0,0,0,0,0,0,0
6324,0,0,normal,0,0,0,0,0,0,0,0,0,0,0
6325,0,0,normal,0,0,0,0,0,0,0,0,0,0,0
6326,0,0,normal,0,0,0,0,0,0,0,0,0,0,0
6327,0,0,normal,0,0,0,0,0,0,0,0,0,0,0
6328,0,0,normal,0,0,0,0,0,0,0,0,0,0,0
6329,0,0,normal,0,0,0,0,0,0,0,0,0,0,0
6330,2,1,congested,1,0,0,1,0,0,1,0,1,0,1
6331,0,0,normal,0,0,0,0,0,0,0,0,0,0,0
6332,0,0,normal,0,0,0,0,0,0,0,0,0,0,0
6333,0,0,normal,0,0,0,0,0,0,0,0,0,0,0
6334,0,0,normal,0,0,0,0,0,0,0,0,0,0,0
6335,0,0,normal,0,0,0,0,0,0,0,0,0,0,0
6336,2,1,congested,1,0,0,1,0,0,1,0,1,0,1
6337,0,0,normal,0,0,0,0,0,0,0,0,0,0,0
6338,0,0,normal,0,0,0,0,0,0,0,0,0,0,0
6339,0,0,normal,0,0,0,0,0,0,0,0,0,0,0
6340,0,0,normal,0,0,0,0,0,0,0,0,0,0,0
6341,0,0,normal,0,0,0,0,0,0,0,0,0,0,0
6342,2,1,congested,1,0,0,1,0,0,1,0,1,0,1
6343,0,0,normal,0,0,0,0,0,0,0,0,0,0,0
6344,0,0,normal,0,0,0,0,0,0,0,0,0,0,0
6345,2,1,congested,1,0,0,1,0,0,1,0,1,0,1
6346,0,0,normal,0,0,0,0,0,0,0,0,0,0,0
6347,0,0,normal,0,0,0,0,0,0,0,0,0,0,0
6348,0,0,normal,0,0,0,0,0,0,0,0,0,0,0
6349,0,0,normal,0,0,0,0,0,0,0,0,0,0,0
6350,0,0,normal,0,0,0,0,0,0,0,0,0,0,0
6353,2,1,congested,1,0,0,1,0,0,1,0,1,0,1
6355,0,0,normal,0,0,0,0,0,0,0,0,0,0,0
6356,0,0,normal,0,0,0,0,0,0,0,0,0,0,0
6357,0,0,normal,0,0,0,0,0,0,0,0,0,0,0
6358,0,0,normal,0,0,0,0,0,0,0,0,0,0,0
6359,0,0,normal,0,0,0,0,0,0,0,0,0,0,0
6360,0,0,normal,0,0,0,0,0,0,0,0,0,0,0
6361,0,0,normal,0,0,0,0,0,0,0,0,0,0,0
6362,0,0,normal,0,0,0,0,0,0,0,0,0,0,0
6363,0,0,normal,0,0,0,0,0,0,0,0,0,0,0
6364,0,0,normal,0,0,0,0,0,0,0,0,0,0,0
6365,0,0,normal,0,0,0,0,0,0,0,0,0,0,0
6366,0,0,normal,0,0,0,0,0,0,0,0,0,0,0
6367,0,0,normal,0,0,0,0,0,0,0,0,0,0,0
6368,0,0,normal,0,0,0,0,0,0,0,0,0,0,0
6369,0,0,normal,0,0,0,0,0,0,0,0,0,0,0
6370,0,0,normal,0,0,0,0,0,0,0,0,0,0,0
6371,0,0,normal,0,0,0,0,0,0,0,0,0,0,0
6372,0,0,normal,0,0,0,0,0,0,0,0,0,0,0
6373,0,0,normal,0,0,0,0,0,0,0,0,0,0,0
6374,0,0,normal,0,0,0,0,0,0,0,0,0,0,0
6375,0,0,normal,0,0,0,0,0,0,0,0,0,0,0
6376,0,0,normal,0,0,0,0,0,0,0,0,0,0,0
6377,0,0,normal,0,0,0,0,0,0,0,0,0,0,0
6378,0,0,normal,0,0,0,0,0,0,0,0,0,0,0
6379,0,0,normal,0,0,0,0,0,0,0,0,0,0,0
6380,0,0,normal,0,0,0,0,0,0,0,0,0,0,0
6381,0,0,normal,0,0,0,0,0,0,0,0,0,0,0
6382,2,1,congested,1,0,0,1,0,0,1,0,1,0,1
6383,0,0,normal,0,0,0,0,0,0,0,0,0,0,0
6384,0,0,normal,0,0,0,0,0,0,0,0,0,0,0
6385,0,0,normal,0,0,0,0,0,0,0,0,0,0,0
6388,2,1,congested,1,0,0,1,0,0,1,0,1,0,1
6390,0,0,normal,0,0,0,0,0,0,0,0,0,0,0
6391,2,1,congested,1,0,0,1,0,0,1,0,1,0,1
6392,0,0,normal,0,0,0,0,0,0,0,0,0,0,0
6393,2,1,congested,1,0,0,1,0,0,1,0,1,0,1
6394,0,0,normal,0,0,0,0,0,0,0,0,0,0,0
6395,2,1,congested,1,0,0,1,0,0,1,0,1,0,1
6396,0,0,normal,0,0,0,0,0,0,0,0,0,0,0
6397,2,1,congested,1,0,0,1,0,0,1,0,1,0,1
6398,0,0,normal,0,0,0,0,0,0,0,0,0,0,0
6399,0,0,normal,0,0,0,0,0,0,0,0,0,0,0
6400,0,0,normal,0,0,0,0,0,0,0,0,0,0,0
6401,0,0,normal,0,0,0,0,0,0,0,0,0,0,0
6402,0,0,normal,0,0,0,0,0,0,0,0,0,0,0
6403,0,0,normal,0,0,0,0,0,0,0,0,0,0,0
6404,0,0,normal,0,0,0,0,0,0,0,0,0,0,0
6405,0,0,normal,0,0,0,0,0,0,0,0,0,0,0
6406,2,1,congested,1,0,0,1,0,0,1,0,1,0,1
6407,0,0,normal,0,0,0,0,0,0,0,0,0,0,0
6408,0,0,normal,0,0,0,0,0,0,0,0,0,0,0
6409,2,1,congested,1,0,0,1,0,0,1,0,1,0,1
6410,0,0,normal,0,0,0,0,0,0,0,0,0,0,0
6411,0,0,normal,0,0,0,0,0,0,0,0,0,0,0
6412,0,0,normal,0,0,0,0,0,0,0,0,0,0,0
6413,0,0,normal,0,0,0,0,0,0,0,0,0,0,0
6414,0,0,normal,0,0,0,0,0,0,0,0,0,0,0
6415,0,0,normal,0,0,0,0,0,0,0,0,0,0,0
6416,0,0,normal,0,0,0,0,0,0,0,0,0,0,0
6417,0,0,normal,0,0,0,0,0,0,0,0,0,0,0
6418,0,0,normal,0,0,0,0,0,0,0,0,0,0,0
6419,0,0,normal,0,0,0,0,0,0,0,0,0,0,0
6420,0,0,normal,0,0,0,0,0,0,0,0,0,0,0
6421,0,0,normal,0,0,0,0,0,0,0,0,0,0,0
6426,0,0,normal,0,0,0,0,0,0,0,0,0,0,0
6427,0,0,normal,0,0,0,0,0,0,0,0,0,0,0
6428,0,0,normal,0,0,0,0,0,0,0,0,0,0,0
6429,0,0,normal,0,0,0,0,0,0,0,0,0,0,0
6430,0,0,normal,0,0,0,0,0,0,0,0,0,0,0
6431,0,0,normal,0,0,0,0,0,0,0,0,0,0,0
6432,0,0,normal,0,0,0,0,0,0,0,0,0,0,0
6433,0,0,normal,0,0,0,0,0,0,0,0,0,0,0
6434,0,0,normal,0,0,0,0,0,0,0,0,0,0,0
6435,0,0,normal,0,0,0,0,0,0,0,0,0,0,0
6436,0,0,normal,0,0,0,0,0,0,0,0,0,0,0
6437,0,0,normal,0,0,0,0,0,0,0,0,0,0,0
6438,0,0,normal,0,0,0,0,0,0,0,0,0,0,0
6439,0,0,normal,0,0,0,0,0,0,0,0,0,0,0
6440,0,0,normal,0,0,0,0,0,0,0,0,0,0,0
6441,0,0,normal,0,0,0,0,0,0,0,0,0,0,0
6442,0,0,normal,0,0,0,0,0,0,0,0,0,0,0
6443,0,0,normal,0,0,0,0,0,0,0,0,0,0,0
6444,0,0,normal,0,0,0,0,0,0,0,0,0,0,0
6445,0,0,normal,0,0,0,0,0,0,0,0,0,0,0
6446,0,0,normal,0,0,0,0,0,0,0,0,0,0,0
6447,0,0,normal,0,0,0,0,0,0,0,0,0,0,0
6448,0,0,normal,0,0,0,0,0,0,0,0,0,0,0
6449,0,0,normal,0,0,0,0,0,0,0,0,0,0,0
6450,0,0,normal,0,0,0,0,0,0,0,0,0,0,0
6451,0,0,normal,0,0,0,0,0,0,0,0,0,0,0
6452,0,0,normal,0,0,0,0,0,0,0,0,0,0,0
6453,0,0,normal,0,0,0,0,0,0,0,0,0,0,0
6454,0,0,normal,0,0,0,0,0,0,0,0,0,0,0
6455,0,0,normal,0,0,0,0,0,0,0,0,0,0,0
6456,0,0,normal,0,0,0,0,0,0,0,0,0,0,0
6457,0,0,normal,0,0,0,0,0,0,0,0,0,0,0
6458,0,0,normal,0,0,0,0,0,0,0,0,0,0,0
6462,0,0,normal,0,0,0,0,0,0,0,0,0,0,0
6463,0,0,normal,0,0,0,0,0,0,0,0,0,0,0
6464,0,0,normal,0,0,0,0,0,0,0,0,0,0,0
6465,0,0,normal,0,0,0,0,0,0,0,0,0,0,0
6466,0,0,normal,0,0,0,0,0,0,0,0,0,0,0
6467,0,0,normal,0,0,0,0,0,0,0,0,0,0,0
6468,0,0,normal,0,0,0,0,0,0,0,0,0,0,0
6469,0,0,normal,0,0,0,0,0,0,0,0,0,0,0
6470,0,0,normal,0,0,0,0,0,0,0,0,0,0,0
6471,0,0,normal,0,0,0,0,0,0,0,0,0,0,0
6472,0,0,normal,0,0,0,0,0,0,0,0,0,0,0
6473,0,0,normal,0,0,0,0,0,0,0,0,0,0,0
6474,0,0,normal,0,0,0,0,0,0,0,0,0,0,0
6475,0,0,normal,0,0,0,0,0,0,0,0,0,0,0
6476,0,0,normal,0,0,0,0,0,0,0,0,0,0,0
6477,0,0,normal,0,0,0,0,0,0,0,0,0,0,0
6478,0,0,normal,0,0,0,0,0,0,0,0,0,0,0
6479,0,0,normal,0,0,0,0,0,0,0,0,0,0,0
6480,0,0,normal,0,0,0,0,0,0,0,0,0,0,0
6481,0,0,normal,0,0,0,0,0,0,0,0,0,0,0
6482,0,0,normal,0,0,0,0,0,0,0,0,0,0,0
6483,0,0,normal,0,0,0,0,0,0,0,0,0,0,0
6484,0,0,normal,0,0,0,0,0,0,0,0,0,0,0
6485,0,0,normal,0,0,0,0,0,0,0,0,0,0,0
6486,0,0,normal,0,0,0,0,0,0,0,0,0,0,0
6487,0,0,normal,0,0,0,0,0,0,0,0,0,0,0
6488,0,0,normal,0,0,0,0,0,0,0,0,0,0,0
6489,0,0,normal,0,0,0,0,0,0,0,0,0,0,0
6490,0,0,normal,0,0,0,0,0,0,0,0,0,0,0
6491,0,0,normal,0,0,0,0,0,0,0,0,0,0,0
6492,0,0,normal,0,0,0,0,0,0,0,0,0,0,0
6493,0,0,normal,0,0,0,0,0,0,0,0,0,0,0
6497,0,0,normal,0,0,0,0,0,0,0,0,0,0,0
6498,0,0,normal,0,0,0,0,0,0,0,0,0,0,0
6499,0,0,normal,0,0,0,0,0,0,0,0,0,0,0
6500,0,0,normal,0,0,0,0,0,0,0,0,0,0,0
6501,0,0,normal,0,0,0,0,0,0,0,0,0,0,0
6502,0,0,normal,0,0,0,0,0,0,0,0,0,0,0
6503,0,0,normal,0,0,0,0,0,0,0,0,0,0,0
6504,0,0,normal,0,0,0,0,0,0,0,0,0,0,0
6505,0,0,normal,0,0,0,0,0,0,0,0,0,0,0
6506,0,0,normal,0,0,0,0,0,0,0,0,0,0,0
6507,0,0,normal,0,0,0,0,0,0,0,0,0,0,0
6508,0,0,normal,0,0,0,0,0,0,0,0,0,0,0
6509,0,0,normal,0,0,0,0,0,0,0,0,0,0,0
6510,0,0,normal,0,0,0,0,0,0,0,0,0,0,0
6511,0,0,normal,0,0,0,0,0,0,0,0,0,0,0
6512,0,0,normal,0,0,0,0,0,0,0,0,0,0,0
6513,0,0,normal,0,0,0,0,0,0,0,0,0,0,0
6514,0,0,normal,0,0,0,0,0,0,0,0,0,0,0
6515,0,0,normal,0,0,0,0,0,0,0,0,0,0,0
6516,0,0,normal,0,0,0,0,0,0,0,0,0,0,0
6517,0,0,normal,0,0,0,0,0,0,0,0,0,0,0
6518,0,0,normal,0,0,0,0,0,0,0,0,0,0,0
6519,2,1,congested,1,0,0,1,0,0,1,0,1,0,1
6520,2,1,congested,1,0,0,1,0,0,1,0,0,0,1
6521,2,1,congested,1,0,0,1,1,0,1,1,1,0,1
6522,2,1,congested,1,0,0,1,0,0,1,0,1,0,1
6523,2,1,congested,1,0,0,1,1,0,1,1,1,0,1
6524,2,1,congested,1,0,0,1,1,0,1,1,1,0,1
6525,2,1,congested,1,0,0,1,0,0,1,0,0,0,1
6526,2,1,congested,1,0,0,1,1,0,1,1,1,0,1
6527,2,1,congested,1,0,0,1,1,0,1,1,1,0,1
6528,2,1,congested,1,0,0,1,1,0,1,1,1,0,1
6529,2,1,congested,1,0,0,1,0,0,1,0,1,0,1
6530,2,1,congested,1,0,0,1,1,0,1,1,1,0,1
6531,2,1,congested,1,0,0,1,1,0,1,1,1,0,1
6532,2,1,congested,1,0,0,1,0,0,1,0,1,0,1
6533,2,1,congested,1,0,0,1,0,0,1,0,1,0,1
6534,2,1,congested,1,0,0,1,1,0,1,1,1,0,1
6535,2,1,congested,1,0,0,1,1,0,1,1,1,0,1
6536,2,1,congested,1,0,0,1,1,0,1,1,1,0,1
6537,2,1,congested,1,0,0,1,0,0,1,0,1,0,1
6538,2,1,congested,1,0,0,1,1,0,1,1,1,0,1
6539,2,1,congested,1,0,0,1,1,0,1,1,1,0,1
6540,2,1,congested,1,0,0,1,1,0,1,1,1,0,1
6541,2,1,congested,1,0,0,1,1,0,1,1,0,0,1
6542,2,1,congested,1,0,0,1,1,0,1,1,1,0,1
6543,2,1,congested,1,0,0,1,1,0,1,1,1,0,1
6544,2,1,congested,1,0,0,1,1,0,1,1,0,0,1
6545,2,1,congested,1,0,0,1,1,0,1,1,1,0,1
6546,2,1,congested,1,0,0,1,1,0,1,1,1,0,1
6547,2,1,congested,1,0,0,1,1,0,1,1,1,0,1
6548,2,1,congested,1,0,0,1,1,0,1,1,0,0,1
6549,2,1,congested,1,0,0,1,1,0,1,1,1,0,1
6550,2,1,congested,1,0,0,1,0,0,1,0,1,0,1
6551,2,1,congested,1,0,0,1,1,0,1,1,1,0,1
6552,2,1,congested,1,0,0,1,1,0,1,1,1,0,1
6553,2,1,congested,1,0,0,1,1,0,1,1,1,0,1
6554,2,1,congested,1,0,0,1,1,0,1,1,1,0,1
6555,2,1,congested,1,0,0,1,1,0,1,1,1,0,1
6556,2,1,congested,1,0,0,1,1,0,1,1,0,0,1
6557,2,1,congested,1,0,0,1,1,0,1,1,1,0,1
6558,2,1,congested,1,0,0,1,1,0,1,1,1,0,1
6559,2,1,congested,1,0,0,1,1,0,1,1,1,0,1
6560,2,1,congested,1,0,0,1,1,0,1,1,1,0,1
6561,2,1,congested,1,0,0,1,1,0,1,1,1,0,1
6562,2,1,congested,1,0,0,1,1,0,1,1,1,0,1
6563,2,1,congested,1,0,0,1,1,0,1,1,1,0,1
6564,2,1,congested,1,0,0,1,1,0,1,1,1,0,1
6565,2,1,congested,1,0,0,1,1,0,1,1,1,0,1
6566,2,1,congested,1,0,0,1,1,0,1,1,1,0,1
6567,2,1,congested,1,0,0,1,1,0,1,1,1,0,1
6568,2,1,congested,1,0,0,1,1,0,1,1,1,0,1
6569,2,1,congested,1,0,0,1,1,0,1,1,1,0,1
6570,2,1,congested,1,0,0,1,1,0,1,1,1,0,1
6571,2,1,congested,1,0,0,1,0,0,1,0,1,0,1
6572,2,1,congested,1,0,0,1,0,0,1,0,1,0,1
6573,2,1,congested,1,0,0,1,1,0,1,1,1,0,1
6574,2,1,congested,1,0,0,1,1,0,1,1,1,0,1
6575,2,1,congested,1,0,0,1,1,0,1,1,1,0,1
6576,2,1,congested,1,0,0,1,1,0,1,1,1,0,1
6577,2,1,congested,1,0,0,1,1,0,1,1,1,0,1
6578,2,1,congested,1,0,0,1,1,0,1,1,1,0,1
6579,2,1,congested,1,0,0,1,1,0,1,1,1,0,1
6580,2,1,congested,1,0,0,1,1,0,1,1,1,0,1
6581,2,1,congested,1,0,0,1,1,0,1,1,1,0,1
6582,2,1,congested,1,0,0,1,1,0,1,1,0,0,1
6583,2,1,congested,1,0,0,1,1,0,1,1,1,0,1
6584,2,1,congested,1,0,0,1,0,0,1,0,1,0,1
6585,2,1,congested,1,0,0,1,1,0,1,1,1,0,1
6586,2,1,congested,1,0,0,1,1,0,1,1,0,0,1
6587,2,1,congested,1,0,0,1,1,0,1,1,1,0,1
6588,2,1,congested,1,0,0,1,0,0,1,0,1,0,1
6589,2,1,congested,1,0,0,1,0,0,1,0,1,0,1
6590,2,1,congested,1,0,0,1,1,0,1,1,1,0,1
6591,2,1,congested,1,0,0,1,1,0,1,1,1,0,1
6592,2,1,congested,1,0,0,1,1,0,1,1,1,0,1
6593,2,1,congested,1,0,0,1,1,0,1,1,0,0,1
6594,2,1,congested,1,0,0,1,0,0,1,0,1,0,1
6595,2,1,congested,1,0,0,1,1,0,1,1,1,0,1
6596,2,1,congested,1,0,0,1,1,0,1,1,1,0,1
6597,2,1,congested,1,0,0,1,1,0,1,1,1,0,1
6598,2,1,congested,1,0,0,1,1,0,1,1,1,0,1
6599,2,1,congested,1,0,0,1,1,0,1,1,0,0,1
6600,2,1,congested,1,0,0,1,1,0,1,1,1,0,1
6601,2,1,congested,1,0,0,1,1,0,1,1,1,0,1
6602,2,1,congested,1,0,0,1,1,0,1,1,1,0,1
6603,2,1,congested,1,0,0,1,1,0,1,1,1,0,1
6604,2,1,congested,1,0,0,1,0,0,1,0,1,0,1
6605,2,1,congested,1,0,0,1,0,0,1,0,0,0,1
6606,2,1,congested,1,0,0,1,1,0,1,1,1,0,1
6607,2,1,congested,1,0,0,1,1,0,1,1,1,0,1
6608,2,1,congested,1,0,0,1,0,0,1,0,1,0,1
6609,2,1,congested,1,0,0,1,1,0,1,1,1,0,1
6610,2,1,congested,1,0,0,1,0,0,1,0,1,0,1
6611,2,1,congested,1,0,0,1,1,0,1,1,1,0,1
6612,2,1,congested,1,0,0,1,1,0,1,1,1,0,1
6613,2,1,congested,1,0,0,1,1,0,1,1,1,0,1
6614,2,1,congested,1,0,0,1,0,0,1,0,1,0,1
6615,2,1,congested,1,0,0,1,1,0,1,1,0,0,1
6616,2,1,congested,1,0,0,1,1,0,1,1,1,0,1
6617,2,1,congested,1,0,0,1,1,0,1,1,1,0,1
6618,2,1,congested,1,0,0,1,0,0,1,0,1,0,1
6619,2,1,congested,1,0,0,1,1,0,1,1,1,0,1
6620,2,1,congested,1,0,0,1,1,0,1,1,1,0,1
6621,2,1,congested,1,0,0,1,1,0,1,1,1,0,1
6622,2,1,congested,1,0,0,1,1,0,1,1,1,0,1
6623,2,1,congested,1,0,0,1,1,0,1,1,1,0,1
6624,2,1,congested,1,0,0,1,0,0,1,0,1,0,1
6625,2,1,congested,1,0,0,1,0,0,1,0,1,0,1
6626,2,1,congested,1,0,0,1,0,0,1,0,1,0,1
6627,2,1,congested,1,0,0,1,0,0,1,0,0,0,1
6628,2,1,congested,1,0,0,1,1,0,1,1,1,0,1
6629,2,1,congested,1,0,0,1,1,0,1,1,1,0,1
6630,2,1,congested,1,0,0,1,1,0,1,1,1,0,1
6631,2,1,congested,1,0,0,1,1,0,1,1,1,0,1
6632,2,1,congested,1,0,0,1,1,0,1,1,1,0,1
6633,2,1,congested,1,0,0,1,1,0,1,1,0,0,1
6634,2,1,congested,1,0,0,1,1,0,1,1,1,0,1
6635,2,1,congested,1,0,0,1,1,0,1,1,1,0,1
6636,2,1,congested,1,0,0,1,1,0,1,1,1,0,1
6637,2,1,congested,1,0,0,1,1,0,1,1,0,0,1
6638,2,1,congested,1,0,0,1,1,0,1,1,1,0,1
6639,2,1,congested,1,0,0,1,1,0,1,1,0,0,1
6640,2,1,congested,1,0,0,1,1,0,1,1,1,0,1
6641,2,1,congested,1,0,0,1,0,0,1,0,1,0,1
6642,2,1,congested,1,0,0,1,1,0,1,1,1,0,1
6643,2,1,congested,1,0,0,1,1,0,1,1,1,0,1
6644,2,1,congested,1,0,0,1,1,0,1,1,1,0,1
6645,2,1,congested,1,0,0,1,1,0,1,1,1,0,1
6646,2,1,congested,1,0,0,1,1,0,1,1,1,0,1
6647,2,1,congested,1,0,0,1,1,0,1,1,1,0,1
6648,2,1,congested,1,0,0,1,1,0,1,1,1,0,1
6649,2,1,congested,1,0,0,1,1,0,1,1,1,0,1
6650,2,1,congested,1,0,0,1,0,0,1,0,0,0,1
6651,2,1,congested,1,0,0,1,1,0,1,1,1,0,1
6652,2,1,congested,1,0,0,1,1,0,1,1,1,0,1
6653,2,1,congested,1,0,0,1,1,0,1,1,1,0,1
6654,2,1,congested,1,0,0,1,1,0,1,1,0,0,1
6655,2,1,congested,1,0,0,1,1,0,1,1,1,0,1
6656,2,1,congested,1,0,0,1,1,0,1,1,1,0,1
6657,2,1,congested,1,0,0,1,1,0,1,1,1,0,1
6658,2,1,congested,1,0,0,1,1,0,1,1,1,0,1
6659,2,1,congested,1,0,0,1,0,0,1,0,1,0,1
6660,2,1,congested,1,0,0,1,1,0,1,1,1,0,1
6661,2,1,congested,1,0,0,1,1,0,1,1,1,0,1
6662,2,1,congested,1,0,0,1,0,0,1,0,1,0,1
6663,2,1,congested,1,0,0,1,0,0,1,0,0,0,1
6664,2,1,congested,1,0,0,1,1,0,1,1,1,0,1
6665,2,1,congested,1,0,0,1,1,0,1,1,1,0,1
6666,2,1,congested,1,0,0,1,1,0,1,1,1,0,1
6667,2,1,congested,1,0,0,1,1,0,1,1,1,0,1
6668,2,1,congested,1,0,0,1,1,0,1,1,0,0,1
6669,2,1,congested,1,0,0,1,1,0,1,1,1,0,1
6670,2,1,congested,1,0,0,1,1,0,1,1,1,0,1
6671,2,1,congested,1,0,0,1,1,0,1,1,1,0,1
6672,2,1,congested,1,0,0,1,1,0,1,1,1,0,1
6673,2,1,congested,1,0,0,1,1,0,1,1,1,0,1
6674,2,1,congested,1,0,0,1,1,0,1,1,1,0,1
6675,2,1,congested,1,0,0,1,1,0,1,1,0,0,1
6676,2,1,congested,1,0,0,1,1,0,1,1,1,0,1
6677,2,1,congested,1,0,0,1,1,0,1,1,1,0,1
6678,2,1,congested,1,0,0,1,0,0,1,0,1,0,1
6679,2,1,congested,1,0,0,1,1,0,1,1,1,0,1
6680,2,1,congested,1,0,0,1,1,0,1,1,0,0,1
6681,2,1,congested,1,0,0,1,0,0,1,0,1,0,1
6682,2,1,congested,1,0,0,1,1,0,1,1,1,0,1
6683,2,1,congested,1,0,0,1,1,0,1,1,1,0,1
6684,2,1,congested,1,0,0,1,0,0,1,0,1,0,1
6685,2,1,congested,1,0,0,1,1,0,1,1,1,0,1
6686,2,1,congested,1,0,0,1,0,0,1,0,1,0,1
6687,2,1,congested,1,0,0,1,0,0,1,0,1,0,1
6688,2,1,congested,1,0,0,1,1,0,1,1,1,0,1
6689,2,1,congested,1,0,0,1,0,0,1,0,1,0,1
6690,2,1,congested,1,0,0,1,0,0,1,0,1,0,1
6691,2,1,congested,1,0,0,1,0,0,1,0,1,0,1
6692,2,1,congested,1,0,0,1,1,0,1,1,1,0,1
6693,2,1,congested,1,0,0,1,1,0,1,1,1,0,1
6694,2,1,congested,1,0,0,1,0,0,1,0,1,0,1
6695,2,1,congested,1,0,0,1,1,0,1,1,1,0,1
6696,2,1,congested,1,0,0,1,1,0,1,1,1,0,1
6697,2,1,congested,1,0,0,1,0,0,1,0,1,0,1
6698,2,1,congested,1,0,0,1,0,0,1,0,1,0,1
6699,2,1,congested,1,0,0,1,0,0,1,0,1,0,1
6700,2,1,congested,1,0,0,1,0,0,1,0,1,0,1
6701,2,1,congested,1,0,0,1,1,0,1,1,1,0,1
6702,2,1,congested,1,0,0,1,0,0,1,0,1,0,1
6703,2,1,congested,1,0,0,1,0,0,1,0,1,0,1
6704,2,1,congested,1,0,0,1,1,0,1,1,1,0,1
6705,2,1,congested,1,0,0,1,1,0,1,1,1,0,1
6714,2,1,congested,1,0,0,1,0,0,1,0,1,0,1
6717,2,1,congested,1,0,0,1,0,0,1,0,1,0,1
6753,2,1,congested,1,0,0,1,0,0,1,0,1,0,1
6757,2,1,congested,1,0,0,1,0,0,1,0,1,0,1
6761,2,1,congested,1,0,0,1,0,0,1,0,1,0,1
6774,2,1,congested,1,0,0,1,0,0,1,0,1,0,1
6779,2,1,congested,1,0,0,1,0,0,1,0,1,0,1
6781,2,1,congested,1,0,0,1,0,0,1,0,1,0,1
6794,2,1,congested,1,0,0,1,0,0,1,0,1,0,1
6804,2,1,congested,1,0,0,1,0,0,1,0,1,0,1
6811,2,1,congested,1,0,0,1,0,0,1,0,1,0,1
6835,2,1,congested,1,0,0,1,0,0,1,0,1,0,1
6864,2,1,congested,1,0,0,1,0,0,0,0,1,0,1
6867,2,1,congested,1,0,0,1,0,0,1,0,1,0,1
6869,2,1,congested,1,0,0,1,0,0,1,0,1,0,1
6871,2,1,congested,1,0,0,1,0,0,1,0,1,0,1
6891,2,1,congested,1,0,0,1,0,0,1,0,1,0,1
7000,2,1,congested,1,0,0,1,0,0,1,0,1,0,1
7001,2,1,congested,1,0,0,1,0,0,1,0,0,0,1
7002,2,1,congested,1,0,0,1,0,0,1,0,0,0,1
7003,2,1,congested,1,0,0,1,1,0,1,1,1,0,1
7004,2,1,congested,1,0,0,1,1,0,1,1,0,0,1
7005,2,1,congested,1,0,0,1,1,0,1,1,1,0,1
7006,2,1,congested,1,0,0,1,1,0,1,1,1,0,1
7007,2,1,congested,1,0,0,1,1,0,1,1,1,0,1
7008,2,1,congested,1,0,0,1,0,0,1,0,1,0,1
7009,2,1,congested,1,0,0,1,0,0,1,0,0,0,1
7010,2,1,congested,1,0,0,1,0,0,1,0,1,0,1
7011,2,1,congested,1,0,0,1,1,0,1,1,1,0,1
7012,2,1,congested,1,0,0,1,0,0,1,0,1,0,1
7013,2,1,congested,1,0,0,1,1,0,1,1,1,0,1
7014,2,1,congested,1,0,0,1,0,0,1,0,0,0,1
7015,2,1,congested,1,0,0,1,1,0,1,1,1,0,1
7016,2,1,congested,1,0,0,1,1,0,1,1,1,0,1
7017,2,1,congested,1,0,0,1,1,0,1,1,1,0,1
7018,2,1,congested,1,0,0,1,0,0,1,0,1,0,1
7019,2,1,congested,1,0,0,1,1,0,1,1,1,0,1
7020,2,1,congested,1,0,0,1,1,0,1,1,1,0,1
7021,2,1,congested,1,0,0,1,1,0,1,1,0,0,1
7022,2,1,congested,1,0,0,1,1,0,1,1,1,0,1
7023,2,1,congested,1,0,0,1,1,0,1,1,1,0,1
7024,2,1,congested,1,0,0,1,1,0,1,1,1,0,1
7025,2,1,congested,1,0,0,1,1,0,1,1,0,0,1
7026,2,1,congested,1,0,0,1,1,0,1,1,1,0,1
7027,2,1,congested,1,0,0,1,1,0,1,1,1,0,1
7028,2,1,congested,1,0,0,1,1,0,1,1,1,0,1
7029,2,1,congested,1,0,0,1,1,0,1,1,1,0,1
7030,2,1,congested,1,0,0,1,1,0,1,1,1,0,1
7031,2,1,congested,1,0,0,1,1,0,1,1,1,0,1
7032,2,1,congested,1,0,0,1,0,0,1,0,1,0,1
7033,2,1,congested,1,0,0,1,0,0,1,0,1,0,1
7034,2,1,congested,1,0,0,1,0,0,1,0,0,0,1
7035,2,1,congested,1,0,0,1,1,0,1,1,1,0,1
7036,2,1,congested,1,0,0,1,1,0,1,1,1,0,1
7037,2,1,congested,1,0,0,1,0,0,1,0,1,0,1
7038,2,1,congested,1,0,0,1,1,0,1,1,1,0,1
7039,2,1,congested,1,0,0,1,0,0,1,0,1,0,1
7040,2,1,congested,1,0,0,1,0,0,1,0,1,0,1
7041,2,1,congested,1,0,0,1,0,0,1,0,1,0,1
7042,2,1,congested,1,0,0,1,0,0,1,0,1,0,1
7043,2,1,congested,1,0,0,1,1,0,1,1,1,0,1
7044,2,1,congested,1,0,0,1,0,0,1,0,1,0,1
7045,2,1,congested,1,0,0,1,0,0,1,0,0,0,1
7046,2,1,congested,1,0,0,1,1,0,1,1,1,0,1
7047,2,1,congested,1,0,0,1,0,0,1,0,1,0,1
7048,2,1,congested,1,0,0,1,1,0,1,1,1,0,1
7049,2,1,congested,1,0,0,1,1,0,1,1,1,0,1
7050,2,1,congested,1,0,0,1,1,0,1,1,0,0,1
7051,2,1,congested,1,0,0,1,1,0,1,1,1,0,1
7052,2,1,congested,1,0,0,1,0,0,1,0,1,0,1
7053,2,1,congested,1,0,0,1,0,0,1,0,1,0,1
7054,2,1,congested,1,0,0,1,1,0,1,1,1,0,1
7055,2,1,congested,1,0,0,1,1,0,1,1,1,0,1
7056,2,1,congested,1,0,0,1,1,0,1,1,1,0,1
7057,2,1,congested,1,0,0,1,0,0,1,0,1,0,1
7058,2,1,congested,1,0,0,1,0,0,1,0,1,0,1
7059,2,1,congested,1,0,0,1,0,0,1,0,1,0,1
7060,2,1,congested,1,0,0,1,1,0,1,1,1,0,1
7061,2,1,congested,1,0,0,1,1,0,1,1,1,0,1
7062,2,1,congested,1,0,0,1,1,0,1,1,1,0,1
7063,2,1,congested,1,0,0,1,1,0,1,1,1,0,1
7064,2,1,congested,1,0,0,1,1,0,1,1,1,0,1
7065,2,1,congested,1,0,0,1,1,0,1,1,0,0,1
7066,2,1,congested,1,0,0,1,1,0,1,1,1,0,1
7067,2,1,congested,1,0,0,1,1,0,1,1,1,0,1
7068,2,1,congested,1,0,0,1,1,0,1,1,1,0,1
7069,2,1,congested,1,0,0,1,0,0,1,0,1,0,1
7070,2,1,congested,1,0,0,1,0,0,1,0,1,0,1
7071,2,1,congested,1,0,0,1,1,0,1,1,1,0,1
7072,2,1,congested,1,0,0,1,1,0,1,1,1,0,1
7073,2,1,congested,1,0,0,1,1,0,1,1,1,0,1
7074,2,1,congested,1,0,0,1,1,0,1,1,1,0,1
7075,2,1,congested,1,0,0,1,0,0,1,0,0,0,1
7076,2,1,congested,1,0,0,1,1,0,1,1,1,0,1
7077,2,1,congested,1,0,0,1,1,0,1,1,1,0,1
7078,2,1,congested,1,0,0,1,1,0,1,1,1,0,1
7079,2,1,congested,1,0,0,1,1,0,1,1,1,0,1
7080,2,1,congested,1,0,0,1,1,0,1,1,1,0,1
7081,2,1,congested,1,0,0,1,1,0,1,1,1,0,1
7082,2,1,congested,1,0,0,1,1,0,1,1,1,0,1
7083,2,1,congested,1,0,0,1,0,0,1,0,1,0,1
7084,2,1,congested,1,0,0,1,1,0,1,1,1,0,1
7085,2,1,congested,1,0,0,1,0,0,1,0,1,0,1
7086,2,1,congested,1,0,0,1,0,0,1,0,1,0,1
7087,2,1,congested,1,0,0,1,0,0,1,0,1,0,1
7088,2,1,congested,1,0,0,1,0,0,1,0,1,0,1
7089,2,1,congested,1,0,0,1,0,0,1,0,1,0,1
7090,2,1,congested,1,0,0,1,1,0,1,1,1,0,1
7091,2,1,congested,1,0,0,1,0,0,1,0,1,0,1
7092,2,1,congested,1,0,0,1,0,0,1,0,1,0,1
7093,2,1,congested,1,0,0,1,1,0,1,1,1,0,1
7094,2,1,congested,1,0,0,1,0,0,1,0,1,0,1
7095,2,1,congested,1,0,0,1,1,0,1,1,1,0,1
7096,2,1,congested,1,0,0,1,1,0,1,1,1,0,1
7097,2,1,congested,1,0,0,1,1,0,1,1,1,0,1
7098,2,1,congested,1,0,0,1,1,0,1,1,1,0,1
7099,2,1,congested,1,0,0,1,1,0,1,1,1,0,1
7100,2,1,congested,1,0,0,1,1,0,1,1,1,0,1
7101,2,1,congested,1,0,0,1,1,0,1,1,1,0,1
7102,2,1,congested,1,0,0,1,1,0,1,1,1,0,1
7103,2,1,congested,1,0,0,1,1,0,1,1,1,0,1
7104,2,1,congested,1,0,0,1,1,0,1,1,1,0,1
7105,2,1,congested,1,0,0,1,1,0,1,1,1,0,1
7106,2,1,congested,1,0,0,1,0,0,1,0,1,0,1
7107,2,1,congested,1,0,0,1,0,0,1,0,1,0,1
7108,2,1,congested,1,0,0,1,0,0,1,0,1,0,1
7109,2,1,congested,1,0,0,1,0,0,1,0,1,0,1
7110,2,1,congested,1,0,0,1,0,0,1,0,1,0,1
7111,2,1,congested,1,0,0,1,1,0,1,1,0,0,1
7112,2,1,congested,1,0,0,1,1,0,1,1,1,0,1
7113,2,1,congested,1,0,0,1,1,0,1,1,1,0,1
7114,2,1,congested,1,0,0,1,1,0,1,1,1,0,1
7115,2,1,congested,1,0,0,1,1,0,1,1,0,0,1
7116,2,1,congested,1,0,0,1,1,0,1,1,1,0,1
7117,2,1,congested,1,0,0,1,1,0,1,1,1,0,1
7118,2,1,congested,1,0,0,1,1,0,1,1,1,0,1
7119,2,1,congested,1,0,0,1,1,0,1,1,1,0,1
7120,2,1,congested,1,0,0,1,1,0,1,1,1,0,1
7121,2,1,congested,1,0,0,1,1,0,1,1,1,0,1
7122,2,1,congested,1,0,0,1,1,0,1,1,1,0,1
7123,2,1,congested,1,0,0,1,1,0,1,1,1,0,1
7124,2,1,congested,1,0,0,1,1,0,1,1,0,0,1
7125,2,1,congested,1,0,0,1,1,0,1,1,1,0,1
7126,2,1,congested,1,0,0,1,1,0,1,1,1,0,1
7127,2,1,congested,1,0,0,1,1,0,1,1,1,0,1
7128,2,1,congested,1,0,0,1,1,0,1,1,1,0,1
7129,2,1,congested,1,0,0,1,1,0,1,1,1,0,1
7130,2,1,congested,1,0,0,1,1,0,1,1,0,0,1
7131,2,1,congested,1,0,0,1,1,0,1,1,1,0,1
7132,2,1,congested,1,0,0,1,1,0,1,1,1,0,1
7133,2,1,congested,1,0,0,1,1,0,1,1,1,0,1
7134,2,1,congested,1,0,0,1,1,0,1,1,1,0,1
7135,2,1,congested,1,0,0,1,0,0,1,0,1,0,1
7136,2,1,congested,1,0,0,1,0,0,1,0,1,0,1
7137,2,1,congested,1,0,0,1,0,0,1,0,0,0,1
7138,2,1,congested,1,0,0,1,0,0,1,0,1,0,1
7139,2,1,congested,1,0,0,1,0,0,1,0,1,0,1
7140,2,1,congested,1,0,0,1,1,0,1,1,1,0,1
7141,2,1,congested,1,0,0,1,1,0,1,1,1,0,1
7142,2,1,congested,1,0,0,1,1,0,1,1,1,0,1
7143,2,1,congested,1,0,0,1,1,0,1,1,1,0,1
7144,2,1,congested,1,0,0,1,1,0,1,1,1,0,1
7145,2,1,congested,1,0,0,1,1,0,1,1,1,0,1
7146,2,1,congested,1,0,0,1,1,0,1,1,1,0,1
7147,2,1,congested,1,0,0,1,1,0,1,1,1,0,1
7148,2,1,congested,1,0,0,1,1,0,1,1,1,0,1
7149,2,1,congested,1,0,0,1,1,0,1,1,1,0,1
7150,2,1,congested,1,0,0,1,1,0,1,1,1,0,1
7151,2,1,congested,1,0,0,1,1,0,1,1,0,0,1
7152,2,1,congested,1,0,0,1,1,0,1,1,0,0,1
7153,2,1,congested,1,0,0,1,1,0,1,1,1,0,1
7154,2,1,congested,1,0,0,1,1,0,1,1,1,0,1
7155,2,1,congested,1,0,0,1,1,0,1,1,1,0,1
7156,2,1,congested,1,0,0,1,1,0,1,1,1,0,1
7157,2,1,congested,1,0,0,1,1,0,1,1,1,0,1
7158,2,1,congested,1,0,0,1,1,0,1,1,1,0,1
7159,2,1,congested,1,0,0,1,1,0,1,1,1,0,1
7160,2,1,congested,1,0,0,1,1,0,1,1,1,0,1
7161,2,1,congested,1,0,0,1,1,0,1,1,0,0,1
7162,2,1,congested,1,0,0,1,1,0,1,1,1,0,1
7163,2,1,congested,1,0,0,1,1,0,1,1,1,0,1
7164,2,1,congested,1,0,0,1,1,0,1,1,1,0,1
7165,2,1,congested,1,0,0,1,1,0,1,1,1,0,1
7166,2,1,congested,1,0,0,1,1,0,1,1,1,0,1
7167,2,1,congested,1,0,0,1,0,0,1,0,1,0,1
7168,2,1,congested,1,0,0,1,1,0,1,1,0,0,1
7169,2,1,congested,1,0,0,1,1,0,1,1,1,0,1
7170,2,1,congested,1,0,0,1,1,0,1,1,1,0,1
7171,2,1,congested,1,0,0,1,1,0,1,1,1,0,1
7172,2,1,congested,1,0,0,1,1,0,1,1,1,0,1
7173,2,1,congested,1,0,0,1,1,0,1,1,1,0,1
7174,2,1,congested,1,0,0,1,1,0,1,1,1,0,1
7175,2,1,congested,1,0,0,1,1,0,1,1,1,0,1
7176,2,1,congested,1,0,0,1,1,0,1,1,1,0,1
7177,2,1,congested,1,0,0,1,1,0,1,1,1,0,1
7178,2,1,congested,1,0,0,1,1,0,1,1,1,0,1
7179,2,1,congested,1,0,0,1,1,0,1,1,0,0,1
7180,2,1,congested,1,0,0,1,0,0,1,0,1,0,1
7181,2,1,congested,1,0,0,1,1,0,1,1,1,0,1
7182,2,1,congested,1,0,0,1,1,0,1,1,1,0,1
7183,2,1,congested,1,0,0,1,0,0,1,0,1,0,1
7184,2,1,congested,1,0,0,1,1,0,1,1,1,0,1
7185,2,1,congested,1,0,0,1,0,0,1,0,1,0,1
7186,2,1,congested,1,0,0,1,1,0,1,1,1,0,1
7187,2,1,congested,1,0,0,1,1,0,1,1,1,0,1
7188,2,1,congested,1,0,0,1,1,0,1,1,1,0,1
7189,2,1,congested,1,0,0,1,1,0,1,1,0,0,1
7190,2,1,congested,1,0,0,1,1,0,1,1,1,0,1
7191,2,1,congested,1,0,0,1,0,0,1,0,1,0,1
7192,2,1,congested,1,0,0,1,1,0,1,1,1,0,1
7193,2,1,congested,1,0,0,1,0,0,1,0,1,0,1
7194,2,1,congested,1,0,0,1,1,0,1,1,1,0,1
7195,2,1,congested,1,0,0,1,0,0,1,0,1,0,1
7196,2,1,congested,1,0,0,1,1,0,1,1,1,0,1
7197,2,1,congested,1,0,0,1,0,0,1,0,1,0,1
7198,2,1,congested,1,0,0,1,1,0,1,1,1,0,1
7199,2,1,congested,1,0,0,1,1,0,1,1,0,0,1
7200,2,1,congested,1,0,0,1,0,0,1,0,1,0,1
7201,2,1,congested,1,0,0,1,0,0,1,0,1,0,1
7202,2,1,congested,1,0,0,1,0,0,1,0,1,0,1
7203,2,1,congested,1,0,0,1,0,0,1,0,1,0,1
7204,2,1,congested,1,0,0,1,1,0,1,1,1,0,1
7205,2,1,congested,1,0,0,1,1,0,1,1,1,0,1
7206,2,1,congested,1,0,0,1,0,0,1,0,1,0,1
7207,2,1,congested,1,0,0,1,1,0,1,1,0,0,1
7208,0,0,normal,0,0,0,0,0,0,0,0,0,0,0
7210,2,1,congested,1,0,0,1,0,0,1,0,1,0,1
7212,0,0,normal,0,0,0,0,0,0,0,0,0,0,0
7214,0,0,normal,0,0,0,0,0,0,0,0,0,0,0
7216,0,0,normal,0,0,0,0,0,0,0,0,0,0,0
7217,0,0,normal,0,0,0,0,0,0,0,0,0,0,0
7221,0,0,normal,0,0,0,0,0,0,0,0,0,0,0
7222,0,0,normal,0,0,0,0,0,0,0,0,0,0,0
7223,0,0,normal,0,0,0,0,0,0,0,0,0,0,0
7224,2,1,congested,1,0,0,1,0,0,1,0,1,0,1
7225,0,0,normal,0,0,0,0,0,0,0,0,0,0,0
7226,0,0,normal,0,0,0,0,0,0,0,0,0,0,0
7227,0,0,normal,0,0,0,0,0,0,0,0,0,0,0
7229,0,0,normal,0,0,0,0,0,0,0,0,0,0,0
7230,0,0,normal,0,0,0,0,0,0,0,0,0,0,0
7231,0,0,normal,0,0,0,0,0,0,0,0,0,0,0
7232,0,0,normal,0,0,0,0,0,0,0,0,0,0,0
7234,0,0,normal,0,0,0,0,0,0,0,0,0,0,0
7235,0,0,normal,0,0,0,0,0,0,0,0,0,0,0
7236,0,0,normal,0,0,0,0,0,0,0,0,0,0,0
7237,0,0,normal,0,0,0,0,0,0,0,0,0,0,0
7238,0,0,normal,0,0,0,0,0,0,0,0,0,0,0
7239,0,0,normal,0,0,0,0,0,0,0,0,0,0,0
7240,2,1,congested,1,0,0,1,0,0,1,0,1,0,1
7241,0,0,normal,0,0,0,0,0,0,0,0,0,0,0
7244,0,0,normal,0,0,0,0,0,0,0,0,0,0,0
7249,0,0,normal,0,0,0,0,0,0,0,0,0,0,0
7250,0,0,normal,0,0,0,0,0,0,0,0,0,0,0
7251,0,0,normal,0,0,0,0,0,0,0,0,0,0,0
7252,0,0,normal,0,0,0,0,0,0,0,0,0,0,0
7253,0,0,normal,0,0,0,0,0,0,0,0,0,0,0
7254,0,0,normal,0,0,0,0,0,0,0,0,0,0,0
7255,0,0,normal,0,0,0,0,0,0,0,0,0,0,0
7256,0,0,normal,0,0,0,0,0,0,0,0,0,0,0
7257,0,0,normal,0,0,0,0,0,0,0,0,0,0,0
7258,0,0,normal,0,0,0,0,0,0,0,0,0,0,0
7259,0,0,normal,0,0,0,0,0,0,0,0,0,0,0
7260,0,0,normal,0,0,0,0,0,0,0,0,0,0,0
7261,0,0,normal,0,0,0,0,0,0,0,0,0,0,0
7262,0,0,normal,0,0,0,0,0,0,0,0,0,0,0
7263,0,0,normal,0,0,0,0,0,0,0,0,0,0,0
7264,0,0,normal,0,0,0,0,0,0,0,0,0,0,0
7265,2,1,congested,1,0,0,1,0,0,1,0,1,0,1
7266,0,0,normal,0,0,0,0,0,0,0,0,0,0,0
7267,0,0,normal,0,0,0,0,0,0,0,0,0,0,0
7268,0,0,normal,0,0,0,0,0,0,0,0,0,0,0
7269,0,0,normal,0,0,0,0,0,0,0,0,0,0,0
7270,0,0,normal,0,0,0,0,0,0,0,0,0,0,0
7271,0,0,normal,0,0,0,0,0,0,0,0,0,0,0
7272,0,0,normal,0,0,0,0,0,0,0,0,0,0,0
7273,0,0,normal,0,0,0,0,0,0,0,0,0,0,0
7274,0,0,normal,0,0,0,0,0,0,0,0,0,0,0
7275,0,0,normal,0,0,0,0,0,0,0,0,0,0,0
7276,0,0,normal,0,0,0,0,0,0,0,0,0,0,0
7277,0,0,normal,0,0,0,0,0,0,0,0,0,0,0
7278,0,0,normal,0,0,0,0,0,0,0,0,0,0,0
7279,0,0,normal,0,0,0,0,0,0,0,0,0,0,0
7280,0,0,normal,0,0,0,0,0,0,0,0,0,0,0
7283,2,1,congested,1,0,0,1,0,0,1,0,1,0,1
7285,0,0,normal,0,0,0,0,0,0,0,0,0,0,0
7286,2,1,congested,1,0,0,1,0,0,1,0,1,0,1
7287,2,1,congested,1,0,0,1,0,0,1,0,1,0,1
7288,0,0,normal,0,0,0,0,0,0,0,0,0,0,0
7290,0,0,normal,0,0,0,0,0,0,0,0,0,0,0
7291,0,0,normal,0,0,0,0,0,0,0,0,0,0,0
7292,0,0,normal,0,0,0,0,0,0,0,0,0,0,0
7293,0,0,normal,0,0,0,0,0,0,0,0,0,0,0
7294,0,0,normal,0,0,0,0,0,0,0,0,0,0,0
7295,0,0,normal,0,0,0,0,0,0,0,0,0,0,0
7296,0,0,normal,0,0,0,0,0,0,0,0,0,0,0
7297,0,0,normal,0,0,0,0,0,0,0,0,0,0,0
7298,0,0,normal,0,0,0,0,0,0,0,0,0,0,0
7299,0,0,normal,0,0,0,0,0,0,0,0,0,0,0
7300,0,0,normal,0,0,0,0,0,0,0,0,0,0,0
7301,0,0,normal,0,0,0,0,0,0,0,0,0,0,0
7302,0,0,normal,0,0,0,0,0,0,0,0,0,0,0
7303,0,0,normal,0,0,0,0,0,0,0,0,0,0,0
7304,2,1,congested,1,0,0,1,0,0,1,0,1,0,1
7305,0,0,normal,0,0,0,0,0,0,0,0,0,0,0
7306,2,1,congested,1,0,0,1,0,0,1,0,1,0,1
7307,0,0,normal,0,0,0,0,0,0,0,0,0,0,0
7308,2,1,congested,1,0,0,1,0,0,1,0,1,0,1
7309,2,1,congested,1,0,0,1,0,0,1,0,1,0,1
7310,0,0,normal,0,0,0,0,0,0,0,0,0,0,0
7311,0,0,normal,0,0,0,0,0,0,0,0,0,0,0
7312,0,0,normal,0,0,0,0,0,0,0,0,0,0,0
7313,0,0,normal,0,0,0,0,0,0,0,0,0,0,0
7314,0,0,normal,0,0,0,0,0,0,0,0,0,0,0
7315,0,0,normal,0,0,0,0,0,0,0,0,0,0,0
7316,2,1,congested,1,0,0,1,0,0,1,0,1,0,1
7320,0,0,normal,0,0,0,0,0,0,0,0,0,0,0
7321,0,0,normal,0,0,0,0,0,0,0,0,0,0,0
7322,0,0,normal,0,0,0,0,0,0,0,0,0,0,0
7323,0,0,normal,0,0,0,0,0,0,0,0,0,0,0
7324,0,0,normal,0,0,0,0,0,0,0,0,0,0,0
7325,0,0,normal,0,0,0,0,0,0,0,0,0,0,0
7326,0,0,normal,0,0,0,0,0,0,0,0,0,0,0
7327,0,0,normal,0,0,0,0,0,0,0,0,0,0,0
7328,0,0,normal,0,0,0,0,0,0,0,0,0,0,0
7329,2,1,congested,1,0,0,1,0,0,1,0,1,0,1
7330,0,0,normal,0,0,0,0,0,0,0,0,0,0,0
7331,0,0,normal,0,0,0,0,0,0,0,0,0,0,0
7332,0,0,normal,0,0,0,0,0,0,0,0,0,0,0
7333,0,0,normal,0,0,0,0,0,0,0,0,0,0,0
7334,0,0,normal,0,0,0,0,0,0,0,0,0,0,0
7335,0,0,normal,0,0,0,0,0,0,0,0,0,0,0
7336,0,0,normal,0,0,0,0,0,0,0,0,0,0,0
7337,0,0,normal,0,0,0,0,0,0,0,0,0,0,0
7338,0,0,normal,0,0,0,0,0,0,0,0,0,0,0
7339,0,0,normal,0,0,0,0,0,0,0,0,0,0,0
7340,0,0,normal,0,0,0,0,0,0,0,0,0,0,0
7341,0,0,normal,0,0,0,0,0,0,0,0,0,0,0
7342,0,0,normal,0,0,0,0,0,0,0,0,0,0,0
7343,0,0,normal,0,0,0,0,0,0,0,0,0,0,0
7344,0,0,normal,0,0,0,0,0,0,0,0,0,0,0
7345,0,0,normal,0,0,0,0,0,0,0,0,0,0,0
7346,0,0,normal,0,0,0,0,0,0,0,0,0,0,0
7347,2,1,congested,1,0,0,1,0,0,0,0,1,0,1
7348,2,1,congested,1,0,0,1,0,0,1,0,1,0,1
7349,0,0,normal,0,0,0,0,0,0,0,0,0,0,0
7350,0,0,normal,0,0,0,0,0,0,0,0,0,0,0
7351,0,0,normal,0,0,0,0,0,0,0,0,0,0,0
7352,2,1,congested,1,0,0,1,0,0,1,0,1,0,1
7356,2,1,congested,1,0,0,1,0,0,0,0,1,0,1
7357,0,0,normal,0,0,0,0,0,0,0,0,0,0,0
7358,0,0,normal,0,0,0,0,0,0,0,0,0,0,0
7359,0,0,normal,0,0,0,0,0,0,0,0,0,0,0
7360,0,0,normal,0,0,0,0,0,0,0,0,0,0,0
7361,0,0,normal,0,0,0,0,0,0,0,0,0,0,0
7362,0,0,normal,0,0,0,0,0,0,0,0,0,0,0
7363,2,1,congested,1,0,0,1,0,0,1,0,1,0,1
7364,0,0,normal,0,0,0,0,0,0,0,0,0,0,0
7365,0,0,normal,0,0,0,0,0,0,0,0,0,0,0
7366,0,0,normal,0,0,0,0,0,0,0,0,0,0,0
7367,0,0,normal,0,0,0,0,0,0,0,0,0,0,0
7368,2,1,congested,1,0,0,1,0,0,1,0,1,0,1
7369,0,0,normal,0,0,0,0,0,0,0,0,0,0,0
7370,0,0,normal,0,0,0,0,0,0,0,0,0,0,0
7371,0,0,normal,0,0,0,0,0,0,0,0,0,0,0
7372,0,0,normal,0,0,0,0,0,0,0,0,0,0,0
7373,0,0,normal,0,0,0,0,0,0,0,0,0,0,0
7374,0,0,normal,0,0,0,0,0,0,0,0,0,0,0
7375,0,0,normal,0,0,0,0,0,0,0,0,0,0,0
7376,0,0,normal,0,0,0,0,0,0,0,0,0,0,0
7377,0,0,normal,0,0,0,0,0,0,0,0,0,0,0
7378,0,0,normal,0,0,0,0,0,0,0,0,0,0,0
7379,0,0,normal,0,0,0,0,0,0,0,0,0,0,0
7380,0,0,normal,0,0,0,0,0,0,0,0,0,0,0
7381,0,0,normal,0,0,0,0,0,0,0,0,0,0,0
7382,0,0,normal,0,0,0,0,0,0,0,0,0,0,0
7383,0,0,normal,0,0,0,0,0,0,0,0,0,0,0
7384,0,0,normal,0,0,0,0,0,0,0,0,0,0,0
7385,2,1,congested,1,0,0,1,0,0,1,0,1,0,1
7386,0,0,normal,0,0,0,0,0,0,0,0,0,0,0
7387,0,0,normal,0,0,0,0,0,0,0,0,0,0,0
7388,0,0,normal,0,0,0,0,0,0,0,0,0,0,0
7392,0,0,normal,0,0,0,0,0,0,0,0,0,0,0
7393,0,0,normal,0,0,0,0,0,0,0,0,0,0,0
7394,0,0,normal,0,0,0,0,0,0,0,0,0,0,0
7395,0,0,normal,0,0,0,0,0,0,0,0,0,0,0
7396,0,0,normal,0,0,0,0,0,0,0,0,0,0,0
7397,0,0,normal,0,0,0,0,0,0,0,0,0,0,0
7398,0,0,normal,0,0,0,0,0,0,0,0,0,0,0
7399,0,0,normal,0,0,0,0,0,0,0,0,0,0,0
7400,0,0,normal,0,0,0,0,0,0,0,0,0,0,0
7401,0,0,normal,0,0,0,0,0,0,0,0,0,0,0
7402,0,0,normal,0,0,0,0,0,0,0,0,0,0,0
7403,0,0,normal,0,0,0,0,0,0,0,0,0,0,0
7404,2,1,congested,1,0,0,1,0,0,1,0,1,0,1
7405,2,1,congested,1,0,0,1,0,0,1,0,1,0,1
7406,0,0,normal,0,0,0,0,0,0,0,0,0,0,0
7407,0,0,normal,0,0,0,0,0,0,0,0,0,0,0
7408,0,0,normal,0,0,0,0,0,0,0,0,0,0,0
7409,0,0,normal,0,0,0,0,0,0,0,0,0,0,0
7410,2,1,congested,1,0,0,1,0,0,1,0,1,0,1
7411,0,0,normal,0,0,0,0,0,0,0,0,0,0,0
7412,0,0,normal,0,0,0,0,0,0,0,0,0,0,0
7413,0,0,normal,0,0,0,0,0,0,0,0,0,0,0
7414,0,0,normal,0,0,0,0,0,0,0,0,0,0,0
7415,0,0,normal,0,0,0,0,0,0,0,0,0,0,0
7416,0,0,normal,0,0,0,0,0,0,0,0,0,0,0
7417,0,0,normal,0,0,0,0,0,0,0,0,0,0,0
7418,0,0,normal,0,0,0,0,0,0,0,0,0,0,0
7419,0,0,normal,0,0,0,0,0,0,0,0,0,0,0
7420,0,0,normal,0,0,0,0,0,0,0,0,0,0,0
7421,0,0,normal,0,0,0,0,0,0,0,0,0,0,0
7422,0,0,normal,0,0,0,0,0,0,0,0,0,0,0
7423,0,0,normal,0,0,0,0,0,0,0,0,0,0,0
7427,0,0,normal,0,0,0,0,0,0,0,0,0,0,0
7428,0,0,normal,0,0,0,0,0,0,0,0,0,0,0
7429,0,0,normal,0,0,0,0,0,0,0,0,0,0,0
7430,0,0,normal,0,0,0,0,0,0,0,0,0,0,0
7431,0,0,normal,0,0,0,0,0,0,0,0,0,0,0
7432,0,0,normal,0,0,0,0,0,0,0,0,0,0,0
7433,0,0,normal,0,0,0,0,0,0,0,0,0,0,0
7434,0,0,normal,0,0,0,0,0,0,0,0,0,0,0
7435,0,0,normal,0,0,0,0,0,0,0,0,0,0,0
7436,0,0,normal,0,0,0,0,0,0,0,0,0,0,0
7437,0,0,normal,0,0,0,0,0,0,0,0,0,0,0
7438,0,0,normal,0,0,0,0,0,0,0,0,0,0,0
7439,0,0,normal,0,0,0,0,0,0,0,0,0,0,0
7440,0,0,normal,0,0,0,0,0,0,0,0,0,0,0
7441,0,0,normal,0,0,0,0,0,0,0,0,0,0,0
7442,0,0,normal,0,0,0,0,0,0,0,0,0,0,0
7443,0,0,normal,0,0,0,0,0,0,0,0,0,0,0
7444,0,0,normal,0,0,0,0,0,0,0,0,0,0,0
7445,0,0,normal,0,0,0,0,0,0,0,0,0,0,0
7446,0,0,normal,0,0,0,0,0,0,0,0,0,0,0
7447,0,0,normal,0,0,0,0,0,0,0,0,0,0,0
7448,0,0,normal,0,0,0,0,0,0,0,0,0,0,0
7449,0,0,normal,0,0,0,0,0,0,0,0,0,0,0
7450,0,0,normal,0,0,0,0,0,0,0,0,0,0,0
7451,0,0,normal,0,0,0,0,0,0,0,0,0,0,0
7452,0,0,normal,0,0,0,0,0,0,0,0,0,0,0
7453,0,0,normal,0,0,0,0,0,0,0,0,0,0,0
7454,0,0,normal,0,0,0,0,0,0,0,0,0,0,0
7455,0,0,normal,0,0,0,0,0,0,0,0,0,0,0
7456,0,0,normal,0,0,0,0,0,0,0,0,0,0,0
7457,0,0,normal,0,0,0,0,0,0,0,0,0,0,0
7458,0,0,normal,0,0,0,0,0,0,0,0,0,0,0
7459,0,0,normal,0,0,0,0,0,0,0,0,0,0,0
7464,0,0,normal,0,0,0,0,0,0,0,0,0,0,0
7465,0,0,normal,0,0,0,0,0,0,0,0,0,0,0
7466,0,0,normal,0,0,0,0,0,0,0,0,0,0,0
7467,0,0,normal,0,0,0,0,0,0,0,0,0,0,0
7468,0,0,normal,0,0,0,0,0,0,0,0,0,0,0
7469,0,0,normal,0,0,0,0,0,0,0,0,0,0,0
7470,0,0,normal,0,0,0,0,0,0,0,0,0,0,0
7471,0,0,normal,0,0,0,0,0,0,0,0,0,0,0
7472,0,0,normal,0,0,0,0,0,0,0,0,0,0,0
7473,0,0,normal,0,0,0,0,0,0,0,0,0,0,0
7474,0,0,normal,0,0,0,0,0,0,0,0,0,0,0
7475,0,0,normal,0,0,0,0,0,0,0,0,0,0,0
7476,0,0,normal,0,0,0,0,0,0,0,0,0,0,0
7477,0,0,normal,0,0,0,0,0,0,0,0,0,0,0
7478,0,0,normal,0,0,0,0,0,0,0,0,0,0,0
7479,0,0,normal,0,0,0,0,0,0,0,0,0,0,0
7480,0,0,normal,0,0,0,0,0,0,0,0,0,0,0
7481,0,0,normal,0,0,0,0,0,0,0,0,0,0,0
7482,0,0,normal,0,0,0,0,0,0,0,0,0,0,0
7483,0,0,normal,0,0,0,0,0,0,0,0,0,0,0
7484,0,0,normal,0,0,0,0,0,0,0,0,0,0,0
7485,0,0,normal,0,0,0,0,0,0,0,0,0,0,0
7486,0,0,normal,0,0,0,0,0,0,0,0,0,0,0
7487,0,0,normal,0,0,0,0,0,0,0,0,0,0,0
7488,0,0,normal,0,0,0,0,0,0,0,0,0,0,0
7489,0,0,normal,0,0,0,0,0,0,0,0,0,0,0
7490,0,0,normal,0,0,0,0,0,0,0,0,0,0,0
7491,0,0,normal,0,0,0,0,0,0,0,0,0,0,0
7492,0,0,normal,0,0,0,0,0,0,0,0,0,0,0
7493,0,0,normal,0,0,0,0,0,0,0,0,0,0,0
7494,0,0,normal,0,0,0,0,0,0,0,0,0,0,0
7499,0,0,normal,0,0,0,0,0,1,0,1,0,0,0
7500,0,0,normal,0,0,0,0,0,0,0,0,0,0,0
7501,0,0,normal,0,0,0,0,0,0,0,0,0,0,0
7502,0,0,normal,0,0,0,0,0,0,0,0,0,0,0
7503,0,0,normal,0,0,0,0,0,0,0,0,0,0,0
7504,0,0,normal,0,0,0,0,0,0,0,0,0,0,0
7505,0,0,normal,0,0,0,0,0,0,0,0,0,0,0
7506,0,0,normal,0,0,0,0,0,0,0,0,0,0,0
7507,0,0,normal,0,0,0,0,0,0,0,0,0,0,0
7508,0,0,normal,0,0,0,0,0,0,0,0,0,0,0
7509,0,0,normal,0,0,0,0,0,0,0,0,0,0,0
7510,0,0,normal,0,0,0,0,0,0,0,0,0,0,0
7511,0,0,normal,0,0,0,0,0,0,0,0,0,0,0
7512,0,0,normal,0,0,0,0,0,0,0,0,0,0,0
7513,0,0,normal,0,0,0,0,0,0,0,0,0,0,0
7514,0,0,normal,0,0,0,0,0,0,0,0,0,0,0
7515,0,0,normal,0,0,0,0,0,0,0,0,0,0,0
7516,0,0,normal,0,0,0,0,0,0,0,0,0,0,0
7517,0,0,normal,0,0,0,0,0,0,0,0,0,0,0
7518,0,0,normal,0,0,0,0,0,0,0,0,0,0,0
7519,0,0,normal,0,0,0,0,0,0,0,0,0,0,0
7520,0,0,normal,0,0,0,0,0,0,0,0,0,0,0
7521,0,0,normal,0,0,0,0,0,0,0,0,0,0,0
7522,0,0,normal,0,0,0,0,0,0,0,0,0,0,0
7523,0,0,normal,0,0,0,0,0,0,0,0,0,0,0
7524,0,0,normal,0,0,0,0,0,0,0,0,0,0,0
7525,2,1,congested,1,0,0,1,0,0,1,0,1,0,1
7526,2,1,congested,1,0,0,1,0,0,1,0,0,0,1
7527,2,1,congested,1,0,0,1,0,0,1,0,0,0,1
7528,2,1,congested,1,0,0,1,1,0,1,1,1,0,1
7529,2,1,congested,1,0,0,1,0,0,1,0,0,0,1
7530,1,1,onset,0,0,0,0,1,0,1,1,1,0,1
7531,2,1,congested,1,0,0,1,0,0,1,0,1,0,1
7532,2,1,congested,1,0,0,1,1,0,1,1,1,0,1
7533,2,1,congested,1,0,0,1,0,0,1,0,1,0,1
7534,2,1,congested,1,0,0,1,1,0,1,1,1,0,1
7535,2,1,congested,1,0,0,1,1,0,1,1,1,0,1
7536,2,1,congested,1,0,0,1,1,0,1,1,1,0,1
7537,2,1,congested,1,0,0,1,1,0,1,1,1,0,1
7538,2,1,congested,1,0,0,1,1,0,1,1,1,0,1
7539,2,1,congested,1,0,0,1,1,0,1,1,1,0,1
7540,2,1,congested,1,0,0,1,1,0,1,1,1,0,1
7541,2,1,congested,1,0,0,1,1,0,1,1,1,0,1
7542,2,1,congested,1,0,0,1,1,0,1,1,1,0,1
7543,2,1,congested,1,0,0,1,1,0,1,1,1,0,1
7544,2,1,congested,1,0,0,1,1,0,1,1,1,0,1
7545,2,1,congested,1,0,0,1,1,0,1,1,1,0,1
7546,2,1,congested,1,0,0,1,1,0,1,1,1,0,1
7547,2,1,congested,1,0,0,1,0,0,1,0,1,0,1
7548,2,1,congested,1,0,0,1,0,0,1,0,1,0,1
7549,2,1,congested,1,0,0,1,1,0,1,1,1,0,1
7550,2,1,congested,1,0,0,1,0,0,1,0,1,0,1
7551,2,1,congested,1,0,0,1,0,0,1,0,1,0,1
7552,2,1,congested,1,0,0,1,1,0,1,1,0,0,1
7553,2,1,congested,1,0,0,1,1,0,1,1,1,0,1
7554,2,1,congested,1,0,0,1,1,0,1,1,1,0,1
7555,2,1,congested,1,0,0,1,1,0,1,1,1,0,1
7556,2,1,congested,1,0,0,1,0,0,1,0,1,0,1
7557,2,1,congested,1,0,0,1,0,0,1,0,1,0,1
7558,2,1,congested,1,0,0,1,0,0,1,0,1,0,1
7559,2,1,congested,1,0,0,1,1,0,1,1,1,0,1
7560,2,1,congested,1,0,0,1,0,0,1,0,1,0,1
7561,2,1,congested,1,0,0,1,1,0,1,1,1,0,1
7562,2,1,congested,1,0,0,1,0,0,1,0,1,0,1
7563,2,1,congested,1,0,0,1,1,0,1,1,1,0,1
7564,2,1,congested,1,0,0,1,1,0,1,1,1,0,1
7565,2,1,congested,1,0,0,1,0,0,1,0,1,0,1
7566,2,1,congested,1,0,0,1,1,0,1,1,1,0,1
7567,2,1,congested,1,0,0,1,0,0,1,0,1,0,1
7568,2,1,congested,1,0,0,1,1,0,1,1,1,0,1
7569,2,1,congested,1,0,0,1,1,0,1,1,1,0,1
7570,2,1,congested,1,0,0,1,1,0,1,1,0,0,1
7571,2,1,congested,1,0,0,1,0,0,1,0,1,0,1
7572,2,1,congested,1,0,0,1,0,0,1,0,1,0,1
7573,2,1,congested,1,0,0,1,1,0,1,1,1,0,1
7574,2,1,congested,1,0,0,1,1,0,1,1,1,0,1
7575,2,1,congested,1,0,0,1,0,0,1,0,1,0,1
7576,2,1,congested,1,0,0,1,1,0,1,1,1,0,1
7577,2,1,congested,1,0,0,1,0,0,1,0,1,0,1
7578,2,1,congested,1,0,0,1,0,0,1,0,1,0,1
7579,2,1,congested,1,0,0,1,0,0,1,0,1,0,1
7580,2,1,congested,1,0,0,1,1,0,1,1,1,0,1
7581,2,1,congested,1,0,0,1,0,0,1,0,0,0,1
7582,2,1,congested,1,0,0,1,1,0,1,1,1,0,1
7583,2,1,congested,1,0,0,1,1,0,1,1,1,0,1
7584,2,1,congested,1,0,0,1,1,0,1,1,1,0,1
7585,2,1,congested,1,0,0,1,1,0,1,1,1,0,1
7586,2,1,congested,1,0,0,1,1,0,1,1,1,0,1
7587,2,1,congested,1,0,0,1,1,0,1,1,1,0,1
7588,2,1,congested,1,0,0,1,1,0,1,1,1,0,1
7589,2,1,congested,1,0,0,1,0,0,1,0,1,0,1
7590,2,1,congested,1,0,0,1,1,0,1,1,1,0,1
7591,2,1,congested,1,0,0,1,1,0,1,1,1,0,1
7592,2,1,congested,1,0,0,1,1,0,1,1,0,0,1
7593,2,1,congested,1,0,0,1,1,0,1,1,1,0,1
7594,2,1,congested,1,0,0,1,0,0,1,0,1,0,1
7595,2,1,congested,1,0,0,1,1,0,1,1,1,0,1
7596,2,1,congested,1,0,0,1,1,0,1,1,0,0,1
7597,2,1,congested,1,0,0,1,1,0,1,1,1,0,1
7598,2,1,congested,1,0,0,1,1,0,1,1,1,0,1
7599,2,1,congested,1,0,0,1,1,0,1,1,1,0,1
7600,2,1,congested,1,0,0,1,0,0,1,0,1,0,1
7601,2,1,congested,1,0,0,1,0,0,1,0,0,0,1
7602,2,1,congested,1,0,0,1,1,0,1,1,1,0,1
7603,2,1,congested,1,0,0,1,1,0,1,1,1,0,1
7604,2,1,congested,1,0,0,1,1,0,1,1,1,0,1
7605,2,1,congested,1,0,0,1,1,0,1,1,0,0,1
7606,2,1,congested,1,0,0,1,1,0,1,1,1,0,1
7607,2,1,congested,1,0,0,1,1,0,1,1,1,0,1
7608,2,1,congested,1,0,0,1,1,0,1,1,1,0,1
7609,2,1,congested,1,0,0,1,1,0,1,1,1,0,1
7610,2,1,congested,1,0,0,1,1,0,1,1,1,0,1
7611,2,1,congested,1,0,0,1,1,0,1,1,1,0,1
7612,2,1,congested,1,0,0,1,1,0,1,1,1,0,1
7613,2,1,congested,1,0,0,1,1,0,1,1,1,0,1
7614,2,1,congested,1,0,0,1,1,0,1,1,1,0,1
7615,2,1,congested,1,0,0,1,1,0,1,1,1,0,1
7616,2,1,congested,1,0,0,1,1,0,1,1,1,0,1
7617,2,1,congested,1,0,0,1,1,0,1,1,1,0,1
7618,2,1,congested,1,0,0,1,1,0,1,1,1,0,1
7619,2,1,congested,1,0,0,1,1,0,1,1,1,0,1
7620,2,1,congested,1,0,0,1,1,0,1,1,0,0,1
7621,2,1,congested,1,0,0,1,1,0,1,1,1,0,1
7622,2,1,congested,1,0,0,1,1,0,1,1,1,0,1
7623,2,1,congested,1,0,0,1,1,0,1,1,1,0,1
7624,2,1,congested,1,0,0,1,1,0,1,1,1,0,1
7625,2,1,congested,1,0,0,1,1,0,1,1,0,0,1
7626,2,1,congested,1,0,0,1,1,0,1,1,1,0,1
7627,2,1,congested,1,0,0,1,1,0,1,1,0,0,1
7628,2,1,congested,1,0,0,1,1,0,1,1,1,0,1
7629,2,1,congested,1,0,0,1,1,0,1,1,1,0,1
7630,2,1,congested,1,0,0,1,1,0,1,1,1,0,1
7631,2,1,congested,1,0,0,1,1,0,1,1,1,0,1
7632,2,1,congested,1,0,0,1,1,0,1,1,1,0,1
7633,2,1,congested,1,0,0,1,1,0,1,1,1,0,1
7634,2,1,congested,1,0,0,1,1,0,1,1,1,0,1
7635,2,1,congested,1,0,0,1,1,0,1,1,1,0,1
7636,2,1,congested,1,0,0,1,1,0,1,1,1,0,1
7637,2,1,congested,1,0,0,1,1,0,1,1,1,0,1
7638,2,1,congested,1,0,0,1,1,0,1,1,0,0,1
7639,2,1,congested,1,0,0,1,1,0,1,1,1,0,1
7640,2,1,congested,1,0,0,1,1,0,1,1,0,0,1
7641,2,1,congested,1,0,0,1,1,0,1,1,1,0,1
7642,2,1,congested,1,0,0,1,0,0,1,0,1,0,1
7643,2,1,congested,1,0,0,1,1,0,1,1,1,0,1
7644,2,1,congested,1,0,0,1,0,0,1,0,1,0,1
7645,2,1,congested,1,0,0,1,0,0,1,0,1,0,1
7646,2,1,congested,1,0,0,1,1,0,1,1,1,0,1
7647,2,1,congested,1,0,0,1,1,0,1,1,0,0,1
7648,2,1,congested,1,0,0,1,1,0,1,1,1,0,1
7649,2,1,congested,1,0,0,1,1,0,1,1,0,0,1
7650,2,1,congested,1,0,0,1,1,0,1,1,1,0,1
7651,2,1,congested,1,0,0,1,0,0,1,0,1,0,1
7652,2,1,congested,1,0,0,1,0,0,1,0,1,0,1
7653,2,1,congested,1,0,0,1,0,0,1,0,1,0,1
7654,2,1,congested,1,0,0,1,1,0,1,1,1,0,1
7655,2,1,congested,1,0,0,1,0,0,1,0,1,0,1
7656,2,1,congested,1,0,0,1,1,0,1,1,1,0,1
7657,2,1,congested,1,0,0,1,1,0,1,1,1,0,1
7658,2,1,congested,1,0,0,1,1,0,1,1,1,0,1
7659,2,1,congested,1,0,0,1,1,0,1,1,1,0,1
7660,2,1,congested,1,0,0,1,1,0,1,1,1,0,1
7661,2,1,congested,1,0,0,1,1,0,1,1,1,0,1
7662,2,1,congested,1,0,0,1,1,0,1,1,0,0,1
7663,2,1,congested,1,0,0,1,1,0,1,1,1,0,1
7664,2,1,congested,1,0,0,1,1,0,1,1,1,0,1
7665,2,1,congested,1,0,0,1,0,0,1,0,0,0,1
7666,2,1,congested,1,0,0,1,0,0,1,0,1,0,1
7667,2,1,congested,1,0,0,1,0,0,1,0,1,0,1
7668,2,1,congested,1,0,0,1,1,0,1,1,1,0,1
7669,2,1,congested,1,0,0,1,1,0,1,1,1,0,1
7670,2,1,congested,1,0,0,1,1,0,1,1,1,0,1
7671,2,1,congested,1,0,0,1,1,0,1,1,1,0,1
7672,2,1,congested,1,0,0,1,1,0,1,1,1,0,1
7673,2,1,congested,1,0,0,1,1,0,1,1,1,0,1
7674,2,1,congested,1,0,0,1,1,0,1,1,1,0,1
7675,2,1,congested,1,0,0,1,1,0,1,1,1,0,1
7676,2,1,congested,1,0,0,1,1,0,1,1,1,0,1
7677,2,1,congested,1,0,0,1,1,0,1,1,1,0,1
7678,2,1,congested,1,0,0,1,1,0,1,1,1,0,1
7679,2,1,congested,1,0,0,1,0,0,1,0,1,0,1
7680,2,1,congested,1,0,0,1,0,0,1,0,1,0,1
7681,2,1,congested,1,0,0,1,1,0,1,1,1,0,1
7682,2,1,congested,1,0,0,1,0,0,1,0,1,0,1
7683,2,1,congested,1,0,0,1,1,0,1,1,1,0,1
7684,2,1,congested,1,0,0,1,1,0,1,1,1,0,1
7685,2,1,congested,1,0,0,1,0,0,1,0,1,0,1
7686,2,1,congested,1,0,0,1,1,0,1,1,1,0,1
7687,2,1,congested,1,0,0,1,1,0,1,1,1,0,1
7688,2,1,congested,1,0,0,1,0,0,1,0,1,0,1
7689,2,1,congested,1,0,0,1,0,0,1,0,1,0,1
7690,2,1,congested,1,0,0,1,0,0,1,0,1,0,1
7691,2,1,congested,1,0,0,1,0,0,1,0,1,0,1
7692,2,1,congested,1,0,0,1,0,0,1,0,1,0,1
7693,2,1,congested,1,0,0,1,1,0,1,1,1,0,1
7694,2,1,congested,1,0,0,1,1,0,1,1,0,0,1
7695,2,1,congested,1,0,0,1,0,0,1,0,1,0,1
7696,2,1,congested,1,0,0,1,0,0,1,0,1,0,1
7697,2,1,congested,1,0,0,1,0,0,1,0,1,0,1
7698,2,1,congested,1,0,0,1,0,0,1,0,1,0,1
7699,2,1,congested,1,0,0,1,1,0,1,1,1,0,1
7700,2,1,congested,1,0,0,1,1,0,1,1,1,0,1
7701,2,1,congested,1,0,0,1,0,0,1,0,1,0,1
7702,2,1,congested,1,0,0,1,1,0,1,1,1,0,1
7703,2,1,congested,1,0,0,1,1,0,1,1,0,0,1
7704,2,1,congested,1,0,0,1,0,0,1,0,1,0,1
7705,2,1,congested,1,0,0,1,0,0,1,0,0,0,1
7706,2,1,congested,1,0,0,1,0,0,1,0,1,0,1
7707,2,1,congested,1,0,0,1,1,0,1,1,0,0,1
7708,2,1,congested,1,0,0,1,0,0,1,0,1,0,1
7709,2,1,congested,1,0,0,1,1,0,1,1,0,0,1
7710,2,1,congested,1,0,0,1,1,0,1,1,0,0,1
7711,2,1,congested,1,0,0,1,1,0,1,1,1,0,1
7712,2,1,congested,1,0,0,1,0,0,1,0,1,0,1
7713,1,1,onset,0,0,0,0,1,0,1,1,0,0,1
7714,2,1,congested,1,0,0,1,1,0,1,1,1,0,1
7715,0,0,normal,0,0,0,0,0,0,1,0,0,0,1
7716,2,1,congested,1,0,0,1,0,0,1,0,0,0,1
7717,2,1,congested,1,0,0,1,1,0,1,1,1,0,1
7718,2,1,congested,1,0,0,1,0,0,1,0,1,0,1
7726,2,1,congested,1,0,0,1,0,0,0,0,1,0,1
7732,2,1,congested,1,0,0,1,0,0,1,0,1,0,1
7739,2,1,congested,1,0,0,1,0,0,1,0,1,0,1
7753,2,1,congested,1,0,0,1,0,0,1,0,1,0,1
7760,2,1,congested,1,0,0,1,0,0,1,0,1,0,1
7778,2,1,congested,1,0,0,1,0,0,0,0,1,0,1
7793,2,1,congested,1,0,0,1,0,0,1,0,1,0,1
7795,2,1,congested,1,0,0,1,0,0,0,0,1,0,1
7799,2,1,congested,1,0,0,1,0,0,1,0,1,0,1
7803,2,1,congested,1,0,0,1,0,0,1,0,1,0,1
7810,2,1,congested,1,0,0,1,0,0,0,0,1,0,1
7813,2,1,congested,1,0,0,1,0,0,1,0,1,0,1
7820,2,1,congested,1,0,0,1,0,0,1,0,1,0,1
7821,2,1,congested,1,0,0,1,0,0,1,0,1,0,1
7842,2,1,congested,1,0,0,1,0,0,1,0,1,0,1
7852,2,1,congested,1,0,0,1,0,0,1,0,1,0,1
7856,2,1,congested,1,0,0,1,0,0,1,0,1,0,1
7858,2,1,congested,1,0,0,1,0,0,1,0,1,0,1
7894,2,1,congested,1,0,0,1,0,0,1,0,1,0,1
7896,2,1,congested,1,0,0,1,0,0,1,0,1,0,1
7908,2,1,congested,1,0,0,1,0,0,1,0,1,0,1
8004,2,1,congested,1,0,0,1,0,0,1,0,1,0,1
8005,2,1,congested,1,0,0,1,0,0,1,0,1,0,1
8006,2,1,congested,1,0,0,1,0,0,1,0,1,0,1
8007,2,1,congested,1,0,0,1,1,0,1,1,0,0,1
8008,2,1,congested,1,0,0,1,1,0,1,1,1,0,1
8009,2,1,congested,1,0,0,1,1,0,1,1,1,0,1
8010,2,1,congested,1,0,0,1,1,0,1,1,1,0,1
8011,2,1,congested,1,0,0,1,0,0,1,0,1,0,1
8012,2,1,congested,1,0,0,1,1,0,1,1,1,0,1
8013,2,1,congested,1,0,0,1,0,0,1,0,1,0,1
8014,2,1,congested,1,0,0,1,1,0,1,1,1,0,1
8015,2,1,congested,1,0,0,1,0,0,1,0,1,0,1
8016,2,1,congested,1,0,0,1,1,0,1,1,1,0,1
8017,2,1,congested,1,0,0,1,1,0,1,1,1,0,1
8018,2,1,congested,1,0,0,1,1,0,1,1,1,0,1
8019,2,1,congested,1,0,0,1,1,0,1,1,1,0,1
8020,2,1,congested,1,0,0,1,1,0,1,1,0,0,1
8021,2,1,congested,1,0,0,1,1,0,1,1,1,0,1
8022,2,1,congested,1,0,0,1,1,0,1,1,1,0,1
8023,2,1,congested,1,0,0,1,0,0,1,0,1,0,1
8024,2,1,congested,1,0,0,1,1,0,1,1,1,0,1
8025,2,1,congested,1,0,0,1,0,0,1,0,1,0,1
8026,2,1,congested,1,0,0,1,1,0,1,1,1,0,1
8027,2,1,congested,1,0,0,1,1,0,1,1,1,0,1
8028,2,1,congested,1,0,0,1,0,0,1,0,1,0,1
8029,2,1,congested,1,0,0,1,0,0,1,0,1,0,1
8030,2,1,congested,1,0,0,1,1,0,1,1,1,0,1
8031,2,1,congested,1,0,0,1,1,0,1,1,1,0,1
8032,2,1,congested,1,0,0,1,1,0,1,1,1,0,1
8033,2,1,congested,1,0,0,1,1,0,1,1,1,0,1
8034,2,1,congested,1,0,0,1,0,0,1,0,1,0,1
8035,2,1,congested,1,0,0,1,1,0,1,1,1,0,1
8036,2,1,congested,1,0,0,1,1,0,1,1,1,0,1
8037,2,1,congested,1,0,0,1,0,0,1,0,1,0,1
8038,2,1,congested,1,0,0,1,1,0,1,1,1,0,1
8039,2,1,congested,1,0,0,1,1,0,1,1,1,0,1
8040,2,1,congested,1,0,0,1,1,0,1,1,1,0,1
8041,2,1,congested,1,0,0,1,1,0,1,1,1,0,1
8042,2,1,congested,1,0,0,1,1,0,1,1,1,0,1
8043,2,1,congested,1,0,0,1,1,0,1,1,1,0,1
8044,2,1,congested,1,0,0,1,0,0,1,0,0,0,1
8045,2,1,congested,1,0,0,1,1,0,1,1,1,0,1
8046,2,1,congested,1,0,0,1,1,0,1,1,1,0,1
8047,2,1,congested,1,0,0,1,1,0,1,1,1,0,1
8048,2,1,congested,1,0,0,1,1,0,1,1,1,0,1
8049,2,1,congested,1,0,0,1,1,0,1,1,0,0,1
8050,2,1,congested,1,0,0,1,1,0,1,1,1,0,1
8051,2,1,congested,1,0,0,1,1,0,1,1,1,0,1
8052,2,1,congested,1,0,0,1,1,0,1,1,0,0,1
8053,2,1,congested,1,0,0,1,1,0,1,1,1,0,1
8054,2,1,congested,1,0,0,1,1,0,1,1,1,0,1
8055,2,1,congested,1,0,0,1,0,0,1,0,1,0,1
8056,2,1,congested,1,0,0,1,1,0,1,1,1,0,1
8057,2,1,congested,1,0,0,1,1,0,1,1,1,0,1
8058,2,1,congested,1,0,0,1,0,0,1,0,0,0,1
8059,2,1,congested,1,0,0,1,1,0,1,1,1,0,1
8060,2,1,congested,1,0,0,1,1,0,1,1,1,0,1
8061,2,1,congested,1,0,0,1,1,0,1,1,1,0,1
8062,2,1,congested,1,0,0,1,1,0,1,1,1,0,1
8063,2,1,congested,1,0,0,1,1,0,1,1,1,0,1
8064,2,1,congested,1,0,0,1,1,0,1,1,1,0,1
8065,2,1,congested,1,0,0,1,1,0,1,1,0,0,1
8066,2,1,congested,1,0,0,1,1,0,1,1,1,0,1
8067,2,1,congested,1,0,0,1,1,0,1,1,1,0,1
8068,2,1,congested,1,0,0,1,1,0,1,1,1,0,1
8069,2,1,congested,1,0,0,1,1,0,1,1,1,0,1
8070,2,1,congested,1,0,0,1,1,0,1,1,1,0,1
8071,2,1,congested,1,0,0,1,1,0,1,1,1,0,1
8072,2,1,congested,1,0,0,1,1,0,1,1,1,0,1
8073,2,1,congested,1,0,0,1,1,0,1,1,1,0,1
8074,2,1,congested,1,0,0,1,1,0,1,1,1,0,1
8075,2,1,congested,1,0,0,1,1,0,1,1,0,0,1
8076,2,1,congested,1,0,0,1,1,0,1,1,1,0,1
8077,2,1,congested,1,0,0,1,1,0,1,1,1,0,1
8078,2,1,congested,1,0,0,1,1,0,1,1,1,0,1
8079,2,1,congested,1,0,0,1,1,0,1,1,1,0,1
8080,2,1,congested,1,0,0,1,1,0,1,1,1,0,1
8081,2,1,congested,1,0,0,1,1,0,1,1,1,0,1
8082,2,1,congested,1,0,0,1,1,0,1,1,0,0,1
8083,2,1,congested,1,0,0,1,1,0,1,1,1,0,1
8084,2,1,congested,1,0,0,1,1,0,1,1,1,0,1
8085,2,1,congested,1,0,0,1,1,0,1,1,1,0,1
8086,2,1,congested,1,0,0,1,1,0,1,1,1,0,1
8087,2,1,congested,1,0,0,1,1,0,1,1,1,0,1
8088,2,1,congested,1,0,0,1,1,0,1,1,1,0,1
8089,2,1,congested,1,0,0,1,1,0,1,1,0,0,1
8090,2,1,congested,1,0,0,1,1,0,1,1,1,0,1
8091,2,1,congested,1,0,0,1,1,0,1,1,1,0,1
8092,2,1,congested,1,0,0,1,1,0,1,1,1,0,1
8093,2,1,congested,1,0,0,1,1,0,1,1,1,0,1
8094,2,1,congested,1,0,0,1,1,0,1,1,1,0,1
8095,2,1,congested,1,0,0,1,1,0,1,1,1,0,1
8096,2,1,congested,1,0,0,1,1,0,1,1,0,0,1
8097,2,1,congested,1,0,0,1,1,0,1,1,1,0,1
8098,2,1,congested,1,0,0,1,1,0,1,1,1,0,1
8099,2,1,congested,1,0,0,1,1,0,1,1,1,0,1
8100,2,1,congested,1,0,0,1,1,0,1,1,1,0,1
8101,2,1,congested,1,0,0,1,1,0,1,1,1,0,1
8102,2,1,congested,1,0,0,1,1,0,1,1,1,0,1
8103,2,1,congested,1,0,0,1,0,0,1,0,1,0,1
8104,2,1,congested,1,0,0,1,0,0,1,0,1,0,1
8105,2,1,congested,1,0,0,1,1,0,1,1,1,0,1
8106,2,1,congested,1,0,0,1,1,0,1,1,1,0,1
8107,2,1,congested,1,0,0,1,1,0,1,1,1,0,1
8108,2,1,congested,1,0,0,1,1,0,1,1,1,0,1
8109,2,1,congested,1,0,0,1,1,0,1,1,1,0,1
8110,2,1,congested,1,0,0,1,1,0,1,1,1,0,1
8111,2,1,congested,1,0,0,1,1,0,1,1,1,0,1
8112,2,1,congested,1,0,0,1,1,0,1,1,1,0,1
8113,2,1,congested,1,0,0,1,1,0,1,1,0,0,1
8114,2,1,congested,1,0,0,1,1,0,1,1,1,0,1
8115,2,1,congested,1,0,0,1,1,0,1,1,1,0,1
8116,2,1,congested,1,0,0,1,1,0,1,1,1,0,1
8117,2,1,congested,1,0,0,1,1,0,1,1,1,0,1
8118,2,1,congested,1,0,0,1,0,0,1,0,1,0,1
8119,2,1,congested,1,0,0,1,1,0,1,1,1,0,1
8120,2,1,congested,1,0,0,1,1,0,1,1,1,0,1
8121,2,1,congested,1,0,0,1,1,0,1,1,1,0,1
8122,2,1,congested,1,0,0,1,1,0,1,1,1,0,1
8123,2,1,congested,1,0,0,1,1,0,1,1,1,0,1
8124,2,1,congested,1,0,0,1,1,0,1,1,1,0,1
8125,2,1,congested,1,0,0,1,1,0,1,1,1,0,1
8126,2,1,congested,1,0,0,1,1,0,1,1,1,0,1
8127,2,1,congested,1,0,0,1,1,0,1,1,1,0,1
8128,2,1,congested,1,0,0,1,1,0,1,1,1,0,1
8129,2,1,congested,1,0,0,1,1,0,1,1,1,0,1
8130,2,1,congested,1,0,0,1,1,0,1,1,1,0,1
8131,2,1,congested,1,0,0,1,1,0,1,1,1,0,1
8132,2,1,congested,1,0,0,1,1,0,1,1,1,0,1
8133,2,1,congested,1,0,0,1,1,0,1,1,1,0,1
8134,2,1,congested,1,0,0,1,1,0,1,1,1,0,1
8135,2,1,congested,1,0,0,1,1,0,1,1,0,0,1
8136,2,1,congested,1,0,0,1,1,0,1,1,1,0,1
8137,2,1,congested,1,0,0,1,1,0,1,1,1,0,1
8138,2,1,congested,1,0,0,1,1,0,1,1,1,0,1
8139,2,1,congested,1,0,0,1,1,0,1,1,1,0,1
8140,2,1,congested,1,0,0,1,1,0,1,1,1,0,1
8141,2,1,congested,1,0,0,1,1,0,1,1,1,0,1
8142,2,1,congested,1,0,0,1,1,0,1,1,1,0,1
8143,2,1,congested,1,0,0,1,1,0,1,1,1,0,1
8144,2,1,congested,1,0,0,1,1,0,1,1,1,0,1
8145,2,1,congested,1,0,0,1,1,0,1,1,1,0,1
8146,2,1,congested,1,0,0,1,1,0,1,1,1,0,1
8147,2,1,congested,1,0,0,1,0,0,1,0,1,0,1
8148,2,1,congested,1,0,0,1,1,0,1,1,1,0,1
8149,2,1,congested,1,0,0,1,1,0,1,1,1,0,1
8150,2,1,congested,1,0,0,1,1,0,1,1,1,0,1
8151,2,1,congested,1,0,0,1,1,0,1,1,1,0,1
8152,2,1,congested,1,0,0,1,1,0,1,1,1,0,1
8153,2,1,congested,1,0,0,1,1,0,1,1,1,0,1
8154,2,1,congested,1,0,0,1,1,0,1,1,1,0,1
8155,2,1,congested,1,0,0,1,1,0,1,1,1,0,1
8156,2,1,congested,1,0,0,1,1,0,1,1,1,0,1
8157,2,1,congested,1,0,0,1,1,0,1,1,1,0,1
8158,2,1,congested,1,0,0,1,0,0,1,0,1,0,1
8159,2,1,congested,1,0,0,1,1,0,1,1,1,0,1
8160,2,1,congested,1,0,0,1,1,0,1,1,1,0,1
8161,2,1,congested,1,0,0,1,1,0,1,1,1,0,1
8162,2,1,congested,1,0,0,1,1,0,1,1,1,0,1
8163,2,1,congested,1,0,0,1,0,0,1,0,1,0,1
8164,2,1,congested,1,0,0,1,1,0,1,1,1,0,1
8165,2,1,congested,1,0,0,1,1,0,1,1,1,0,1
8166,2,1,congested,1,0,0,1,1,0,1,1,1,0,1
8167,2,1,congested,1,0,0,1,1,0,1,1,1,0,1
8168,2,1,congested,1,0,0,1,1,0,1,1,0,0,1
8169,2,1,congested,1,0,0,1,0,0,1,0,1,0,1
8170,2,1,congested,1,0,0,1,1,0,1,1,1,0,1
8171,2,1,congested,1,0,0,1,1,0,1,1,1,0,1
8172,2,1,congested,1,0,0,1,1,0,1,1,1,0,1
8173,2,1,congested,1,0,0,1,1,0,1,1,1,0,1
8174,2,1,congested,1,0,0,1,1,0,1,1,1,0,1
8175,2,1,congested,1,0,0,1,1,0,1,1,1,0,1
8176,2,1,congested,1,0,0,1,1,0,1,1,1,0,1
8177,2,1,congested,1,0,0,1,1,0,1,1,1,0,1
8178,2,1,congested,1,0,0,1,1,0,1,1,0,0,1
8179,2,1,congested,1,0,0,1,1,0,1,1,1,0,1
8180,2,1,congested,1,0,0,1,1,0,1,1,1,0,1
8181,2,1,congested,1,0,0,1,1,0,1,1,1,0,1
8182,2,1,congested,1,0,0,1,1,0,1,1,1,0,1
8183,2,1,congested,1,0,0,1,1,0,1,1,0,0,1
8184,2,1,congested,1,0,0,1,1,0,1,1,1,0,1
8185,2,1,congested,1,0,0,1,0,0,1,0,1,0,1
8186,2,1,congested,1,0,0,1,1,0,1,1,1,0,1
8187,2,1,congested,1,0,0,1,1,0,1,1,1,0,1
8188,2,1,congested,1,0,0,1,1,0,1,1,1,0,1
8189,2,1,congested,1,0,0,1,1,0,1,1,1,0,1
8190,2,1,congested,1,0,0,1,1,0,1,1,1,0,1
8191,2,1,congested,1,0,0,1,1,0,1,1,1,0,1
8192,2,1,congested,1,0,0,1,1,0,1,1,1,0,1
8193,2,1,congested,1,0,0,1,1,0,1,1,1,0,1
8194,2,1,congested,1,0,0,1,1,0,1,1,1,0,1
8195,2,1,congested,1,0,0,1,1,0,1,1,1,0,1
8196,2,1,congested,1,0,0,1,0,0,1,0,1,0,1
8197,2,1,congested,1,0,0,1,1,0,1,1,1,0,1
8198,2,1,congested,1,0,0,1,0,0,1,0,1,0,1
8199,2,1,congested,1,0,0,1,1,0,1,1,1,0,1
8200,2,1,congested,1,0,0,1,1,0,1,1,1,0,1
8201,2,1,congested,1,0,0,1,1,0,1,1,1,0,1
8202,2,1,congested,1,0,0,1,1,0,1,1,0,0,1
8203,2,1,congested,1,0,0,1,1,0,1,1,1,0,1
8204,2,1,congested,1,0,0,1,1,0,1,1,1,0,1
8205,2,1,congested,1,0,0,1,0,0,1,0,1,0,1
8206,2,1,congested,1,0,0,1,1,0,1,1,0,0,1
8207,2,1,congested,1,0,0,1,0,0,1,0,1,0,1
8208,2,1,congested,1,0,0,1,0,0,1,0,1,0,1
8209,2,1,congested,1,0,0,1,0,0,1,0,1,0,1
8210,2,1,congested,1,0,0,1,1,0,1,1,0,0,1
8211,1,1,onset,0,0,0,0,1,0,1,1,1,0,1
8212,2,1,congested,1,0,0,1,0,0,1,0,0,0,1
8213,2,1,congested,1,0,0,1,0,0,1,0,1,0,1
8214,2,1,congested,1,0,0,1,0,0,0,0,0,0,0
8215,2,1,congested,1,0,0,1,0,0,1,0,0,0,1
8216,2,1,congested,1,0,0,1,0,0,1,0,0,0,1
8217,2,1,congested,1,0,0,1,0,0,1,0,1,0,1
8218,0,0,normal,0,0,0,0,0,0,0,0,0,0,0
8219,2,1,congested,1,0,0,1,0,0,1,0,1,0,1
8220,2,1,congested,1,0,0,1,0,0,1,0,0,0,1
8221,2,1,congested,1,0,0,1,0,0,1,0,1,0,1
8222,2,1,congested,1,0,0,1,1,0,1,1,0,0,1
8223,2,1,congested,1,0,0,1,1,0,1,1,1,0,1
8224,2,1,congested,1,0,0,1,1,0,1,1,0,0,1
8225,2,1,congested,1,0,0,1,1,0,1,1,1,0,1
8226,0,0,normal,0,0,0,0,0,0,0,0,0,0,0
8227,0,0,normal,0,0,0,0,0,0,0,0,0,0,0
8228,2,1,congested,1,0,0,1,0,0,1,0,1,0,1
8230,0,0,normal,0,0,0,0,0,0,0,0,0,0,0
8231,0,0,normal,0,0,0,0,0,0,0,0,0,0,0
8233,0,0,normal,0,0,0,0,0,0,0,0,0,0,0
8234,0,0,normal,0,0,0,0,0,0,0,0,0,0,0
8235,2,1,congested,1,0,0,1,0,0,0,0,1,0,1
8236,0,0,normal,0,0,0,0,0,0,0,0,0,0,0
8237,0,0,normal,0,0,0,0,0,0,0,0,0,0,0
8238,0,0,normal,0,0,0,0,0,0,0,0,0,0,0
8239,0,0,normal,0,0,0,0,0,0,0,0,0,0,0
8241,0,0,normal,0,0,0,0,0,0,0,0,0,0,0
8242,0,0,normal,0,0,0,0,0,0,0,0,0,0,0
8243,0,0,normal,0,0,0,0,0,0,0,0,0,0,0
8245,0,0,normal,0,0,0,0,0,0,0,0,0,0,0
8246,0,0,normal,0,0,0,0,0,0,0,0,0,0,0
8250,0,0,normal,0,0,0,0,0,0,0,0,0,0,0
8251,0,0,normal,0,0,0,0,0,0,0,0,0,0,0
8252,0,0,normal,0,0,0,0,0,0,0,0,0,0,0
8253,0,0,normal,0,0,0,0,0,0,0,0,0,0,0
8254,0,0,normal,0,0,0,0,0,0,0,0,0,0,0
8255,2,1,congested,1,0,0,1,0,0,1,0,1,0,1
8256,0,0,normal,0,0,0,0,0,0,0,0,0,0,0
8257,2,1,congested,1,0,0,1,0,0,1,0,1,0,1
8258,0,0,normal,0,0,0,0,0,0,0,0,0,0,0
8259,0,0,normal,0,0,0,0,0,0,0,0,0,0,0
8261,2,1,congested,1,0,0,1,0,0,1,0,1,0,1
8262,0,0,normal,0,0,0,0,0,0,0,0,0,0,0
8263,0,0,normal,0,0,0,0,0,0,0,0,0,0,0
8264,2,1,congested,1,0,0,1,0,0,1,0,1,0,1
8265,0,0,normal,0,0,0,0,0,0,0,0,0,0,0
8266,0,0,normal,0,0,0,0,0,0,0,0,0,0,0
8267,0,0,normal,0,0,0,0,0,0,0,0,0,0,0
8268,0,0,normal,0,0,0,0,0,0,0,0,0,0,0
8269,0,0,normal,0,0,0,0,0,0,0,0,0,0,0
8270,0,0,normal,0,0,0,0,0,0,0,0,0,0,0
8271,0,0,normal,0,0,0,0,0,0,0,0,0,0,0
8273,0,0,normal,0,0,0,0,0,0,0,0,0,0,0
8274,0,0,normal,0,0,0,0,0,0,0,0,0,0,0
8275,2,1,congested,1,0,0,1,0,0,1,0,1,0,1
8276,0,0,normal,0,0,0,0,0,0,0,0,0,0,0
8277,0,0,normal,0,0,0,0,0,0,0,0,0,0,0
8278,0,0,normal,0,0,0,0,0,0,0,0,0,0,0
8279,0,0,normal,0,0,0,0,0,0,0,0,0,0,0
8280,0,0,normal,0,0,0,0,0,0,0,0,0,0,0
8281,0,0,normal,0,0,0,0,0,0,0,0,0,0,0
8286,0,0,normal,0,0,0,0,0,0,0,0,0,0,0
8287,0,0,normal,0,0,0,0,0,0,0,0,0,0,0
8288,0,0,normal,0,0,0,0,0,0,0,0,0,0,0
8289,0,0,normal,0,0,0,0,0,0,0,0,0,0,0
8290,0,0,normal,0,0,0,0,0,0,0,0,0,0,0
8291,0,0,normal,0,0,0,0,0,0,0,0,0,0,0
8292,0,0,normal,0,0,0,0,0,0,0,0,0,0,0
8293,0,0,normal,0,0,0,0,0,0,0,0,0,0,0
8294,0,0,normal,0,0,0,0,0,0,0,0,0,0,0
8295,0,0,normal,0,0,0,0,0,0,0,0,0,0,0
8296,0,0,normal,0,0,0,0,0,0,0,0,0,0,0
8297,0,0,normal,0,0,0,0,0,0,0,0,0,0,0
8298,2,1,congested,1,0,0,1,0,0,1,0,1,0,1
8299,2,1,congested,1,0,0,1,0,0,0,0,1,0,1
8300,0,0,normal,0,0,0,0,0,0,0,0,0,0,0
8301,0,0,normal,0,0,0,0,0,0,0,0,0,0,0
8302,0,0,normal,0,0,0,0,0,0,0,0,0,0,0
8303,0,0,normal,0,0,0,0,0,0,0,0,0,0,0
8304,0,0,normal,0,0,0,0,0,0,0,0,0,0,0
8305,0,0,normal,0,0,0,0,0,0,0,0,0,0,0
8306,0,0,normal,0,0,0,0,0,0,0,0,0,0,0
8307,0,0,normal,0,0,0,0,0,0,0,0,0,0,0
8308,2,1,congested,1,0,0,1,0,0,1,0,1,0,1
8309,0,0,normal,0,0,0,0,0,0,0,0,0,0,0
8310,0,0,normal,0,0,0,0,0,0,0,0,0,0,0
8311,0,0,normal,0,0,0,0,0,0,0,0,0,0,0
8312,2,1,congested,1,0,0,1,0,0,1,0,1,0,1
8313,0,0,normal,0,0,0,0,0,0,0,0,0,0,0
8314,0,0,normal,0,0,0,0,0,0,0,0,0,0,0
8315,0,0,normal,0,0,0,0,0,0,0,0,0,0,0
8316,0,0,normal,0,0,0,0,0,0,0,0,0,0,0
8317,0,0,normal,0,0,0,0,0,0,0,0,0,0,0
8318,2,1,congested,1,0,0,1,0,0,1,0,1,0,1
8322,0,0,normal,0,0,0,0,0,0,0,0,0,0,0
8323,0,0,normal,0,0,0,0,0,0,0,0,0,0,0
8324,0,0,normal,0,0,0,0,0,0,0,0,0,0,0
8325,0,0,normal,0,0,0,0,0,0,0,0,0,0,0
8326,0,0,normal,0,0,0,0,0,0,0,0,0,0,0
8327,0,0,normal,0,0,0,0,0,0,0,0,0,0,0
8328,0,0,normal,0,0,0,0,0,0,0,0,0,0,0
8329,0,0,normal,0,0,0,0,0,0,0,0,0,0,0
8331,0,0,normal,0,0,0,0,0,0,0,0,0,0,0
8332,0,0,normal,0,0,0,0,0,0,0,0,0,0,0
8333,0,0,normal,0,0,0,0,0,0,0,0,0,0,0
8334,2,1,congested,1,0,0,1,0,0,1,0,1,0,1
8335,0,0,normal,0,0,0,0,0,0,0,0,0,0,0
8336,0,0,normal,0,0,0,0,0,0,0,0,0,0,0
8337,0,0,normal,0,0,0,0,0,0,0,0,0,0,0
8338,0,0,normal,0,0,0,0,0,0,0,0,0,0,0
8339,0,0,normal,0,0,0,0,0,0,0,0,0,0,0
8340,0,0,normal,0,0,0,0,0,0,0,0,0,0,0
8341,0,0,normal,0,0,0,0,0,0,0,0,0,0,0
8342,0,0,normal,0,0,0,0,0,0,0,0,0,0,0
8343,0,0,normal,0,0,0,0,0,0,0,0,0,0,0
8344,0,0,normal,0,0,0,0,0,0,0,0,0,0,0
8345,0,0,normal,0,0,0,0,0,0,0,0,0,0,0
8346,0,0,normal,0,0,0,0,0,0,0,0,0,0,0
8347,0,0,normal,0,0,0,0,0,0,0,0,0,0,0
8348,0,0,normal,0,0,0,0,0,0,0,0,0,0,0
8349,0,0,normal,0,0,0,0,0,0,0,0,0,0,0
8350,2,1,congested,1,0,0,1,0,0,1,0,1,0,1
8351,2,1,congested,1,0,0,1,0,0,1,0,1,0,1
8352,0,0,normal,0,0,0,0,0,0,0,0,0,0,0
8353,0,0,normal,0,0,0,0,0,0,0,0,0,0,0
8358,0,0,normal,0,0,0,0,0,0,0,0,0,0,0
8359,0,0,normal,0,0,0,0,0,0,0,0,0,0,0
8360,0,0,normal,0,0,0,0,0,0,0,0,0,0,0
8361,2,1,congested,1,0,0,1,0,0,1,0,1,0,1
8362,0,0,normal,0,0,0,0,0,0,0,0,0,0,0
8363,0,0,normal,0,0,0,0,0,0,0,0,0,0,0
8364,0,0,normal,0,0,0,0,0,0,0,0,0,0,0
8365,0,0,normal,0,0,0,0,0,0,0,0,0,0,0
8366,0,0,normal,0,0,0,0,0,0,0,0,0,0,0
8367,0,0,normal,0,0,0,0,0,0,0,0,0,0,0
8368,2,1,congested,1,0,0,1,0,0,1,0,1,0,1
8369,0,0,normal,0,0,0,0,0,0,0,0,0,0,0
8370,0,0,normal,0,0,0,0,0,0,0,0,0,0,0
8371,0,0,normal,0,0,0,0,0,0,0,0,0,0,0
8372,0,0,normal,0,0,0,0,0,0,0,0,0,0,0
8373,0,0,normal,0,0,0,0,0,0,0,0,0,0,0
8375,0,0,normal,0,0,0,0,0,0,0,0,0,0,0
8376,0,0,normal,0,0,0,0,0,0,0,0,0,0,0
8377,2,1,congested,1,0,0,1,0,0,1,0,1,0,1
8378,0,0,normal,0,0,0,0,0,0,0,0,0,0,0
8379,0,0,normal,0,0,0,0,0,0,0,0,0,0,0
8380,0,0,normal,0,0,0,0,0,0,0,0,0,0,0
8381,0,0,normal,0,0,0,0,0,0,0,0,0,0,0
8382,2,1,congested,1,0,0,1,0,0,1,0,1,0,1
8383,0,0,normal,0,0,0,0,0,0,0,0,0,0,0
8384,0,0,normal,0,0,0,0,0,0,0,0,0,0,0
8385,0,0,normal,0,0,0,0,0,0,0,0,0,0,0
8386,0,0,normal,0,0,0,0,0,0,0,0,0,0,0
8387,0,0,normal,0,0,0,0,0,0,0,0,0,0,0
8388,0,0,normal,0,0,0,0,0,0,0,0,0,0,0
8389,0,0,normal,0,0,0,0,0,0,0,0,0,0,0
8393,0,0,normal,0,0,0,0,0,0,0,0,0,0,0
8394,0,0,normal,0,0,0,0,0,0,0,0,0,0,0
8395,2,1,congested,1,0,0,1,0,0,1,0,1,0,1
8396,0,0,normal,0,0,0,0,0,0,0,0,0,0,0
8397,0,0,normal,0,0,0,0,0,0,0,0,0,0,0
8398,0,0,normal,0,0,0,0,0,0,0,0,0,0,0
8399,0,0,normal,0,0,0,0,0,0,0,0,0,0,0
8400,0,0,normal,0,0,0,0,0,0,0,0,0,0,0
8401,0,0,normal,0,0,0,0,0,0,0,0,0,0,0
8402,0,0,normal,0,0,0,0,0,0,0,0,0,0,0
8403,0,0,normal,0,0,0,0,0,0,0,0,0,0,0
8404,0,0,normal,0,0,0,0,0,0,0,0,0,0,0
8405,0,0,normal,0,0,0,0,0,0,0,0,0,0,0
8406,0,0,normal,0,0,0,0,0,0,0,0,0,0,0
8407,2,1,congested,1,0,0,1,0,0,1,0,1,0,1
8408,0,0,normal,0,0,0,0,0,0,0,0,0,0,0
8409,0,0,normal,0,0,0,0,0,0,0,0,0,0,0
8410,0,0,normal,0,0,0,0,0,0,0,0,0,0,0
8411,0,0,normal,0,0,0,0,0,0,0,0,0,0,0
8412,0,0,normal,0,0,0,0,0,0,0,0,0,0,0
8413,2,1,congested,1,0,0,1,0,0,1,0,1,0,1
8414,0,0,normal,0,0,0,0,0,0,0,0,0,0,0
8415,0,0,normal,0,0,0,0,0,0,0,0,0,0,0
8416,0,0,normal,0,0,0,0,0,0,0,0,0,0,0
8417,0,0,normal,0,0,0,0,0,0,0,0,0,0,0
8418,0,0,normal,0,0,0,0,0,0,0,0,0,0,0
8419,0,0,normal,0,0,0,0,0,0,0,0,0,0,0
8420,0,0,normal,0,0,0,0,0,0,0,0,0,0,0
8421,0,0,normal,0,0,0,0,0,0,0,0,0,0,0
8422,0,0,normal,0,0,0,0,0,0,0,0,0,0,0
8423,0,0,normal,0,0,0,0,0,0,0,0,0,0,0
8424,0,0,normal,0,0,0,0,0,0,0,0,0,0,0
8425,0,0,normal,0,0,0,0,0,0,0,0,0,0,0
8429,0,0,normal,0,0,0,0,0,0,0,0,0,0,0
8430,0,0,normal,0,0,0,0,0,0,0,0,0,0,0
8432,0,0,normal,0,0,0,0,0,0,0,0,0,0,0
8433,0,0,normal,0,0,0,0,0,0,0,0,0,0,0
8434,0,0,normal,0,0,0,0,0,0,0,0,0,0,0
8435,0,0,normal,0,0,0,0,0,0,0,0,0,0,0
8436,0,0,normal,0,0,0,0,0,0,0,0,0,0,0
8437,0,0,normal,0,0,0,0,0,0,0,0,0,0,0
8438,0,0,normal,0,0,0,0,0,0,0,0,0,0,0
8439,0,0,normal,0,0,0,0,0,0,0,0,0,0,0
8440,0,0,normal,0,0,0,0,0,0,0,0,0,0,0
8441,0,0,normal,0,0,0,0,0,0,0,0,0,0,0
8442,0,0,normal,0,0,0,0,0,0,0,0,0,0,0
8443,0,0,normal,0,0,0,0,0,0,0,0,0,0,0
8444,0,0,normal,0,0,0,0,0,0,0,0,0,0,0
8445,0,0,normal,0,0,0,0,0,0,0,0,0,0,0
8446,0,0,normal,0,0,0,0,0,0,0,0,0,0,0
8447,0,0,normal,0,0,0,0,0,0,0,0,0,0,0
8448,0,0,normal,0,0,0,0,0,0,0,0,0,0,0
8449,0,0,normal,0,0,0,0,0,0,0,0,0,0,0
8450,0,0,normal,0,0,0,0,0,0,0,0,0,0,0
8451,0,0,normal,0,0,0,0,0,0,0,0,0,0,0
8452,0,0,normal,0,0,0,0,0,0,0,0,0,0,0
8453,0,0,normal,0,0,0,0,0,0,0,0,0,0,0
8454,0,0,normal,0,0,0,0,0,0,0,0,0,0,0
8455,0,0,normal,0,0,0,0,0,0,0,0,0,0,0
8456,0,0,normal,0,0,0,0,0,0,0,0,0,0,0
8457,0,0,normal,0,0,0,0,0,0,0,0,0,0,0
8458,0,0,normal,0,0,0,0,0,0,0,0,0,0,0
8459,0,0,normal,0,0,0,0,0,0,0,0,0,0,0
8460,0,0,normal,0,0,0,0,0,0,0,0,0,0,0
8461,0,0,normal,0,0,0,0,0,0,0,0,0,0,0
8466,0,0,normal,0,0,0,0,0,0,0,0,0,0,0
8467,0,0,normal,0,0,0,0,0,0,0,0,0,0,0
8468,0,0,normal,0,0,0,0,0,0,0,0,0,0,0
8469,0,0,normal,0,0,0,0,0,0,0,0,0,0,0
8470,0,0,normal,0,0,0,0,0,0,0,0,0,0,0
8471,0,0,normal,0,0,0,0,0,0,0,0,0,0,0
8472,0,0,normal,0,0,0,0,0,0,0,0,0,0,0
8473,0,0,normal,0,0,0,0,0,0,0,0,0,0,0
8474,0,0,normal,0,0,0,0,0,0,0,0,0,0,0
8475,0,0,normal,0,0,0,0,0,0,0,0,0,0,0
8476,0,0,normal,0,0,0,0,0,0,0,0,0,0,0
8477,0,0,normal,0,0,0,0,0,0,0,0,0,0,0
8478,0,0,normal,0,0,0,0,0,0,0,0,0,0,0
8479,0,0,normal,0,0,0,0,0,0,0,0,0,0,0
8480,0,0,normal,0,0,0,0,0,0,0,0,0,0,0
8481,0,0,normal,0,0,0,0,0,0,0,0,0,0,0
8482,0,0,normal,0,0,0,0,0,0,0,0,0,0,0
8483,0,0,normal,0,0,0,0,0,0,0,0,0,0,0
8484,0,0,normal,0,0,0,0,0,0,0,0,0,0,0
8485,0,0,normal,0,0,0,0,0,0,0,0,0,0,0
8486,0,0,normal,0,0,0,0,0,0,0,0,0,0,0
8487,0,0,normal,0,0,0,0,0,0,0,0,0,0,0
8488,0,0,normal,0,0,0,0,0,0,0,0,0,0,0
8489,0,0,normal,0,0,0,0,0,0,0,0,0,0,0
8490,0,0,normal,0,0,0,0,0,0,0,0,0,0,0
8491,0,0,normal,0,0,0,0,0,0,0,0,0,0,0
8492,0,0,normal,0,0,0,0,0,0,0,0,0,0,0
8493,0,0,normal,0,0,0,0,0,0,0,0,0,0,0
8494,0,0,normal,0,0,0,0,0,0,0,0,0,0,0
8495,0,0,normal,0,0,0,0,0,0,0,0,0,0,0
8496,0,0,normal,0,0,0,0,0,0,0,0,0,0,0
8501,0,0,normal,0,0,0,0,0,0,0,0,0,0,0
8502,0,0,normal,0,0,0,0,0,0,0,0,0,0,0
8503,0,0,normal,0,0,0,0,0,0,0,0,0,0,0
8504,0,0,normal,0,0,0,0,0,0,0,0,0,0,0
8505,0,0,normal,0,0,0,0,0,0,0,0,0,0,0
8506,0,0,normal,0,0,0,0,0,0,0,0,0,0,0
8507,0,0,normal,0,0,0,0,0,0,0,0,0,0,0
8508,0,0,normal,0,0,0,0,0,0,0,0,0,0,0
8509,0,0,normal,0,0,0,0,0,0,0,0,0,0,0
8510,0,0,normal,0,0,0,0,0,0,0,0,0,0,0
8511,0,0,normal,0,0,0,0,0,0,0,0,0,0,0
8512,2,1,congested,1,0,0,1,0,0,1,0,1,0,1
8513,2,1,congested,1,0,0,1,0,0,1,0,0,0,1
8514,2,1,congested,1,0,0,1,0,0,1,0,0,0,1
8515,0,0,normal,0,0,0,0,0,0,1,0,1,0,1
8516,2,1,congested,1,0,0,1,0,0,1,0,0,0,1
8517,2,1,congested,1,0,0,1,1,0,1,1,1,0,1
8518,2,1,congested,1,0,0,1,1,0,1,1,0,0,1
8519,2,1,congested,1,0,0,1,1,0,1,1,1,0,1
8520,2,1,congested,1,0,0,1,0,0,1,0,0,0,1
8521,2,1,congested,1,0,0,1,0,0,1,0,1,0,1
8522,2,1,congested,1,0,0,1,1,0,1,1,0,0,1
8523,2,1,congested,1,0,0,1,1,0,1,1,0,0,1
8524,2,1,congested,1,0,0,1,0,0,1,0,1,0,1
8525,2,1,congested,1,0,0,1,0,0,1,0,0,0,1
8526,2,1,congested,1,0,0,1,0,0,1,0,1,0,1
8527,2,1,congested,1,0,0,1,0,0,1,0,0,0,1
8528,2,1,congested,1,0,0,1,1,0,1,1,0,0,1
8529,2,1,congested,1,0,0,1,1,0,1,1,1,0,1
8530,2,1,congested,1,0,0,1,0,0,1,0,0,0,1
8531,2,1,congested,1,0,0,1,1,0,1,1,1,0,1
8532,2,1,congested,1,0,0,1,0,0,1,0,0,0,1
8533,0,0,normal,0,0,0,0,0,0,1,0,0,0,1
8534,2,1,congested,1,0,0,1,1,0,1,1,1,0,1
8535,2,1,congested,1,0,0,1,0,0,1,0,0,0,1
8536,0,0,normal,0,0,0,0,0,0,1,0,0,0,1
8537,2,1,congested,1,0,0,1,0,0,1,0,1,0,1
8538,2,1,congested,1,0,0,1,0,0,0,0,0,0,0
8539,2,1,congested,1,0,0,1,1,0,1,1,1,0,1
8540,2,1,congested,1,0,0,1,1,0,1,1,1,0,1
8541,2,1,congested,1,0,0,1,0,0,1,0,0,0,1
8542,2,1,congested,1,0,0,1,0,0,1,0,1,0,1
8543,2,1,congested,1,0,0,1,1,0,1,1,0,0,1
8544,2,1,congested,1,0,0,1,1,0,1,1,1,0,1
8545,2,1,congested,1,0,0,1,0,0,1,0,1,0,1
8546,2,1,congested,1,0,0,1,1,0,1,1,1,0,1
8547,2,1,congested,1,0,0,1,1,0,1,1,1,0,1
8548,2,1,congested,1,0,0,1,1,0,1,1,1,0,1
8549,2,1,congested,1,0,0,1,1,0,1,1,1,0,1
8550,2,1,congested,1,0,0,1,1,0,1,1,1,0,1
8551,2,1,congested,1,0,0,1,0,0,1,0,1,0,1
8552,2,1,congested,1,0,0,1,0,0,1,0,1,0,1
8553,2,1,congested,1,0,0,1,0,0,1,0,1,0,1
8554,2,1,congested,1,0,0,1,1,0,1,1,1,0,1
8555,2,1,congested,1,0,0,1,1,0,1,1,1,0,1
8556,2,1,congested,1,0,0,1,1,0,1,1,1,0,1
8557,2,1,congested,1,0,0,1,0,0,1,0,1,0,1
8558,2,1,congested,1,0,0,1,0,0,1,0,1,0,1
8559,2,1,congested,1,0,0,1,0,0,1,0,1,0,1
8560,2,1,congested,1,0,0,1,1,0,1,1,1,0,1
8561,2,1,congested,1,0,0,1,1,0,1,1,1,0,1
8562,2,1,congested,1,0,0,1,1,0,1,1,1,0,1
8563,2,1,congested,1,0,0,1,1,0,1,1,1,0,1
8564,2,1,congested,1,0,0,1,1,0,1,1,1,0,1
8565,2,1,congested,1,0,0,1,1,0,1,1,1,0,1
8566,2,1,congested,1,0,0,1,1,0,1,1,1,0,1
8567,2,1,congested,1,0,0,1,1,0,1,1,1,0,1
8568,2,1,congested,1,0,0,1,1,0,1,1,1,0,1
8569,2,1,congested,1,0,0,1,1,0,1,1,1,0,1
8570,2,1,congested,1,0,0,1,1,0,1,1,1,0,1
8571,2,1,congested,1,0,0,1,1,0,1,1,1,0,1
8572,2,1,congested,1,0,0,1,1,0,1,1,1,0,1
8573,2,1,congested,1,0,0,1,1,0,1,1,1,0,1
8574,2,1,congested,1,0,0,1,1,0,1,1,1,0,1
8575,2,1,congested,1,0,0,1,1,0,1,1,1,0,1
8576,2,1,congested,1,0,0,1,1,0,1,1,1,0,1
8577,2,1,congested,1,0,0,1,1,0,1,1,1,0,1
8578,2,1,congested,1,0,0,1,1,0,1,1,1,0,1
8579,2,1,congested,1,0,0,1,1,0,1,1,1,0,1
8580,2,1,congested,1,0,0,1,1,0,1,1,1,0,1
8581,2,1,congested,1,0,0,1,1,0,1,1,1,0,1
8582,2,1,congested,1,0,0,1,1,0,1,1,1,0,1
8583,2,1,congested,1,0,0,1,1,0,1,1,0,0,1
8584,2,1,congested,1,0,0,1,1,0,1,1,1,0,1
8585,2,1,congested,1,0,0,1,1,0,1,1,1,0,1
8586,2,1,congested,1,0,0,1,1,0,1,1,1,0,1
8587,2,1,congested,1,0,0,1,1,0,1,1,1,0,1
8588,2,1,congested,1,0,0,1,1,0,1,1,1,0,1
8589,2,1,congested,1,0,0,1,1,0,1,1,1,0,1
8590,2,1,congested,1,0,0,1,1,0,1,1,1,0,1
8591,2,1,congested,1,0,0,1,1,0,1,1,1,0,1
8592,2,1,congested,1,0,0,1,1,0,1,1,1,0,1
8593,2,1,congested,1,0,0,1,1,0,1,1,1,0,1
8594,2,1,congested,1,0,0,1,1,0,1,1,0,0,1
8595,2,1,congested,1,0,0,1,1,0,1,1,1,0,1
8596,2,1,congested,1,0,0,1,1,0,1,1,0,0,1
8597,2,1,congested,1,0,0,1,1,0,1,1,1,0,1
8598,2,1,congested,1,0,0,1,1,0,1,1,1,0,1
8599,2,1,congested,1,0,0,1,1,0,1,1,1,0,1
8600,2,1,congested,1,0,0,1,1,0,1,1,1,0,1
8601,2,1,congested,1,0,0,1,1,0,1,1,1,0,1
8602,2,1,congested,1,0,0,1,1,0,1,1,0,0,1
8603,2,1,congested,1,0,0,1,1,0,1,1,1,0,1
8604,2,1,congested,1,0,0,1,1,0,1,1,0,0,1
8605,2,1,congested,1,0,0,1,1,0,1,1,1,0,1
8606,2,1,congested,1,0,0,1,1,0,1,1,1,0,1
8607,2,1,congested,1,0,0,1,1,0,1,1,1,0,1
8608,2,1,congested,1,0,0,1,1,0,1,1,1,0,1
8609,2,1,congested,1,0,0,1,1,0,1,1,1,0,1
8610,2,1,congested,1,0,0,1,1,0,1,1,0,0,1
8611,2,1,congested,1,0,0,1,1,0,1,1,1,0,1
8612,2,1,congested,1,0,0,1,1,0,1,1,1,0,1
8613,2,1,congested,1,0,0,1,1,0,1,1,1,0,1
8614,2,1,congested,1,0,0,1,1,0,1,1,1,0,1
8615,2,1,congested,1,0,0,1,1,0,1,1,1,0,1
8616,2,1,congested,1,0,0,1,1,0,1,1,0,0,1
8617,2,1,congested,1,0,0,1,1,0,1,1,1,0,1
8618,2,1,congested,1,0,0,1,1,0,1,1,0,0,1
8619,2,1,congested,1,0,0,1,1,0,1,1,1,0,1
8620,2,1,congested,1,0,0,1,1,0,1,1,1,0,1
8621,2,1,congested,1,0,0,1,1,0,1,1,0,0,1
8622,2,1,congested,1,0,0,1,1,0,1,1,1,0,1
8623,2,1,congested,1,0,0,1,1,0,1,1,1,0,1
8624,2,1,congested,1,0,0,1,1,0,1,1,0,0,1
8625,2,1,congested,1,0,0,1,1,0,1,1,1,0,1
8626,2,1,congested,1,0,0,1,1,0,1,1,0,0,1
8627,2,1,congested,1,0,0,1,1,0,1,1,1,0,1
8628,2,1,congested,1,0,0,1,1,0,1,1,1,0,1
8629,2,1,congested,1,0,0,1,1,0,1,1,1,0,1
8630,2,1,congested,1,0,0,1,1,0,1,1,1,0,1
8631,2,1,congested,1,0,0,1,1,0,1,1,1,0,1
8632,2,1,congested,1,0,0,1,1,0,1,1,1,0,1
8633,2,1,congested,1,0,0,1,1,0,1,1,1,0,1
8634,2,1,congested,1,0,0,1,1,0,1,1,1,0,1
8635,2,1,congested,1,0,0,1,0,0,1,0,0,0,1
8636,2,1,congested,1,0,0,1,1,0,1,1,1,0,1
8637,2,1,congested,1,0,0,1,1,0,1,1,1,0,1
8638,2,1,congested,1,0,0,1,1,0,1,1,1,0,1
8639,2,1,congested,1,0,0,1,1,0,1,1,1,0,1
8640,2,1,congested,1,0,0,1,1,0,1,1,1,0,1
8641,2,1,congested,1,0,0,1,1,0,1,1,1,0,1
8642,2,1,congested,1,0,0,1,1,0,1,1,1,0,1
8643,2,1,congested,1,0,0,1,1,0,1,1,1,0,1
8644,2,1,congested,1,0,0,1,1,0,1,1,1,0,1
8645,2,1,congested,1,0,0,1,1,0,1,1,1,0,1
8646,2,1,congested,1,0,0,1,1,0,1,1,1,0,1
8647,2,1,congested,1,0,0,1,1,0,1,1,1,0,1
8648,2,1,congested,1,0,0,1,1,0,1,1,1,0,1
8649,2,1,congested,1,0,0,1,1,0,1,1,1,0,1
8650,2,1,congested,1,0,0,1,1,0,1,1,1,0,1
8651,2,1,congested,1,0,0,1,1,0,1,1,1,0,1
8652,2,1,congested,1,0,0,1,1,0,1,1,1,0,1
8653,2,1,congested,1,0,0,1,1,0,1,1,0,0,1
8654,2,1,congested,1,0,0,1,1,0,1,1,1,0,1
8655,2,1,congested,1,0,0,1,1,0,1,1,1,0,1
8656,2,1,congested,1,0,0,1,1,0,1,1,0,0,1
8657,2,1,congested,1,0,0,1,1,0,1,1,1,0,1
8658,2,1,congested,1,0,0,1,1,0,1,1,1,0,1
8659,2,1,congested,1,0,0,1,1,0,1,1,1,0,1
8660,2,1,congested,1,0,0,1,1,0,1,1,1,0,1
8661,2,1,congested,1,0,0,1,1,0,1,1,1,0,1
8662,2,1,congested,1,0,0,1,1,0,1,1,1,0,1
8663,2,1,congested,1,0,0,1,1,0,1,1,1,0,1
8664,2,1,congested,1,0,0,1,1,0,1,1,1,0,1
8665,2,1,congested,1,0,0,1,1,0,1,1,1,0,1
8666,2,1,congested,1,0,0,1,1,0,1,1,1,0,1
8667,2,1,congested,1,0,0,1,1,0,1,1,1,0,1
8668,2,1,congested,1,0,0,1,0,0,1,0,1,0,1
8669,2,1,congested,1,0,0,1,1,0,1,1,1,0,1
8670,2,1,congested,1,0,0,1,1,0,1,1,1,0,1
8671,2,1,congested,1,0,0,1,1,0,1,1,1,0,1
8672,2,1,congested,1,0,0,1,1,0,1,1,1,0,1
8673,2,1,congested,1,0,0,1,1,0,1,1,1,0,1
8674,2,1,congested,1,0,0,1,1,0,1,1,1,0,1
8675,2,1,congested,1,0,0,1,1,0,1,1,1,0,1
8676,2,1,congested,1,0,0,1,1,0,1,1,0,0,1
8677,2,1,congested,1,0,0,1,1,0,1,1,1,0,1
8678,2,1,congested,1,0,0,1,1,0,1,1,1,0,1
8679,2,1,congested,1,0,0,1,1,0,1,1,1,0,1
8680,2,1,congested,1,0,0,1,1,0,1,1,1,0,1
8681,2,1,congested,1,0,0,1,1,0,1,1,1,0,1
8682,2,1,congested,1,0,0,1,1,0,1,1,1,0,1
8683,2,1,congested,1,0,0,1,1,0,1,1,1,0,1
8684,2,1,congested,1,0,0,1,0,0,1,0,1,0,1
8685,2,1,congested,1,0,0,1,1,0,1,1,1,0,1
8686,2,1,congested,1,0,0,1,0,0,1,0,0,0,1
8687,2,1,congested,1,0,0,1,1,0,1,1,1,0,1
8688,2,1,congested,1,0,0,1,0,0,1,0,1,0,1
8689,2,1,congested,1,0,0,1,0,0,1,0,0,0,1
8690,2,1,congested,1,0,0,1,0,0,1,0,1,0,1
8691,2,1,congested,1,0,0,1,0,0,1,0,1,0,1
8692,2,1,congested,1,0,0,1,1,0,1,1,1,0,1
8693,2,1,congested,1,0,0,1,1,0,1,1,1,0,1
8694,2,1,congested,1,0,0,1,1,0,1,1,1,0,1
8695,2,1,congested,1,0,0,1,1,0,1,1,1,0,1
8696,2,1,congested,1,0,0,1,1,0,1,1,1,0,1
8697,2,1,congested,1,0,0,1,1,0,1,1,1,0,1
8698,2,1,congested,1,0,0,1,1,0,1,1,1,0,1
8699,2,1,congested,1,0,0,1,1,0,1,1,1,0,1
8700,2,1,congested,1,0,0,1,1,0,1,1,1,0,1
8701,2,1,congested,1,0,0,1,1,0,1,1,1,0,1
8702,2,1,congested,1,0,0,1,1,0,1,1,1,0,1
8703,2,1,congested,1,0,0,1,1,0,1,1,1,0,1
8704,2,1,congested,1,0,0,1,1,0,1,1,1,0,1
8705,2,1,congested,1,0,0,1,1,0,1,1,1,0,1
8706,2,1,congested,1,0,0,1,1,0,1,1,1,0,1
8707,2,1,congested,1,0,0,1,1,0,1,1,1,0,1
8708,2,1,congested,1,0,0,1,0,0,1,0,0,0,1
8709,2,1,congested,1,0,0,1,0,0,1,0,1,0,1
8710,2,1,congested,1,0,0,1,0,0,1,0,0,0,1
8711,2,1,congested,1,0,0,1,1,0,1,1,1,0,1
8712,2,1,congested,1,0,0,1,0,0,1,0,0,0,1
8713,2,1,congested,1,0,0,1,0,0,1,0,0,0,1
8714,2,1,congested,1,0,0,1,1,0,1,1,1,0,1
8715,2,1,congested,1,0,0,1,0,0,1,0,1,0,1
8716,2,1,congested,1,0,0,1,0,0,1,0,0,0,1
8717,2,1,congested,1,0,0,1,0,0,0,0,1,0,1
8725,2,1,congested,1,0,0,1,0,0,0,0,1,0,1
8747,2,1,congested,1,0,0,1,0,0,0,0,1,0,1
8748,2,1,congested,1,0,0,1,0,0,0,0,1,0,1
8760,2,1,congested,1,0,0,1,0,0,1,0,1,0,1
8761,2,1,congested,1,0,0,1,0,0,1,0,1,0,1
8769,2,1,congested,1,0,0,1,0,0,1,0,1,0,1
8794,2,1,congested,1,0,0,1,0,0,1,0,1,0,1
8795,2,1,congested,1,0,0,1,0,0,1,0,1,0,1
8854,2,1,congested,1,0,0,1,0,0,1,0,1,0,1
8856,2,1,congested,1,0,0,1,0,0,1,0,1,0,1
8884,2,1,congested,1,0,0,1,0,0,1,0,1,0,1
8897,2,1,congested,1,0,0,1,0,0,1,0,1,0,1
8919,2,1,congested,1,0,0,1,0,0,1,0,1,0,1
9009,2,1,congested,1,0,0,1,0,0,1,0,1,0,1
9010,2,1,congested,1,0,0,1,1,0,1,1,0,0,1
9011,2,1,congested,1,0,0,1,1,0,1,1,1,0,1
9012,2,1,congested,1,0,0,1,0,0,1,0,1,0,1
9013,2,1,congested,1,0,0,1,0,0,1,0,0,0,1
9014,2,1,congested,1,0,0,1,1,0,1,1,1,0,1
9015,2,1,congested,1,0,0,1,0,0,1,0,1,0,1
9016,2,1,congested,1,0,0,1,1,0,1,1,1,0,1
9017,2,1,congested,1,0,0,1,1,0,1,1,1,0,1
9018,2,1,congested,1,0,0,1,1,0,1,1,1,0,1
9019,2,1,congested,1,0,0,1,1,0,1,1,1,0,1
9020,2,1,congested,1,0,0,1,1,0,1,1,1,0,1
9021,2,1,congested,1,0,0,1,1,0,1,1,1,0,1
9022,2,1,congested,1,0,0,1,1,0,1,1,1,0,1
9023,2,1,congested,1,0,0,1,1,0,1,1,1,0,1
9024,2,1,congested,1,0,0,1,1,0,1,1,1,0,1
9025,2,1,congested,1,0,0,1,1,0,1,1,1,0,1
9026,2,1,congested,1,0,0,1,1,0,1,1,1,0,1
9027,2,1,congested,1,0,0,1,1,0,1,1,1,0,1
9028,2,1,congested,1,0,0,1,1,0,1,1,1,0,1
9029,2,1,congested,1,0,0,1,0,0,1,0,1,0,1
9030,2,1,congested,1,0,0,1,0,0,1,0,1,0,1
9031,2,1,congested,1,0,0,1,1,0,1,1,1,0,1
9032,2,1,congested,1,0,0,1,1,0,1,1,1,0,1
9033,2,1,congested,1,0,0,1,1,0,1,1,1,0,1
9034,2,1,congested,1,0,0,1,1,0,1,1,1,0,1
9035,2,1,congested,1,0,0,1,1,0,1,1,1,0,1
9036,2,1,congested,1,0,0,1,1,0,1,1,1,0,1
9037,2,1,congested,1,0,0,1,1,0,1,1,1,0,1
9038,2,1,congested,1,0,0,1,1,0,1,1,1,0,1
9039,2,1,congested,1,0,0,1,0,0,1,0,1,0,1
9040,2,1,congested,1,0,0,1,0,0,1,0,1,0,1
9041,2,1,congested,1,0,0,1,1,0,1,1,1,0,1
9042,2,1,congested,1,0,0,1,1,0,1,1,1,0,1
9043,2,1,congested,1,0,0,1,1,0,1,1,1,0,1
9044,2,1,congested,1,0,0,1,1,0,1,1,1,0,1
9045,2,1,congested,1,0,0,1,1,0,1,1,0,0,1
9046,2,1,congested,1,0,0,1,1,0,1,1,1,0,1
9047,2,1,congested,1,0,0,1,0,0,1,0,1,0,1
9048,2,1,congested,1,0,0,1,1,0,1,1,1,0,1
9049,2,1,congested,1,0,0,1,1,0,1,1,1,0,1
9050,2,1,congested,1,0,0,1,0,0,1,0,1,0,1
9051,2,1,congested,1,0,0,1,0,0,1,0,1,0,1
9052,2,1,congested,1,0,0,1,0,0,1,0,1,0,1
9053,2,1,congested,1,0,0,1,1,0,1,1,1,0,1
9054,2,1,congested,1,0,0,1,1,0,1,1,1,0,1
9055,2,1,congested,1,0,0,1,1,0,1,1,1,0,1
9056,2,1,congested,1,0,0,1,1,0,1,1,1,0,1
9057,2,1,congested,1,0,0,1,1,0,1,1,0,0,1
9058,2,1,congested,1,0,0,1,1,0,1,1,1,0,1
9059,2,1,congested,1,0,0,1,1,0,1,1,1,0,1
9060,2,1,congested,1,0,0,1,1,0,1,1,1,0,1
9061,2,1,congested,1,0,0,1,1,0,1,1,0,0,1
9062,2,1,congested,1,0,0,1,1,0,1,1,1,0,1
9063,2,1,congested,1,0,0,1,1,0,1,1,1,0,1
9064,2,1,congested,1,0,0,1,1,0,1,1,1,0,1
9065,2,1,congested,1,0,0,1,1,0,1,1,1,0,1
9066,2,1,congested,1,0,0,1,1,0,1,1,0,0,1
9067,2,1,congested,1,0,0,1,1,0,1,1,1,0,1
9068,2,1,congested,1,0,0,1,1,0,1,1,1,0,1
9069,2,1,congested,1,0,0,1,1,0,1,1,1,0,1
9070,2,1,congested,1,0,0,1,1,0,1,1,1,0,1
9071,2,1,congested,1,0,0,1,1,0,1,1,0,0,1
9072,2,1,congested,1,0,0,1,1,0,1,1,1,0,1
9073,2,1,congested,1,0,0,1,1,0,1,1,1,0,1
9074,2,1,congested,1,0,0,1,1,0,1,1,1,0,1
9075,2,1,congested,1,0,0,1,1,0,1,1,1,0,1
9076,2,1,congested,1,0,0,1,0,0,1,0,1,0,1
9077,2,1,congested,1,0,0,1,0,0,1,0,1,0,1
9078,2,1,congested,1,0,0,1,1,0,1,1,1,0,1
9079,2,1,congested,1,0,0,1,1,0,1,1,1,0,1
9080,2,1,congested,1,0,0,1,0,0,1,0,1,0,1
9081,2,1,congested,1,0,0,1,0,0,1,0,1,0,1
9082,2,1,congested,1,0,0,1,0,0,1,0,0,0,1
9083,2,1,congested,1,0,0,1,0,0,1,0,1,0,1
9084,2,1,congested,1,0,0,1,0,0,1,0,0,0,1
9085,2,1,congested,1,0,0,1,1,0,1,1,1,0,1
9086,2,1,congested,1,0,0,1,1,0,1,1,1,0,1
9087,2,1,congested,1,0,0,1,1,0,1,1,1,0,1
9088,2,1,congested,1,0,0,1,1,0,1,1,1,0,1
9089,2,1,congested,1,0,0,1,1,0,1,1,1,0,1
9090,2,1,congested,1,0,0,1,1,0,1,1,0,0,1
9091,2,1,congested,1,0,0,1,1,0,1,1,1,0,1
9092,2,1,congested,1,0,0,1,1,0,1,1,1,0,1
9093,2,1,congested,1,0,0,1,1,0,1,1,1,0,1
9094,2,1,congested,1,0,0,1,1,0,1,1,1,0,1
9095,2,1,congested,1,0,0,1,1,0,1,1,1,0,1
9096,2,1,congested,1,0,0,1,1,0,1,1,1,0,1
9097,2,1,congested,1,0,0,1,1,0,1,1,1,0,1
9098,2,1,congested,1,0,0,1,1,0,1,1,1,0,1
9099,2,1,congested,1,0,0,1,1,0,1,1,1,0,1
9100,2,1,congested,1,0,0,1,1,0,1,1,0,0,1
9101,2,1,congested,1,0,0,1,1,0,1,1,0,0,1
9102,2,1,congested,1,0,0,1,1,0,1,1,1,0,1
9103,2,1,congested,1,0,0,1,0,0,1,0,1,0,1
9104,2,1,congested,1,0,0,1,1,0,1,1,1,0,1
9105,2,1,congested,1,0,0,1,1,0,1,1,0,0,1
9106,2,1,congested,1,0,0,1,1,0,1,1,1,0,1
9107,2,1,congested,1,0,0,1,1,0,1,1,1,0,1
9108,2,1,congested,1,0,0,1,1,0,1,1,1,0,1
9109,2,1,congested,1,0,0,1,1,0,1,1,1,0,1
9110,2,1,congested,1,0,0,1,1,0,1,1,1,0,1
9111,2,1,congested,1,0,0,1,1,0,1,1,0,0,1
9112,2,1,congested,1,0,0,1,1,0,1,1,1,0,1
9113,2,1,congested,1,0,0,1,1,0,1,1,1,0,1
9114,2,1,congested,1,0,0,1,1,0,1,1,1,0,1
9115,2,1,congested,1,0,0,1,0,0,1,0,1,0,1
9116,2,1,congested,1,0,0,1,0,0,1,0,1,0,1
9117,2,1,congested,1,0,0,1,1,0,1,1,1,0,1
9118,2,1,congested,1,0,0,1,1,0,1,1,1,0,1
9119,2,1,congested,1,0,0,1,1,0,1,1,1,0,1
9120,2,1,congested,1,0,0,1,1,0,1,1,1,0,1
9121,2,1,congested,1,0,0,1,1,0,1,1,1,0,1
9122,2,1,congested,1,0,0,1,1,0,1,1,1,0,1
9123,2,1,congested,1,0,0,1,1,0,1,1,1,0,1
9124,2,1,congested,1,0,0,1,1,0,1,1,0,0,1
9125,2,1,congested,1,0,0,1,1,0,1,1,1,0,1
9126,2,1,congested,1,0,0,1,1,0,1,1,1,0,1
9127,2,1,congested,1,0,0,1,1,0,1,1,1,0,1
9128,2,1,congested,1,0,0,1,0,0,1,0,1,0,1
9129,2,1,congested,1,0,0,1,1,0,1,1,1,0,1
9130,2,1,congested,1,0,0,1,1,0,1,1,1,0,1
9131,2,1,congested,1,0,0,1,1,0,1,1,1,0,1
9132,2,1,congested,1,0,0,1,1,0,1,1,1,0,1
9133,2,1,congested,1,0,0,1,1,0,1,1,1,0,1
9134,2,1,congested,1,0,0,1,1,0,1,1,1,0,1
9135,2,1,congested,1,0,0,1,1,0,1,1,1,0,1
9136,2,1,congested,1,0,0,1,1,0,1,1,1,0,1
9137,2,1,congested,1,0,0,1,1,0,1,1,1,0,1
9138,2,1,congested,1,0,0,1,1,0,1,1,1,0,1
9139,2,1,congested,1,0,0,1,1,0,1,1,1,0,1
9140,2,1,congested,1,0,0,1,1,0,1,1,1,0,1
9141,2,1,congested,1,0,0,1,1,0,1,1,1,0,1
9142,2,1,congested,1,0,0,1,1,0,1,1,1,0,1
9143,2,1,congested,1,0,0,1,1,0,1,1,1,0,1
9144,2,1,congested,1,0,0,1,1,0,1,1,0,0,1
9145,2,1,congested,1,0,0,1,1,0,1,1,1,0,1
9146,2,1,congested,1,0,0,1,1,0,1,1,1,0,1
9147,2,1,congested,1,0,0,1,0,0,1,0,1,0,1
9148,2,1,congested,1,0,0,1,1,0,1,1,1,0,1
9149,2,1,congested,1,0,0,1,0,0,1,0,0,0,1
9150,2,1,congested,1,0,0,1,0,0,1,0,1,0,1
9151,2,1,congested,1,0,0,1,1,0,1,1,1,0,1
9152,2,1,congested,1,0,0,1,1,0,1,1,1,0,1
9153,2,1,congested,1,0,0,1,1,0,1,1,1,0,1
9154,2,1,congested,1,0,0,1,0,0,1,0,1,0,1
9155,2,1,congested,1,0,0,1,1,0,1,1,1,0,1
9156,2,1,congested,1,0,0,1,1,0,1,1,1,0,1
9157,2,1,congested,1,0,0,1,1,0,1,1,1,0,1
9158,2,1,congested,1,0,0,1,1,0,1,1,1,0,1
9159,2,1,congested,1,0,0,1,1,0,1,1,0,0,1
9160,2,1,congested,1,0,0,1,1,0,1,1,0,0,1
9161,2,1,congested,1,0,0,1,1,0,1,1,1,0,1
9162,2,1,congested,1,0,0,1,1,0,1,1,1,0,1
9163,2,1,congested,1,0,0,1,0,0,1,0,1,0,1
9164,2,1,congested,1,0,0,1,1,0,1,1,1,0,1
9165,2,1,congested,1,0,0,1,1,0,1,1,1,0,1
9166,2,1,congested,1,0,0,1,0,0,1,0,0,0,1
9167,2,1,congested,1,0,0,1,1,0,1,1,1,0,1
9168,2,1,congested,1,0,0,1,1,0,1,1,1,0,1
9169,2,1,congested,1,0,0,1,1,0,1,1,1,0,1
9170,2,1,congested,1,0,0,1,0,0,1,0,1,0,1
9171,2,1,congested,1,0,0,1,1,0,1,1,1,0,1
9172,2,1,congested,1,0,0,1,1,0,1,1,1,0,1
9173,2,1,congested,1,0,0,1,0,0,1,0,1,0,1
9174,2,1,congested,1,0,0,1,1,0,1,1,1,0,1
9175,2,1,congested,1,0,0,1,0,0,1,0,1,0,1
9176,2,1,congested,1,0,0,1,1,0,1,1,1,0,1
9177,2,1,congested,1,0,0,1,0,0,1,0,1,0,1
9178,2,1,congested,1,0,0,1,0,0,1,0,1,0,1
9179,2,1,congested,1,0,0,1,0,0,0,0,1,0,1
9180,2,1,congested,1,0,0,1,1,0,1,1,0,0,1
9181,2,1,congested,1,0,0,1,1,0,1,1,1,0,1
9182,2,1,congested,1,0,0,1,0,0,0,0,0,0,0
9183,2,1,congested,1,0,0,1,0,0,1,0,1,0,1
9184,2,1,congested,1,0,0,1,0,0,1,0,0,0,1
9185,2,1,congested,1,0,0,1,1,0,1,1,1,0,1
9186,0,0,normal,0,0,0,0,0,0,0,0,0,0,0
9187,2,1,congested,1,0,0,1,0,0,0,0,0,0,0
9188,2,1,congested,1,0,0,1,0,0,1,0,0,0,1
9189,2,1,congested,1,0,0,1,0,0,1,0,1,0,1
9190,0,0,normal,0,0,0,0,0,0,1,0,0,0,1
9191,2,1,congested,1,0,0,1,0,0,1,0,0,0,1
9192,2,1,congested,1,0,0,1,0,0,1,0,1,0,1
9193,2,1,congested,1,0,0,1,0,0,1,0,0,0,1
9194,2,1,congested,1,0,0,1,0,0,1,0,1,0,1
9197,0,0,normal,0,0,0,0,0,0,0,0,0,0,0
9200,0,0,normal,0,0,0,0,0,0,0,0,0,0,0
9201,2,1,congested,1,0,0,1,0,0,0,0,1,0,1
9203,0,0,normal,0,0,0,0,0,0,0,0,0,0,0
9205,2,1,congested,1,0,0,1,0,0,0,0,1,0,1
9206,0,0,normal,0,0,0,0,0,0,0,0,0,0,0
9208,0,0,normal,0,0,0,0,0,0,0,0,0,0,0
9209,0,0,normal,0,0,0,0,0,0,0,0,0,0,0
9210,0,0,normal,0,0,0,0,0,0,0,0,0,0,0
9211,0,0,normal,0,0,0,0,0,0,0,0,0,0,0
9213,0,0,normal,0,0,0,0,0,0,0,0,0,0,0
9214,0,0,normal,0,0,0,0,0,0,0,0,0,0,0
9215,0,0,normal,0,0,0,0,0,0,0,0,0,0,0
9217,0,0,normal,0,0,0,0,0,0,0,0,0,0,0
9218,2,1,congested,1,0,0,1,0,0,1,0,1,0,1
9219,0,0,normal,0,0,0,0,0,0,0,0,0,0,0
9220,0,0,normal,0,0,0,0,0,0,0,0,0,0,0
9222,0,0,normal,0,0,0,0,0,0,0,0,0,0,0
9223,0,0,normal,0,0,0,0,0,0,0,0,0,0,0
9224,0,0,normal,0,0,0,0,0,0,0,0,0,0,0
9225,2,1,congested,1,0,0,1,0,0,1,0,1,0,1
9226,0,0,normal,0,0,0,0,0,0,0,0,0,0,0
9227,2,1,congested,1,0,0,1,0,0,1,0,1,0,1
9228,0,0,normal,0,0,0,0,0,0,0,0,0,0,0
9229,0,0,normal,0,0,0,0,0,0,0,0,0,0,0
9233,0,0,normal,0,0,0,0,0,0,0,0,0,0,0
9234,0,0,normal,0,0,0,0,0,0,0,0,0,0,0
9235,0,0,normal,0,0,0,0,0,0,0,0,0,0,0
9236,2,1,congested,1,0,0,1,0,0,1,0,1,0,1
9238,0,0,normal,0,0,0,0,0,0,0,0,0,0,0
9239,0,0,normal,0,0,0,0,0,0,0,0,0,0,0
9240,0,0,normal,0,0,0,0,0,0,0,0,0,0,0
9241,0,0,normal,0,0,0,0,0,0,0,0,0,0,0
9243,0,0,normal,0,0,0,0,0,0,0,0,0,0,0
9244,0,0,normal,0,0,0,0,0,0,0,0,0,0,0
9245,0,0,normal,0,0,0,0,0,0,0,0,0,0,0
9246,0,0,normal,0,0,0,0,0,0,0,0,0,0,0
9247,0,0,normal,0,0,0,0,0,0,0,0,0,0,0
9248,0,0,normal,0,0,0,0,0,0,0,0,0,0,0
9249,0,0,normal,0,0,0,0,0,0,0,0,0,0,0
9250,0,0,normal,0,0,0,0,0,0,0,0,0,0,0
9251,0,0,normal,0,0,0,0,0,0,0,0,0,0,0
9252,0,0,normal,0,0,0,0,0,0,0,0,0,0,0
9253,0,0,normal,0,0,0,0,0,0,0,0,0,0,0
9254,0,0,normal,0,0,0,0,0,0,0,0,0,0,0
9255,0,0,normal,0,0,0,0,0,0,0,0,0,0,0
9256,0,0,normal,0,0,0,0,0,0,0,0,0,0,0
9257,0,0,normal,0,0,0,0,0,0,0,0,0,0,0
9258,0,0,normal,0,0,0,0,0,0,0,0,0,0,0
9259,0,0,normal,0,0,0,0,0,0,0,0,0,0,0
9260,0,0,normal,0,0,0,0,0,0,0,0,0,0,0
9261,0,0,normal,0,0,0,0,0,0,0,0,0,0,0
9262,0,0,normal,0,0,0,0,0,0,0,0,0,0,0
9263,0,0,normal,0,0,0,0,0,0,0,0,0,0,0
9264,0,0,normal,0,0,0,0,0,0,0,0,0,0,0
9268,0,0,normal,0,0,0,0,0,0,0,0,0,0,0
9269,2,1,congested,1,0,0,1,0,0,1,0,1,0,1
9270,0,0,normal,0,0,0,0,0,0,0,0,0,0,0
9271,0,0,normal,0,0,0,0,0,0,0,0,0,0,0
9272,0,0,normal,0,0,0,0,0,0,0,0,0,0,0
9273,0,0,normal,0,0,0,0,0,0,0,0,0,0,0
9274,0,0,normal,0,0,0,0,0,0,0,0,0,0,0
9276,0,0,normal,0,0,0,0,0,0,0,0,0,0,0
9277,0,0,normal,0,0,0,0,0,0,0,0,0,0,0
9278,2,1,congested,1,0,0,1,0,0,1,0,1,0,1
9279,0,0,normal,0,0,0,0,0,0,0,0,0,0,0
9280,0,0,normal,0,0,0,0,0,0,0,0,0,0,0
9281,0,0,normal,0,0,0,0,0,0,0,0,0,0,0
9282,0,0,normal,0,0,0,0,0,0,0,0,0,0,0
9283,0,0,normal,0,0,0,0,0,0,0,0,0,0,0
9284,0,0,normal,0,0,0,0,0,0,0,0,0,0,0
9285,0,0,normal,0,0,0,0,0,0,0,0,0,0,0
9286,0,0,normal,0,0,0,0,0,0,0,0,0,0,0
9287,0,0,normal,0,0,0,0,0,0,0,0,0,0,0
9288,0,0,normal,0,0,0,0,0,0,0,0,0,0,0
9289,0,0,normal,0,0,0,0,0,0,0,0,0,0,0
9290,2,1,congested,1,0,0,1,0,0,0,0,1,0,1
9291,0,0,normal,0,0,0,0,0,0,0,0,0,0,0
9292,0,0,normal,0,0,0,0,0,0,0,0,0,0,0
9293,0,0,normal,0,0,0,0,0,0,0,0,0,0,0
9294,0,0,normal,0,0,0,0,0,0,0,0,0,0,0
9295,0,0,normal,0,0,0,0,0,0,0,0,0,0,0
9296,0,0,normal,0,0,0,0,0,0,0,0,0,0,0
9297,0,0,normal,0,0,0,0,0,0,0,0,0,0,0
9298,0,0,normal,0,0,0,0,0,0,0,0,0,0,0
9299,0,0,normal,0,0,0,0,0,0,0,0,0,0,0
9300,0,0,normal,0,0,0,0,0,0,0,0,0,0,0
9304,2,1,congested,1,0,0,1,0,0,1,0,1,0,1
9305,0,0,normal,0,0,0,0,0,0,0,0,0,0,0
9306,2,1,congested,1,0,0,1,0,0,1,0,1,0,1
9307,0,0,normal,0,0,0,0,0,0,0,0,0,0,0
9308,0,0,normal,0,0,0,0,0,0,0,0,0,0,0
9309,0,0,normal,0,0,0,0,0,0,0,0,0,0,0
9310,0,0,normal,0,0,0,0,0,0,0,0,0,0,0
9311,0,0,normal,0,0,0,0,0,0,0,0,0,0,0
9312,2,1,congested,1,0,0,1,0,0,1,0,1,0,1
9313,0,0,normal,0,0,0,0,0,0,0,0,0,0,0
9314,2,1,congested,1,0,0,1,0,0,1,0,1,0,1
9315,0,0,normal,0,0,0,0,0,0,0,0,0,0,0
9316,0,0,normal,0,0,0,0,0,0,0,0,0,0,0
9317,0,0,normal,0,0,0,0,0,0,0,0,0,0,0
9318,0,0,normal,0,0,0,0,0,0,0,0,0,0,0
9319,0,0,normal,0,0,0,0,0,0,0,0,0,0,0
9320,0,0,normal,0,0,0,0,0,0,0,0,0,0,0
9321,0,0,normal,0,0,0,0,0,0,0,0,0,0,0
9322,0,0,normal,0,0,0,0,0,0,0,0,0,0,0
9323,0,0,normal,0,0,0,0,0,0,0,0,0,0,0
9324,0,0,normal,0,0,0,0,0,0,0,0,0,0,0
9325,0,0,normal,0,0,0,0,0,0,0,0,0,0,0
9326,0,0,normal,0,0,0,0,0,0,0,0,0,0,0
9327,0,0,normal,0,0,0,0,0,0,0,0,0,0,0
9328,0,0,normal,0,0,0,0,0,0,0,0,0,0,0
9329,0,0,normal,0,0,0,0,0,0,0,0,0,0,0
9330,2,1,congested,1,0,0,1,0,0,1,0,1,0,1
9331,0,0,normal,0,0,0,0,0,0,0,0,0,0,0
9332,0,0,normal,0,0,0,0,0,0,0,0,0,0,0
9333,2,1,congested,1,0,0,1,0,0,1,0,1,0,1
9334,0,0,normal,0,0,0,0,0,0,0,0,0,0,0
9335,0,0,normal,0,0,0,0,0,0,0,0,0,0,0
9336,0,0,normal,0,0,0,0,0,0,0,0,0,0,0
9337,2,1,congested,1,0,0,1,0,0,1,0,1,0,1
9341,0,0,normal,0,0,0,0,0,0,0,0,0,0,0
9342,0,0,normal,0,0,0,0,0,0,0,0,0,0,0
9343,0,0,normal,0,0,0,0,0,0,0,0,0,0,0
9344,0,0,normal,0,0,0,0,0,0,0,0,0,0,0
9345,0,0,normal,0,0,0,0,0,0,0,0,0,0,0
9346,0,0,normal,0,0,0,0,0,0,0,0,0,0,0
9347,0,0,normal,0,0,0,0,0,0,0,0,0,0,0
9348,0,0,normal,0,0,0,0,0,0,0,0,0,0,0
9349,0,0,normal,0,0,0,0,0,0,0,0,0,0,0
9350,0,0,normal,0,0,0,0,0,0,0,0,0,0,0
9351,2,1,congested,1,0,0,1,0,0,1,0,1,0,1
9352,0,0,normal,0,0,0,0,0,0,0,0,0,0,0
9353,0,0,normal,0,0,0,0,0,0,0,0,0,0,0
9354,0,0,normal,0,0,0,0,0,0,0,0,0,0,0
9355,0,0,normal,0,0,0,0,0,0,0,0,0,0,0
9356,0,0,normal,0,0,0,0,0,0,0,0,0,0,0
9357,2,1,congested,1,0,0,1,0,0,1,0,1,0,1
9358,0,0,normal,0,0,0,0,0,0,0,0,0,0,0
9359,0,0,normal,0,0,0,0,0,0,0,0,0,0,0
9361,0,0,normal,0,0,0,0,0,0,0,0,0,0,0
9362,0,0,normal,0,0,0,0,0,0,0,0,0,0,0
9363,0,0,normal,0,0,0,0,0,0,0,0,0,0,0
9364,0,0,normal,0,0,0,0,0,0,0,0,0,0,0
9365,0,0,normal,0,0,0,0,0,0,0,0,0,0,0
9366,0,0,normal,0,0,0,0,0,0,0,0,0,0,0
9367,0,0,normal,0,0,0,0,0,0,0,0,0,0,0
9368,0,0,normal,0,0,0,0,0,0,0,0,0,0,0
9369,0,0,normal,0,0,0,0,0,0,0,0,0,0,0
9370,0,0,normal,0,0,0,0,0,0,0,0,0,0,0
9376,0,0,normal,0,0,0,0,0,0,0,0,0,0,0
9378,0,0,normal,0,0,0,0,0,0,0,0,0,0,0
9379,0,0,normal,0,0,0,0,0,0,0,0,0,0,0
9380,0,0,normal,0,0,0,0,0,0,0,0,0,0,0
9381,0,0,normal,0,0,0,0,0,0,0,0,0,0,0
9382,0,0,normal,0,0,0,0,0,0,0,0,0,0,0
9383,0,0,normal,0,0,0,0,0,0,0,0,0,0,0
9384,0,0,normal,0,0,0,0,0,0,0,0,0,0,0
9385,0,0,normal,0,0,0,0,0,0,0,0,0,0,0
9386,0,0,normal,0,0,0,0,0,0,0,0,0,0,0
9387,0,0,normal,0,0,0,0,0,0,0,0,0,0,0
9388,0,0,normal,0,0,0,0,0,0,0,0,0,0,0
9389,0,0,normal,0,0,0,0,0,0,0,0,0,0,0
9390,2,1,congested,1,0,0,1,0,0,1,0,1,0,1
9391,0,0,normal,0,0,0,0,0,0,0,0,0,0,0
9392,2,1,congested,1,0,0,1,0,0,1,0,1,0,1
9393,0,0,normal,0,0,0,0,0,0,0,0,0,0,0
9394,0,0,normal,0,0,0,0,0,0,0,0,0,0,0
9395,0,0,normal,0,0,0,0,0,0,0,0,0,0,0
9396,0,0,normal,0,0,0,0,0,0,0,0,0,0,0
9397,0,0,normal,0,0,0,0,0,0,0,0,0,0,0
9398,0,0,normal,0,0,0,0,0,0,0,0,0,0,0
9399,2,1,congested,1,0,0,1,0,0,1,0,1,0,1
9400,0,0,normal,0,0,0,0,0,0,0,0,0,0,0
9401,0,0,normal,0,0,0,0,0,0,0,0,0,0,0
9402,0,0,normal,0,0,0,0,0,0,0,0,0,0,0
9403,0,0,normal,0,0,0,0,0,0,0,0,0,0,0
9404,0,0,normal,0,0,0,0,0,0,0,0,0,0,0
9405,0,0,normal,0,0,0,0,0,0,0,0,0,0,0
9406,0,0,normal,0,0,0,0,0,0,0,0,0,0,0
9407,0,0,normal,0,0,0,0,0,0,0,0,0,0,0
9408,0,0,normal,0,0,0,0,0,0,0,0,0,0,0
9412,0,0,normal,0,0,0,0,0,0,0,0,0,0,0
9413,0,0,normal,0,0,0,0,0,0,0,0,0,0,0
9414,0,0,normal,0,0,0,0,0,0,0,0,0,0,0
9415,0,0,normal,0,0,0,0,0,0,0,0,0,0,0
9416,0,0,normal,0,0,0,0,0,0,0,0,0,0,0
9417,0,0,normal,0,0,0,0,0,0,0,0,0,0,0
9418,0,0,normal,0,0,0,0,0,0,0,0,0,0,0
9419,0,0,normal,0,0,0,0,0,0,0,0,0,0,0
9420,0,0,normal,0,0,0,0,0,0,0,0,0,0,0
9421,0,0,normal,0,0,0,0,0,0,0,0,0,0,0
9422,0,0,normal,0,0,0,0,0,0,0,0,0,0,0
9423,0,0,normal,0,0,0,0,0,0,0,0,0,0,0
9424,0,0,normal,0,0,0,0,0,0,0,0,0,0,0
9425,0,0,normal,0,0,0,0,0,0,0,0,0,0,0
9426,0,0,normal,0,0,0,0,0,0,0,0,0,0,0
9427,0,0,normal,0,0,0,0,0,0,0,0,0,0,0
9428,0,0,normal,0,0,0,0,0,0,0,0,0,0,0
9430,0,0,normal,0,0,0,0,0,0,0,0,0,0,0
9431,0,0,normal,0,0,0,0,0,0,0,0,0,0,0
9432,0,0,normal,0,0,0,0,0,0,0,0,0,0,0
9433,0,0,normal,0,0,0,0,0,0,0,0,0,0,0
9434,0,0,normal,0,0,0,0,0,0,0,0,0,0,0
9435,0,0,normal,0,0,0,0,0,0,0,0,0,0,0
9436,0,0,normal,0,0,0,0,0,0,0,0,0,0,0
9437,0,0,normal,0,0,0,0,0,0,0,0,0,0,0
9438,0,0,normal,0,0,0,0,0,0,0,0,0,0,0
9439,0,0,normal,0,0,0,0,0,0,0,0,0,0,0
9440,0,0,normal,0,0,0,0,0,0,0,0,0,0,0
9441,0,0,normal,0,0,0,0,0,0,0,0,0,0,0
9442,0,0,normal,0,0,0,0,0,0,0,0,0,0,0
9443,0,0,normal,0,0,0,0,0,0,0,0,0,0,0
9447,0,0,normal,0,0,0,0,0,1,0,1,0,0,0
9448,0,0,normal,0,0,0,0,0,0,0,0,0,0,0
9449,0,0,normal,0,0,0,0,0,0,0,0,0,0,0
9450,0,0,normal,0,0,0,0,0,0,0,0,0,0,0
9451,0,0,normal,0,0,0,0,0,0,0,0,0,0,0
9452,0,0,normal,0,0,0,0,0,0,0,0,0,0,0
9453,0,0,normal,0,0,0,0,0,0,0,0,0,0,0
9454,0,0,normal,0,0,0,0,0,0,0,0,0,0,0
9455,0,0,normal,0,0,0,0,0,0,0,0,0,0,0
9456,0,0,normal,0,0,0,0,0,0,0,0,0,0,0
9457,0,0,normal,0,0,0,0,0,0,0,0,0,0,0
9458,0,0,normal,0,0,0,0,0,0,0,0,0,0,0
9459,0,0,normal,0,0,0,0,0,0,0,0,0,0,0
9460,0,0,normal,0,0,0,0,0,0,0,0,0,0,0
9461,0,0,normal,0,0,0,0,0,0,0,0,0,0,0
9462,0,0,normal,0,0,0,0,0,0,0,0,0,0,0
9463,0,0,normal,0,0,0,0,0,0,0,0,0,0,0
9464,0,0,normal,0,0,0,0,0,0,0,0,0,0,0
9465,0,0,normal,0,0,0,0,0,0,0,0,0,0,0
9466,0,0,normal,0,0,0,0,0,0,0,0,0,0,0
9467,0,0,normal,0,0,0,0,0,0,0,0,0,0,0
9468,0,0,normal,0,0,0,0,0,0,0,0,0,0,0
9469,0,0,normal,0,0,0,0,0,0,0,0,0,0,0
9470,0,0,normal,0,0,0,0,0,0,0,0,0,0,0
9471,0,0,normal,0,0,0,0,0,0,0,0,0,0,0
9472,0,0,normal,0,0,0,0,0,0,0,0,0,0,0
9473,0,0,normal,0,0,0,0,0,0,0,0,0,0,0
9474,0,0,normal,0,0,0,0,0,0,0,0,0,0,0
9475,0,0,normal,0,0,0,0,0,0,0,0,0,0,0
9476,0,0,normal,0,0,0,0,0,0,0,0,0,0,0
9477,0,0,normal,0,0,0,0,0,0,0,0,0,0,0
9478,0,0,normal,0,0,0,0,0,0,0,0,0,0,0
9479,0,0,normal,0,0,0,0,0,0,0,0,0,0,0
9484,0,0,normal,0,0,0,0,0,0,0,0,0,0,0
9485,0,0,normal,0,0,0,0,0,0,0,0,0,0,0
9486,0,0,normal,0,0,0,0,0,0,0,0,0,0,0
9487,0,0,normal,0,0,0,0,0,0,0,0,0,0,0
9488,0,0,normal,0,0,0,0,0,0,0,0,0,0,0
9489,0,0,normal,0,0,0,0,0,0,0,0,0,0,0
9490,0,0,normal,0,0,0,0,0,0,0,0,0,0,0
9491,0,0,normal,0,0,0,0,0,0,0,0,0,0,0
9492,0,0,normal,0,0,0,0,0,0,0,0,0,0,0
9493,0,0,normal,0,0,0,0,0,0,0,0,0,0,0
9494,0,0,normal,0,0,0,0,0,0,0,0,0,0,0
9495,0,0,normal,0,0,0,0,0,0,0,0,0,0,0
9496,0,0,normal,0,0,0,0,0,0,0,0,0,0,0
9497,0,0,normal,0,0,0,0,0,0,0,0,0,0,0
9498,0,0,normal,0,0,0,0,0,0,0,0,0,0,0
9499,0,0,normal,0,0,0,0,0,0,0,0,0,0,0
9500,0,0,normal,0,0,0,0,0,0,0,0,0,0,0
9501,0,0,normal,0,0,0,0,0,0,0,0,0,0,0
9502,0,0,normal,0,0,0,0,0,0,0,0,0,0,0
9503,0,0,normal,0,0,0,0,0,0,0,0,0,0,0
9504,0,0,normal,0,0,0,0,0,0,0,0,0,0,0
9505,0,0,normal,0,0,0,0,0,0,0,0,0,0,0
9506,2,1,congested,1,0,0,1,0,0,1,0,1,0,1
9507,2,1,congested,1,0,0,1,0,0,1,0,0,0,1
9508,2,1,congested,1,0,0,1,0,0,1,0,0,0,1
9509,0,0,normal,0,0,0,0,0,0,1,0,1,0,1
9510,2,1,congested,1,0,0,1,0,0,1,0,0,0,1
9511,2,1,congested,1,0,0,1,0,0,1,0,1,0,1
9512,2,1,congested,1,0,0,1,1,0,1,1,0,0,1
9513,2,1,congested,1,0,0,1,0,0,1,0,1,0,1
9514,2,1,congested,1,0,0,1,0,0,1,0,0,0,1
9515,2,1,congested,1,0,0,1,0,0,1,0,1,0,1
9516,2,1,congested,1,0,0,1,1,0,1,1,1,0,1
9517,2,1,congested,1,0,0,1,1,0,1,1,1,0,1
9518,2,1,congested,1,0,0,1,1,0,1,1,1,0,1
9519,2,1,congested,1,0,0,1,1,0,1,1,1,0,1
9520,2,1,congested,1,0,0,1,1,0,1,1,1,0,1
9521,2,1,congested,1,0,0,1,1,0,1,1,1,0,1
9522,2,1,congested,1,0,0,1,1,0,1,1,0,0,1
9523,2,1,congested,1,0,0,1,1,0,1,1,1,0,1
9524,2,1,congested,1,0,0,1,1,0,1,1,0,0,1
9525,2,1,congested,1,0,0,1,1,0,1,1,1,0,1
9526,2,1,congested,1,0,0,1,1,0,1,1,1,0,1
9527,2,1,congested,1,0,0,1,0,0,1,0,1,0,1
9528,2,1,congested,1,0,0,1,1,0,1,1,1,0,1
9529,2,1,congested,1,0,0,1,1,0,1,1,1,0,1
9530,2,1,congested,1,0,0,1,1,0,1,1,0,0,1
9531,2,1,congested,1,0,0,1,0,0,1,0,1,0,1
9532,2,1,congested,1,0,0,1,1,0,1,1,1,0,1
9533,2,1,congested,1,0,0,1,0,0,1,0,0,0,1
9534,2,1,congested,1,0,0,1,1,0,1,1,1,0,1
9535,2,1,congested,1,0,0,1,1,0,1,1,1,0,1
9536,2,1,congested,1,0,0,1,0,0,1,0,1,0,1
9537,2,1,congested,1,0,0,1,1,0,1,1,1,0,1
9538,2,1,congested,1,0,0,1,1,0,1,1,1,0,1
9539,2,1,congested,1,0,0,1,1,0,1,1,1,0,1
9540,2,1,congested,1,0,0,1,1,0,1,1,0,0,1
9541,2,1,congested,1,0,0,1,1,0,1,1,1,0,1
9542,2,1,congested,1,0,0,1,1,0,1,1,1,0,1
9543,2,1,congested,1,0,0,1,1,0,1,1,1,0,1
9544,2,1,congested,1,0,0,1,1,0,1,1,1,0,1
9545,2,1,congested,1,0,0,1,1,0,1,1,1,0,1
9546,2,1,congested,1,0,0,1,1,0,1,1,0,0,1
9547,2,1,congested,1,0,0,1,1,0,1,1,1,0,1
9548,2,1,congested,1,0,0,1,1,0,1,1,1,0,1
9549,2,1,congested,1,0,0,1,1,0,1,1,1,0,1
9550,2,1,congested,1,0,0,1,0,0,1,0,1,0,1
9551,2,1,congested,1,0,0,1,1,0,1,1,1,0,1
9552,2,1,congested,1,0,0,1,1,0,1,1,1,0,1
9553,2,1,congested,1,0,0,1,1,0,1,1,1,0,1
9554,2,1,congested,1,0,0,1,1,0,1,1,1,0,1
9555,2,1,congested,1,0,0,1,1,0,1,1,1,0,1
9556,2,1,congested,1,0,0,1,1,0,1,1,0,0,1
9557,2,1,congested,1,0,0,1,1,0,1,1,1,0,1
9558,2,1,congested,1,0,0,1,1,0,1,1,0,0,1
9559,2,1,congested,1,0,0,1,1,0,1,1,1,0,1
9560,2,1,congested,1,0,0,1,1,0,1,1,0,0,1
9561,2,1,congested,1,0,0,1,1,0,1,1,1,0,1
9562,2,1,congested,1,0,0,1,1,0,1,1,1,0,1
9563,2,1,congested,1,0,0,1,1,0,1,1,1,0,1
9564,2,1,congested,1,0,0,1,1,0,1,1,1,0,1
9565,2,1,congested,1,0,0,1,1,0,1,1,1,0,1
9566,2,1,congested,1,0,0,1,1,0,1,1,0,0,1
9567,2,1,congested,1,0,0,1,1,0,1,1,1,0,1
9568,2,1,congested,1,0,0,1,0,0,1,0,1,0,1
9569,2,1,congested,1,0,0,1,1,0,1,1,0,0,1
9570,2,1,congested,1,0,0,1,1,0,1,1,1,0,1
9571,2,1,congested,1,0,0,1,1,0,1,1,1,0,1
9572,2,1,congested,1,0,0,1,0,0,1,0,0,0,1
9573,2,1,congested,1,0,0,1,0,0,1,0,1,0,1
9574,2,1,congested,1,0,0,1,1,0,1,1,1,0,1
9575,2,1,congested,1,0,0,1,0,0,1,0,1,0,1
9576,2,1,congested,1,0,0,1,1,0,1,1,1,0,1
9577,2,1,congested,1,0,0,1,0,0,1,0,1,0,1
9578,2,1,congested,1,0,0,1,1,0,1,1,1,0,1
9579,2,1,congested,1,0,0,1,1,0,1,1,1,0,1
9580,2,1,congested,1,0,0,1,1,0,1,1,1,0,1
9581,2,1,congested,1,0,0,1,0,0,1,0,1,0,1
9582,2,1,congested,1,0,0,1,1,0,1,1,1,0,1
9583,2,1,congested,1,0,0,1,0,0,1,0,1,0,1
9584,2,1,congested,1,0,0,1,0,0,1,0,1,0,1
9585,2,1,congested,1,0,0,1,1,0,1,1,1,0,1
9586,2,1,congested,1,0,0,1,1,0,1,1,1,0,1
9587,2,1,congested,1,0,0,1,1,0,1,1,1,0,1
9588,2,1,congested,1,0,0,1,0,0,1,0,0,0,1
9589,2,1,congested,1,0,0,1,1,0,1,1,1,0,1
9590,2,1,congested,1,0,0,1,0,0,1,0,1,0,1
9591,2,1,congested,1,0,0,1,1,0,1,1,0,0,1
9592,2,1,congested,1,0,0,1,1,0,1,1,1,0,1
9593,2,1,congested,1,0,0,1,0,0,1,0,0,0,1
9594,2,1,congested,1,0,0,1,1,0,1,1,1,0,1
9595,2,1,congested,1,0,0,1,1,0,1,1,1,0,1
9596,2,1,congested,1,0,0,1,0,0,1,0,1,0,1
9597,2,1,congested,1,0,0,1,0,0,1,0,1,0,1
9598,2,1,congested,1,0,0,1,0,0,1,0,1,0,1
9599,2,1,congested,1,0,0,1,1,0,1,1,1,0,1
9600,2,1,congested,1,0,0,1,0,0,1,0,0,0,1
9601,2,1,congested,1,0,0,1,1,0,1,1,1,0,1
9602,2,1,congested,1,0,0,1,0,0,1,0,1,0,1
9603,2,1,congested,1,0,0,1,1,0,1,1,0,0,1
9604,2,1,congested,1,0,0,1,1,0,1,1,1,0,1
9605,2,1,congested,1,0,0,1,0,0,1,0,1,0,1
9606,2,1,congested,1,0,0,1,0,0,1,0,1,0,1
9607,2,1,congested,1,0,0,1,1,0,1,1,1,0,1
9608,2,1,congested,1,0,0,1,1,0,1,1,1,0,1
9609,2,1,congested,1,0,0,1,1,0,1,1,1,0,1
9610,2,1,congested,1,0,0,1,0,0,1,0,1,0,1
9611,2,1,congested,1,0,0,1,0,0,1,0,1,0,1
9612,2,1,congested,1,0,0,1,0,0,1,0,1,0,1
9613,2,1,congested,1,0,0,1,0,0,1,0,1,0,1
9614,2,1,congested,1,0,0,1,1,0,1,1,0,0,1
9615,2,1,congested,1,0,0,1,1,0,1,1,1,0,1
10049,0,0,normal,0,0,0,0,0,0,0,0,0,0,0
10050,0,0,normal,0,0,0,0,0,0,0,0,0,0,0
10055,0,0,normal,0,0,0,0,0,0,0,0,0,0,0
10056,0,0,normal,0,0,0,0,0,0,0,0,0,0,0
10057,0,0,normal,0,0,0,0,0,0,0,0,0,0,0
10058,0,0,normal,0,0,0,0,0,0,0,0,0,0,0
10059,0,0,normal,0,0,0,0,0,0,0,0,0,0,0
10060,0,0,normal,0,0,0,0,0,0,0,0,0,0,0
10061,0,0,normal,0,0,0,0,0,0,0,0,0,0,0
10062,0,0,normal,0,0,0,0,0,0,0,0,0,0,0
10064,0,0,normal,0,0,0,0,0,0,0,0,0,0,0
10065,0,0,normal,0,0,0,0,0,0,0,0,0,0,0
10066,0,0,normal,0,0,0,0,0,0,0,0,0,0,0
10067,0,0,normal,0,0,0,0,0,0,0,0,0,0,0
10068,0,0,normal,0,0,0,0,0,0,0,0,0,0,0
10069,0,0,normal,0,0,0,0,0,0,0,0,0,0,0
10071,0,0,normal,0,0,0,0,0,0,0,0,0,0,0
10073,0,0,normal,0,0,0,0,0,0,0,0,0,0,0
10075,0,0,normal,0,0,0,0,0,0,0,0,0,0,0
10076,0,0,normal,0,0,0,0,0,0,0,0,0,0,0
10077,0,0,normal,0,0,0,0,0,0,0,0,0,0,0
10079,0,0,normal,0,0,0,0,0,0,0,0,0,0,0
10080,0,0,normal,0,0,0,0,0,0,0,0,0,0,0
10082,0,0,normal,0,0,0,0,0,0,0,0,0,0,0
10083,0,0,normal,0,0,0,0,0,0,0,0,0,0,0
10085,0,0,normal,0,0,0,0,0,0,0,0,0,0,0
10086,0,0,normal,0,0,0,0,0,0,0,0,0,0,0
10091,0,0,normal,0,0,0,0,0,0,0,0,0,0,0
10093,0,0,normal,0,0,0,0,0,0,0,0,0,0,0
10094,0,0,normal,0,0,0,0,0,0,0,0,0,0,0
10095,0,0,normal,0,0,0,0,0,0,0,0,0,0,0
10096,0,0,normal,0,0,0,0,0,0,0,0,0,0,0
10097,0,0,normal,0,0,0,0,0,0,0,0,0,0,0
10098,0,0,normal,0,0,0,0,0,0,0,0,0,0,0
10099,0,0,normal,0,0,0,0,0,0,0,0,0,0,0
10102,0,0,normal,0,0,0,0,0,0,0,0,0,0,0
10105,0,0,normal,0,0,0,0,0,0,0,0,0,0,0
10107,0,0,normal,0,0,0,0,0,0,0,0,0,0,0
10109,0,0,normal,0,0,0,0,0,0,0,0,0,0,0
10111,0,0,normal,0,0,0,0,0,0,0,0,0,0,0
10112,0,0,normal,0,0,0,0,0,0,0,0,0,0,0
10114,0,0,normal,0,0,0,0,0,0,0,0,0,0,0
10116,0,0,normal,0,0,0,0,0,0,0,0,0,0,0
10117,0,0,normal,0,0,0,0,0,0,0,0,0,0,0
10118,0,0,normal,0,0,0,0,0,0,0,0,0,0,0
10119,0,0,normal,0,0,0,0,0,0,0,0,0,0,0
10120,0,0,normal,0,0,0,0,0,0,0,0,0,0,0
10123,0,0,normal,0,0,0,0,0,0,0,0,0,0,0
10127,0,0,normal,0,0,0,0,0,0,0,0,0,0,0
10128,0,0,normal,0,0,0,0,0,0,0,0,0,0,0
10131,0,0,normal,0,0,0,0,0,0,0,0,0,0,0
10134,0,0,normal,0,0,0,0,0,0,0,0,0,0,0
10135,0,0,normal,0,0,0,0,0,0,0,0,0,0,0
10138,0,0,normal,0,0,0,0,0,0,0,0,0,0,0
10139,0,0,normal,0,0,0,0,0,0,0,0,0,0,0
10140,0,0,normal,0,0,0,0,0,0,0,0,0,0,0
10141,0,0,normal,0,0,0,0,0,0,0,0,0,0,0
10142,0,0,normal,0,0,0,0,0,0,0,0,0,0,0
10143,0,0,normal,0,0,0,0,0,0,0,0,0,0,0
10144,0,0,normal,0,0,0,0,0,0,0,0,0,0,0
10145,0,0,normal,0,0,0,0,0,0,0,0,0,0,0
10151,0,0,normal,0,0,0,0,0,0,0,0,0,0,0
10152,0,0,normal,0,0,0,0,0,0,0,0,0,0,0
10153,0,0,normal,0,0,0,0,0,0,0,0,0,0,0
10154,0,0,normal,0,0,0,0,0,0,0,0,0,0,0
10156,0,0,normal,0,0,0,0,0,0,0,0,0,0,0
10159,0,0,normal,0,0,0,0,0,0,0,0,0,0,0
10165,0,0,normal,0,0,0,0,0,0,0,0,0,0,0
10167,0,0,normal,0,0,0,0,0,0,0,0,0,0,0
10168,0,0,normal,0,0,0,0,0,0,0,0,0,0,0
10169,0,0,normal,0,0,0,0,0,0,0,0,0,0,0
10171,0,0,normal,0,0,0,0,0,0,0,0,0,0,0
10172,0,0,normal,0,0,0,0,0,0,0,0,0,0,0
10173,0,0,normal,0,0,0,0,0,0,0,0,0,0,0
10174,0,0,normal,0,0,0,0,0,0,0,0,0,0,0
10176,0,0,normal,0,0,0,0,0,0,0,0,0,0,0
10177,0,0,normal,0,0,0,0,0,0,0,0,0,0,0
10179,0,0,normal,0,0,0,0,0,0,0,0,0,0,0
10181,0,0,normal,0,0,0,0,0,0,0,0,0,0,0
10182,0,0,normal,0,0,0,0,0,0,0,0,0,0,0
10183,0,0,normal,0,0,0,0,0,0,0,0,0,0,0
10185,0,0,normal,0,0,0,0,0,0,0,0,0,0,0
10186,0,0,normal,0,0,0,0,0,0,0,0,0,0,0
10189,0,0,normal,0,0,0,0,0,0,0,0,0,0,0
10190,0,0,normal,0,0,0,0,0,0,0,0,0,0,0
10191,0,0,normal,0,0,0,0,0,0,0,0,0,0,0
10193,0,0,normal,0,0,0,0,0,0,0,0,0,0,0
10194,0,0,normal,0,0,0,0,0,0,0,0,0,0,0
10198,0,0,normal,0,0,0,0,0,0,0,0,0,0,0
10199,0,0,normal,0,0,0,0,0,0,0,0,0,0,0
10201,0,0,normal,0,0,0,0,0,0,0,0,0,0,0
10204,0,0,normal,0,0,0,0,0,0,0,0,0,0,0
10206,0,0,normal,0,0,0,0,0,0,0,0,0,0,0
10208,0,0,normal,0,0,0,0,0,0,0,0,0,0,0
10210,0,0,normal,0,0,0,0,0,0,0,0,0,0,0
10212,0,0,normal,0,0,0,0,0,0,0,0,0,0,0
10213,0,0,normal,0,0,0,0,0,0,0,0,0,0,0
10214,0,0,normal,0,0,0,0,0,0,0,0,0,0,0
10216,0,0,normal,0,0,0,0,0,0,0,0,0,0,0
10217,0,0,normal,0,0,0,0,0,0,0,0,0,0,0
10218,0,0,normal,0,0,0,0,0,0,0,0,0,0,0
10219,0,0,normal,0,0,0,0,0,0,0,0,0,0,0
10220,0,0,normal,0,0,0,0,0,0,0,0,0,0,0
10221,0,0,normal,0,0,0,0,0,0,0,0,0,0,0
10223,0,0,normal,0,0,0,0,0,0,0,0,0,0,0
10224,0,0,normal,0,0,0,0,0,0,0,0,0,0,0
10226,0,0,normal,0,0,0,0,0,0,0,0,0,0,0
10228,0,0,normal,0,0,0,0,0,0,0,0,0,0,0
10229,0,0,normal,0,0,0,0,0,0,0,0,0,0,0
10230,0,0,normal,0,0,0,0,0,0,0,0,0,0,0
10235,0,0,normal,0,0,0,0,0,0,0,0,0,0,0
10237,0,0,normal,0,0,0,0,0,0,0,0,0,0,0
10242,0,0,normal,0,0,0,0,0,0,0,0,0,0,0
10243,0,0,normal,0,0,0,0,0,0,0,0,0,0,0
10244,0,0,normal,0,0,0,0,0,0,0,0,0,0,0
10245,0,0,normal,0,0,0,0,0,0,0,0,0,0,0
10246,0,0,normal,0,0,0,0,0,0,0,0,0,0,0
10247,0,0,normal,0,0,0,0,0,0,0,0,0,0,0
10249,0,0,normal,0,0,0,0,0,0,0,0,0,0,0
10250,0,0,normal,0,0,0,0,0,0,0,0,0,0,0
10251,0,0,normal,0,0,0,0,0,0,0,0,0,0,0
10252,0,0,normal,0,0,0,0,0,0,0,0,0,0,0
10253,0,0,normal,0,0,0,0,0,0,0,0,0,0,0
10255,0,0,normal,0,0,0,0,0,0,0,0,0,0,0
10256,0,0,normal,0,0,0,0,0,0,0,0,0,0,0
10257,0,0,normal,0,0,0,0,0,0,0,0,0,0,0
10258,0,0,normal,0,0,0,0,0,0,0,0,0,0,0
10259,0,0,normal,0,0,0,0,0,0,0,0,0,0,0
10261,0,0,normal,0,0,0,0,0,0,0,0,0,0,0
10262,0,0,normal,0,0,0,0,0,0,0,0,0,0,0
10263,0,0,normal,0,0,0,0,0,0,0,0,0,0,0
10264,0,0,normal,0,0,0,0,0,0,0,0,0,0,0
10265,0,0,normal,0,0,0,0,0,0,0,0,0,0,0
10266,0,0,normal,0,0,0,0,0,0,0,0,0,0,0
10270,0,0,normal,0,0,0,0,0,0,0,0,0,0,0
10271,0,0,normal,0,0,0,0,0,0,0,0,0,0,0
10272,0,0,normal,0,0,0,0,0,0,0,0,0,0,0
10273,0,0,normal,0,0,0,0,0,0,0,0,0,0,0
10274,0,0,normal,0,0,0,0,0,0,0,0,0,0,0
10275,0,0,normal,0,0,0,0,0,0,0,0,0,0,0
10276,0,0,normal,0,0,0,0,0,0,0,0,0,0,0
10277,0,0,normal,0,0,0,0,0,0,0,0,0,0,0
10278,0,0,normal,0,0,0,0,0,0,0,0,0,0,0
10279,0,0,normal,0,0,0,0,0,0,0,0,0,0,0
10280,0,0,normal,0,0,0,0,0,0,0,0,0,0,0
10281,0,0,normal,0,0,0,0,0,0,0,0,0,0,0
10282,0,0,normal,0,0,0,0,0,0,0,0,0,0,0
10283,0,0,normal,0,0,0,0,0,0,0,0,0,0,0
10284,0,0,normal,0,0,0,0,0,0,0,0,0,0,0
10285,0,0,normal,0,0,0,0,0,0,0,0,0,0,0
10286,0,0,normal,0,0,0,0,0,0,0,0,0,0,0
10287,0,0,normal,0,0,0,0,0,0,0,0,0,0,0
10288,0,0,normal,0,0,0,0,0,0,0,0,0,0,0
10289,0,0,normal,0,0,0,0,0,0,0,0,0,0,0
10290,0,0,normal,0,0,0,0,0,0,0,0,0,0,0
10291,0,0,normal,0,0,0,0,0,0,0,0,0,0,0
10292,0,0,normal,0,0,0,0,0,0,0,0,0,0,0
10293,0,0,normal,0,0,0,0,0,0,0,0,0,0,0
10294,0,0,normal,0,0,0,0,0,0,0,0,0,0,0
10295,0,0,normal,0,0,0,0,0,0,0,0,0,0,0
10296,0,0,normal,0,0,0,0,0,0,0,0,0,0,0
10297,0,0,normal,0,0,0,0,0,0,0,0,0,0,0
10298,0,0,normal,0,0,0,0,0,0,0,0,0,0,0
10299,0,0,normal,0,0,0,0,0,0,0,0,0,0,0
10300,0,0,normal,0,0,0,0,0,0,0,0,0,0,0
10301,0,0,normal,0,0,0,0,0,0,0,0,0,0,0
10302,0,0,normal,0,0,0,0,0,0,0,0,0,0,0
10306,0,0,normal,0,0,0,0,0,0,0,0,0,0,0
10307,0,0,normal,0,0,0,0,0,0,0,0,0,0,0
10308,0,0,normal,0,0,0,0,0,0,0,0,0,0,0
10309,0,0,normal,0,0,0,0,0,0,0,0,0,0,0
10310,0,0,normal,0,0,0,0,0,0,0,0,0,0,0
10311,0,0,normal,0,0,0,0,0,0,0,0,0,0,0
10312,0,0,normal,0,0,0,0,0,0,0,0,0,0,0
10313,0,0,normal,0,0,0,0,0,0,0,0,0,0,0
10314,0,0,normal,0,0,0,0,0,0,0,0,0,0,0
10315,0,0,normal,0,0,0,0,0,0,0,0,0,0,0
10316,0,0,normal,0,0,0,0,0,0,0,0,0,0,0
10317,0,0,normal,0,0,0,0,0,0,0,0,0,0,0
10318,0,0,normal,0,0,0,0,0,0,0,0,0,0,0
10319,0,0,normal,0,0,0,0,0,0,0,0,0,0,0
10320,0,0,normal,0,0,0,0,0,0,0,0,0,0,0
10321,0,0,normal,0,0,0,0,0,0,0,0,0,0,0
10322,0,0,normal,0,0,0,0,0,0,0,0,0,0,0
10323,0,0,normal,0,0,0,0,0,0,0,0,0,0,0
10324,0,0,normal,0,0,0,0,0,0,0,0,0,0,0
10325,0,0,normal,0,0,0,0,0,0,0,0,0,0,0
10326,0,0,normal,0,0,0,0,0,0,0,0,0,0,0
10327,0,0,normal,0,0,0,0,0,0,0,0,0,0,0
10328,0,0,normal,0,0,0,0,0,0,0,0,0,0,0
10329,0,0,normal,0,0,0,0,0,0,0,0,0,0,0
10330,0,0,normal,0,0,0,0,0,0,0,0,0,0,0
10331,0,0,normal,0,0,0,0,0,0,0,0,0,0,0
10332,0,0,normal,0,0,0,0,0,0,0,0,0,0,0
10333,0,0,normal,0,0,0,0,0,0,0,0,0,0,0
10334,0,0,normal,0,0,0,0,0,0,0,0,0,0,0
10335,0,0,normal,0,0,0,0,0,0,0,0,0,0,0
10336,0,0,normal,0,0,0,0,0,0,0,0,0,0,0
10337,0,0,normal,0,0,0,0,0,0,0,0,0,0,0
10342,0,0,normal,0,0,0,0,0,1,0,1,0,0,0
10343,0,0,normal,0,0,0,0,0,0,0,0,0,0,0
10344,0,0,normal,0,0,0,0,0,0,0,0,0,0,0
10345,0,0,normal,0,0,0,0,0,0,0,0,0,0,0
10346,0,0,normal,0,0,0,0,0,0,0,0,0,0,0
10347,0,0,normal,0,0,0,0,0,0,0,0,0,0,0
10348,0,0,normal,0,0,0,0,0,0,0,0,0,0,0
10349,0,0,normal,0,0,0,0,0,0,0,0,0,0,0
10350,0,0,normal,0,0,0,0,0,0,0,0,0,0,0
10351,0,0,normal,0,0,0,0,0,0,0,0,0,0,0
10352,0,0,normal,0,0,0,0,0,0,0,0,0,0,0
10353,0,0,normal,0,0,0,0,0,0,0,0,0,0,0
10354,0,0,normal,0,0,0,0,0,0,0,0,0,0,0
10355,0,0,normal,0,0,0,0,0,0,0,0,0,0,0
10356,0,0,normal,0,0,0,0,0,0,0,0,0,0,0
10357,0,0,normal,0,0,0,0,0,0,0,0,0,0,0
10358,0,0,normal,0,0,0,0,0,0,0,0,0,0,0
10359,0,0,normal,0,0,0,0,0,0,0,0,0,0,0
10360,0,0,normal,0,0,0,0,0,0,0,0,0,0,0
10361,0,0,normal,0,0,0,0,0,0,0,0,0,0,0
10362,0,0,normal,0,0,0,0,0,0,0,0,0,0,0
10363,0,0,normal,0,0,0,0,0,0,0,0,0,0,0
10365,0,0,normal,0,0,0,0,0,0,0,0,0,0,0
10367,0,0,normal,0,0,0,0,0,0,0,0,0,0,0
10368,0,0,normal,0,0,0,0,0,0,0,0,0,0,0
10369,0,0,normal,0,0,0,0,0,0,0,0,0,0,0
10370,0,0,normal,0,0,0,0,0,0,0,0,0,0,0
10371,0,0,normal,0,0,0,0,0,0,0,0,0,0,0
10372,0,0,normal,0,0,0,0,0,0,0,0,0,0,0
10373,0,0,normal,0,0,0,0,0,0,0,0,0,0,0
10378,0,0,normal,0,0,0,0,0,0,0,0,0,0,0
10379,0,0,normal,0,0,0,0,0,0,0,0,0,0,0
10380,0,0,normal,0,0,0,0,0,0,0,0,0,0,0
10381,0,0,normal,0,0,0,0,0,0,0,0,0,0,0
10382,0,0,normal,0,0,0,0,0,0,0,0,0,0,0
10383,0,0,normal,0,0,0,0,0,0,0,0,0,0,0
10384,0,0,normal,0,0,0,0,0,0,0,0,0,0,0
10385,0,0,normal,0,0,0,0,0,0,0,0,0,0,0
10386,0,0,normal,0,0,0,0,0,0,0,0,0,0,0
10387,0,0,normal,0,0,0,0,0,0,0,0,0,0,0
10388,0,0,normal,0,0,0,0,0,0,0,0,0,0,0
10389,0,0,normal,0,0,0,0,0,0,0,0,0,0,0
10390,0,0,normal,0,0,0,0,0,0,0,0,0,0,0
10391,0,0,normal,0,0,0,0,0,0,0,0,0,0,0
10392,0,0,normal,0,0,0,0,0,0,0,0,0,0,0
10393,0,0,normal,0,0,0,0,0,0,0,0,0,0,0
10394,0,0,normal,0,0,0,0,0,0,0,0,0,0,0
10396,0,0,normal,0,0,0,0,0,0,0,0,0,0,0
10397,0,0,normal,0,0,0,0,0,0,0,0,0,0,0
10398,0,0,normal,0,0,0,0,0,0,0,0,0,0,0
10399,0,0,normal,0,0,0,0,0,0,0,0,0,0,0
10400,0,0,normal,0,0,0,0,0,0,0,0,0,0,0
10401,0,0,normal,0,0,0,0,0,0,0,0,0,0,0
10402,0,0,normal,0,0,0,0,0,0,0,0,0,0,0
10403,0,0,normal,0,0,0,0,0,0,0,0,0,0,0
10404,0,0,normal,0,0,0,0,0,0,0,0,0,0,0
10405,0,0,normal,0,0,0,0,0,0,0,0,0,0,0
10406,0,0,normal,0,0,0,0,0,0,0,0,0,0,0
10407,0,0,normal,0,0,0,0,0,0,0,0,0,0,0
10408,0,0,normal,0,0,0,0,0,0,0,0,0,0,0
10409,0,0,normal,0,0,0,0,0,0,0,0,0,0,0
10415,0,0,normal,0,0,0,0,0,0,0,0,0,0,0
10416,0,0,normal,0,0,0,0,0,0,0,0,0,0,0
10417,0,0,normal,0,0,0,0,0,0,0,0,0,0,0
10418,0,0,normal,0,0,0,0,0,0,0,0,0,0,0
10419,0,0,normal,0,0,0,0,0,0,0,0,0,0,0
10420,0,0,normal,0,0,0,0,0,0,0,0,0,0,0
10421,0,0,normal,0,0,0,0,0,0,0,0,0,0,0
10422,0,0,normal,0,0,0,0,0,0,0,0,0,0,0
10423,0,0,normal,0,0,0,0,0,0,0,0,0,0,0
10424,0,0,normal,0,0,0,0,0,0,0,0,0,0,0
10425,0,0,normal,0,0,0,0,0,0,0,0,0,0,0
10426,0,0,normal,0,0,0,0,0,0,0,0,0,0,0
10427,0,0,normal,0,0,0,0,0,0,0,0,0,0,0
10428,0,0,normal,0,0,0,0,0,0,0,0,0,0,0
10429,0,0,normal,0,0,0,0,0,0,0,0,0,0,0
10430,0,0,normal,0,0,0,0,0,0,0,0,0,0,0
10431,0,0,normal,0,0,0,0,0,0,0,0,0,0,0
10432,0,0,normal,0,0,0,0,0,0,0,0,0,0,0
10433,0,0,normal,0,0,0,0,0,0,0,0,0,0,0
10434,0,0,normal,0,0,0,0,0,0,0,0,0,0,0
10435,0,0,normal,0,0,0,0,0,0,0,0,0,0,0
10436,0,0,normal,0,0,0,0,0,0,0,0,0,0,0
10437,0,0,normal,0,0,0,0,0,0,0,0,0,0,0
10438,0,0,normal,0,0,0,0,0,0,0,0,0,0,0
10439,0,0,normal,0,0,0,0,0,0,0,0,0,0,0
10440,0,0,normal,0,0,0,0,0,0,0,0,0,0,0
10441,0,0,normal,0,0,0,0,0,0,0,0,0,0,0
10442,0,0,normal,0,0,0,0,0,0,0,0,0,0,0
10443,0,0,normal,0,0,0,0,0,0,0,0,0,0,0
10444,0,0,normal,0,0,0,0,0,0,0,0,0,0,0
10445,0,0,normal,0,0,0,0,0,0,0,0,0,0,0
10449,0,0,normal,0,0,0,0,0,1,0,1,0,0,0
10450,0,0,normal,0,0,0,0,0,0,0,0,0,0,0
10451,0,0,normal,0,0,0,0,0,0,0,0,0,0,0
10452,0,0,normal,0,0,0,0,0,0,0,0,0,0,0
10453,0,0,normal,0,0,0,0,0,0,0,0,0,0,0
10454,0,0,normal,0,0,0,0,0,0,0,0,0,0,0
10455,0,0,normal,0,0,0,0,0,0,0,0,0,0,0
10456,0,0,normal,0,0,0,0,0,0,0,0,0,0,0
10457,0,0,normal,0,0,0,0,0,0,0,0,0,0,0
10458,0,0,normal,0,0,0,0,0,0,0,0,0,0,0
10459,0,0,normal,0,0,0,0,0,0,0,0,0,0,0
10460,0,0,normal,0,0,0,0,0,0,0,0,0,0,0
10461,0,0,normal,0,0,0,0,0,0,0,0,0,0,0
10462,0,0,normal,0,0,0,0,0,0,0,0,0,0,0
10463,0,0,normal,0,0,0,0,0,0,0,0,0,0,0
10464,0,0,normal,0,0,0,0,0,0,0,0,0,0,0
10465,0,0,normal,0,0,0,0,0,0,0,0,0,0,0
10466,0,0,normal,0,0,0,0,0,0,0,0,0,0,0
10467,0,0,normal,0,0,0,0,0,0,0,0,0,0,0
10468,0,0,normal,0,0,0,0,0,0,0,0,0,0,0
10469,0,0,normal,0,0,0,0,0,0,0,0,0,0,0
10470,0,0,normal,0,0,0,0,0,0,0,0,0,0,0
10471,0,0,normal,0,0,0,0,0,0,0,0,0,0,0
10472,0,0,normal,0,0,0,0,0,0,0,0,0,0,0
10473,0,0,normal,0,0,0,0,0,0,0,0,0,0,0
10474,0,0,normal,0,0,0,0,0,0,0,0,0,0,0
10475,0,0,normal,0,0,0,0,0,0,0,0,0,0,0
10476,0,0,normal,0,0,0,0,0,0,0,0,0,0,0
10477,0,0,normal,0,0,0,0,0,0,0,0,0,0,0
10478,0,0,normal,0,0,0,0,0,0,0,0,0,0,0
10479,0,0,normal,0,0,0,0,0,0,0,0,0,0,0
10480,0,0,normal,0,0,0,0,0,0,0,0,0,0,0
10481,0,0,normal,0,0,0,0,0,0,0,0,0,0,0
10485,0,0,normal,0,0,0,0,0,0,0,0,0,0,0
10486,0,0,normal,0,0,0,0,0,0,0,0,0,0,0
10487,0,0,normal,0,0,0,0,0,0,0,0,0,0,0
10488,0,0,normal,0,0,0,0,0,0,0,0,0,0,0
10489,0,0,normal,0,0,0,0,0,0,0,0,0,0,0
10490,0,0,normal,0,0,0,0,0,0,0,0,0,0,0
10491,0,0,normal,0,0,0,0,0,0,0,0,0,0,0
10492,0,0,normal,0,0,0,0,0,0,0,0,0,0,0
10493,0,0,normal,0,0,0,0,0,0,0,0,0,0,0
10494,0,0,normal,0,0,0,0,0,0,0,0,0,0,0
10495,0,0,normal,0,0,0,0,0,0,0,0,0,0,0
10496,0,0,normal,0,0,0,0,0,0,0,0,0,0,0
10497,0,0,normal,0,0,0,0,0,0,0,0,0,0,0
10498,0,0,normal,0,0,0,0,0,0,0,0,0,0,0
10499,0,0,normal,0,0,0,0,0,0,0,0,0,0,0
10500,0,0,normal,0,0,0,0,0,0,0,0,0,0,0
10501,0,0,normal,0,0,0,0,0,0,0,0,0,0,0
10502,0,0,normal,0,0,0,0,0,0,0,0,0,0,0
10503,0,0,normal,0,0,0,0,0,0,0,0,0,0,0
10504,0,0,normal,0,0,0,0,0,0,0,0,0,0,0
10505,0,0,normal,0,0,0,0,0,0,0,0,0,0,0
10506,0,0,normal,0,0,0,0,0,0,0,0,0,0,0
10507,0,0,normal,0,0,0,0,0,0,0,0,0,0,0
10508,0,0,normal,0,0,0,0,0,0,0,0,0,0,0
10509,0,0,normal,0,0,0,0,0,0,0,0,0,0,0
10510,0,0,normal,0,0,0,0,0,0,0,0,0,0,0
10511,0,0,normal,0,0,0,0,0,0,0,0,0,0,0
10512,0,0,normal,0,0,0,0,0,0,0,0,0,0,0
10513,0,0,normal,0,0,0,0,0,0,0,0,0,0,0
10514,0,0,normal,0,0,0,0,0,0,0,0,0,0,0
10515,0,0,normal,0,0,0,0,0,0,0,0,0,0,0
10516,0,0,normal,0,0,0,0,0,0,0,0,0,0,0
10517,0,0,normal,0,0,0,0,0,0,0,0,0,0,0
10521,0,0,normal,0,0,0,0,0,0,0,0,0,0,0
10522,0,0,normal,0,0,0,0,0,0,0,0,0,0,0
10523,0,0,normal,0,0,0,0,0,0,0,0,0,0,0
10524,0,0,normal,0,0,0,0,0,0,0,0,0,0,0
10525,0,0,normal,0,0,0,0,0,0,0,0,0,0,0
10526,0,0,normal,0,0,0,0,0,0,0,0,0,0,0
10527,0,0,normal,0,0,0,0,0,0,0,0,0,0,0
10528,0,0,normal,0,0,0,0,0,0,0,0,0,0,0
10529,0,0,normal,0,0,0,0,0,0,0,0,0,0,0
10530,0,0,normal,0,0,0,0,0,0,0,0,0,0,0
10531,0,0,normal,0,0,0,0,0,0,0,0,0,0,0
10532,0,0,normal,0,0,0,0,0,0,0,0,0,0,0
10533,0,0,normal,0,0,0,0,0,0,0,0,0,0,0
10534,0,0,normal,0,0,0,0,0,0,0,0,0,0,0
10535,0,0,normal,0,0,0,0,0,0,0,0,0,0,0
10536,0,0,normal,0,0,0,0,0,0,0,0,0,0,0
10537,0,0,normal,0,0,0,0,0,0,0,0,0,0,0
10538,0,0,normal,0,0,0,0,0,0,0,0,0,0,0
10539,0,0,normal,0,0,0,0,0,0,0,0,0,0,0
10540,0,0,normal,0,0,0,0,0,0,0,0,0,0,0
10541,0,0,normal,0,0,0,0,0,0,0,0,0,0,0
10542,0,0,normal,0,0,0,0,0,0,0,0,0,0,0
10543,0,0,normal,0,0,0,0,0,0,0,0,0,0,0
10544,0,0,normal,0,0,0,0,0,0,0,0,0,0,0
10545,0,0,normal,0,0,0,0,0,0,0,0,0,0,0
10546,0,0,normal,0,0,0,0,0,0,0,0,0,0,0
10547,0,0,normal,0,0,0,0,0,0,0,0,0,0,0
10548,0,0,normal,0,0,0,0,0,0,0,0,0,0,0
10549,0,0,normal,0,0,0,0,0,0,0,0,0,0,0
11058,0,0,normal,0,0,0,0,0,0,0,0,0,0,0
11059,0,0,normal,0,0,0,0,0,0,0,0,0,0,0
11060,0,0,normal,0,0,0,0,0,0,0,0,0,0,0
11061,0,0,normal,0,0,0,0,0,0,0,0,0,0,0
11062,0,0,normal,0,0,0,0,0,0,0,0,0,0,0
11063,0,0,normal,0,0,0,0,0,0,0,0,0,0,0
11064,0,0,normal,0,0,0,0,0,0,0,0,0,0,0
11065,0,0,normal,0,0,0,0,0,0,0,0,0,0,0
11066,0,0,normal,0,0,0,0,0,0,0,0,0,0,0
11067,0,0,normal,0,0,0,0,0,0,0,0,0,0,0
11068,0,0,normal,0,0,0,0,0,0,0,0,0,0,0
11069,0,0,normal,0,0,0,0,0,0,0,0,0,0,0
11071,0,0,normal,0,0,0,0,0,0,0,0,0,0,0
11072,0,0,normal,0,0,0,0,0,0,0,0,0,0,0
11073,0,0,normal,0,0,0,0,0,0,0,0,0,0,0
11074,0,0,normal,0,0,0,0,0,0,0,0,0,0,0
11075,0,0,normal,0,0,0,0,0,0,0,0,0,0,0
11076,0,0,normal,0,0,0,0,0,0,0,0,0,0,0
11078,0,0,normal,0,0,0,0,0,0,0,0,0,0,0
11079,0,0,normal,0,0,0,0,0,0,0,0,0,0,0
11080,0,0,normal,0,0,0,0,0,0,0,0,0,0,0
11081,0,0,normal,0,0,0,0,0,0,0,0,0,0,0
11082,0,0,normal,0,0,0,0,0,0,0,0,0,0,0
11084,0,0,normal,0,0,0,0,0,0,0,0,0,0,0
11086,0,0,normal,0,0,0,0,0,0,0,0,0,0,0
11087,0,0,normal,0,0,0,0,0,0,0,0,0,0,0
11088,0,0,normal,0,0,0,0,0,0,0,0,0,0,0
11093,0,0,normal,0,0,0,0,0,1,0,1,0,0,0
11094,0,0,normal,0,0,0,0,0,0,0,0,0,0,0
11096,0,0,normal,0,0,0,0,0,0,0,0,0,0,0
11097,0,0,normal,0,0,0,0,0,0,0,0,0,0,0
11098,0,0,normal,0,0,0,0,0,0,0,0,0,0,0
11099,0,0,normal,0,0,0,0,0,0,0,0,0,0,0
11100,0,0,normal,0,0,0,0,0,0,0,0,0,0,0
11102,0,0,normal,0,0,0,0,0,0,0,0,0,0,0
11103,0,0,normal,0,0,0,0,0,0,0,0,0,0,0
11104,0,0,normal,0,0,0,0,0,0,0,0,0,0,0
11105,0,0,normal,0,0,0,0,0,0,0,0,0,0,0
11106,0,0,normal,0,0,0,0,0,0,0,0,0,0,0
11108,0,0,normal,0,0,0,0,0,0,0,0,0,0,0
11110,0,0,normal,0,0,0,0,0,0,0,0,0,0,0
11111,0,0,normal,0,0,0,0,0,0,0,0,0,0,0
11112,0,0,normal,0,0,0,0,0,0,0,0,0,0,0
11113,0,0,normal,0,0,0,0,0,0,0,0,0,0,0
11114,0,0,normal,0,0,0,0,0,0,0,0,0,0,0
11115,0,0,normal,0,0,0,0,0,0,0,0,0,0,0
11118,0,0,normal,0,0,0,0,0,0,0,0,0,0,0
11122,0,0,normal,0,0,0,0,0,0,0,0,0,0,0
11124,0,0,normal,0,0,0,0,0,0,0,0,0,0,0
11129,0,0,normal,0,0,0,0,0,0,0,0,0,0,0
11130,0,0,normal,0,0,0,0,0,0,0,0,0,0,0
11131,0,0,normal,0,0,0,0,0,0,0,0,0,0,0
11135,0,0,normal,0,0,0,0,0,0,0,0,0,0,0
11137,0,0,normal,0,0,0,0,0,0,0,0,0,0,0
11138,0,0,normal,0,0,0,0,0,0,0,0,0,0,0
11141,0,0,normal,0,0,0,0,0,0,0,0,0,0,0
11142,0,0,normal,0,0,0,0,0,0,0,0,0,0,0
11143,0,0,normal,0,0,0,0,0,0,0,0,0,0,0
11145,0,0,normal,0,0,0,0,0,0,0,0,0,0,0
11146,0,0,normal,0,0,0,0,0,0,0,0,0,0,0
11147,0,0,normal,0,0,0,0,0,0,0,0,0,0,0
11148,0,0,normal,0,0,0,0,0,0,0,0,0,0,0
11149,0,0,normal,0,0,0,0,0,0,0,0,0,0,0
11150,0,0,normal,0,0,0,0,0,0,0,0,0,0,0
11153,0,0,normal,0,0,0,0,0,0,0,0,0,0,0
11155,0,0,normal,0,0,0,0,0,0,0,0,0,0,0
11158,0,0,normal,0,0,0,0,0,0,0,0,0,0,0
11166,0,0,normal,0,0,0,0,0,0,0,0,0,0,0
11169,0,0,normal,0,0,0,0,0,0,0,0,0,0,0
11170,0,0,normal,0,0,0,0,0,0,0,0,0,0,0
11171,0,0,normal,0,0,0,0,0,0,0,0,0,0,0
11172,0,0,normal,0,0,0,0,0,0,0,0,0,0,0
11173,0,0,normal,0,0,0,0,0,0,0,0,0,0,0
11174,0,0,normal,0,0,0,0,0,0,0,0,0,0,0
11177,0,0,normal,0,0,0,0,0,0,0,0,0,0,0
11178,0,0,normal,0,0,0,0,0,0,0,0,0,0,0
11179,0,0,normal,0,0,0,0,0,0,0,0,0,0,0
11180,0,0,normal,0,0,0,0,0,0,0,0,0,0,0
11182,0,0,normal,0,0,0,0,0,0,0,0,0,0,0
11184,0,0,normal,0,0,0,0,0,0,0,0,0,0,0
11185,0,0,normal,0,0,0,0,0,0,0,0,0,0,0
11186,0,0,normal,0,0,0,0,0,0,0,0,0,0,0
11188,0,0,normal,0,0,0,0,0,0,0,0,0,0,0
11189,0,0,normal,0,0,0,0,0,0,0,0,0,0,0
11192,0,0,normal,0,0,0,0,0,0,0,0,0,0,0
11193,0,0,normal,0,0,0,0,0,0,0,0,0,0,0
11194,0,0,normal,0,0,0,0,0,0,0,0,0,0,0
11202,0,0,normal,0,0,0,0,0,0,0,0,0,0,0
11203,0,0,normal,0,0,0,0,0,0,0,0,0,0,0
11206,0,0,normal,0,0,0,0,0,0,0,0,0,0,0
11207,0,0,normal,0,0,0,0,0,0,0,0,0,0,0
11210,0,0,normal,0,0,0,0,0,0,0,0,0,0,0
11212,0,0,normal,0,0,0,0,0,0,0,0,0,0,0
11213,0,0,normal,0,0,0,0,0,0,0,0,0,0,0
11214,0,0,normal,0,0,0,0,0,0,0,0,0,0,0
11215,0,0,normal,0,0,0,0,0,0,0,0,0,0,0
11216,0,0,normal,0,0,0,0,0,0,0,0,0,0,0
11217,0,0,normal,0,0,0,0,0,0,0,0,0,0,0
11218,0,0,normal,0,0,0,0,0,0,0,0,0,0,0
11219,0,0,normal,0,0,0,0,0,0,0,0,0,0,0
11220,0,0,normal,0,0,0,0,0,0,0,0,0,0,0
11221,0,0,normal,0,0,0,0,0,0,0,0,0,0,0
11222,0,0,normal,0,0,0,0,0,0,0,0,0,0,0
11223,0,0,normal,0,0,0,0,0,0,0,0,0,0,0
11225,0,0,normal,0,0,0,0,0,0,0,0,0,0,0
11226,0,0,normal,0,0,0,0,0,0,0,0,0,0,0
11227,0,0,normal,0,0,0,0,0,0,0,0,0,0,0
11228,0,0,normal,0,0,0,0,0,0,0,0,0,0,0
11230,0,0,normal,0,0,0,0,0,0,0,0,0,0,0
11236,0,0,normal,0,0,0,0,0,0,0,0,0,0,0
11239,0,0,normal,0,0,0,0,0,0,0,0,0,0,0
11241,0,0,normal,0,0,0,0,0,0,0,0,0,0,0
11242,0,0,normal,0,0,0,0,0,0,0,0,0,0,0
11244,0,0,normal,0,0,0,0,0,0,0,0,0,0,0
11245,0,0,normal,0,0,0,0,0,0,0,0,0,0,0
11246,0,0,normal,0,0,0,0,0,0,0,0,0,0,0
11247,0,0,normal,0,0,0,0,0,0,0,0,0,0,0
11248,0,0,normal,0,0,0,0,0,0,0,0,0,0,0
11249,0,0,normal,0,0,0,0,0,0,0,0,0,0,0
11251,0,0,normal,0,0,0,0,0,0,0,0,0,0,0
11252,0,0,normal,0,0,0,0,0,0,0,0,0,0,0
11254,0,0,normal,0,0,0,0,0,0,0,0,0,0,0
11255,0,0,normal,0,0,0,0,0,0,0,0,0,0,0
11256,0,0,normal,0,0,0,0,0,0,0,0,0,0,0
11257,0,0,normal,0,0,0,0,0,0,0,0,0,0,0
11258,0,0,normal,0,0,0,0,0,0,0,0,0,0,0
11259,0,0,normal,0,0,0,0,0,0,0,0,0,0,0
11260,0,0,normal,0,0,0,0,0,0,0,0,0,0,0
11261,0,0,normal,0,0,0,0,0,0,0,0,0,0,0
11262,0,0,normal,0,0,0,0,0,0,0,0,0,0,0
11263,0,0,normal,0,0,0,0,0,0,0,0,0,0,0
11265,0,0,normal,0,0,0,0,0,0,0,0,0,0,0
11266,0,0,normal,0,0,0,0,0,0,0,0,0,0,0
11267,0,0,normal,0,0,0,0,0,0,0,0,0,0,0
11268,0,0,normal,0,0,0,0,0,0,0,0,0,0,0
11272,0,0,normal,0,0,0,0,0,0,0,0,0,0,0
11273,0,0,normal,0,0,0,0,0,0,0,0,0,0,0
11274,0,0,normal,0,0,0,0,0,0,0,0,0,0,0
11275,0,0,normal,0,0,0,0,0,0,0,0,0,0,0
11276,0,0,normal,0,0,0,0,0,0,0,0,0,0,0
11277,0,0,normal,0,0,0,0,0,0,0,0,0,0,0
11279,0,0,normal,0,0,0,0,0,0,0,0,0,0,0
11280,0,0,normal,0,0,0,0,0,0,0,0,0,0,0
11281,0,0,normal,0,0,0,0,0,0,0,0,0,0,0
11282,0,0,normal,0,0,0,0,0,0,0,0,0,0,0
11283,0,0,normal,0,0,0,0,0,0,0,0,0,0,0
11285,0,0,normal,0,0,0,0,0,0,0,0,0,0,0
11286,0,0,normal,0,0,0,0,0,0,0,0,0,0,0
11287,0,0,normal,0,0,0,0,0,0,0,0,0,0,0
11288,0,0,normal,0,0,0,0,0,0,0,0,0,0,0
11289,0,0,normal,0,0,0,0,0,0,0,0,0,0,0
11290,0,0,normal,0,0,0,0,0,0,0,0,0,0,0
11291,0,0,normal,0,0,0,0,0,0,0,0,0,0,0
11294,0,0,normal,0,0,0,0,0,0,0,0,0,0,0
11295,0,0,normal,0,0,0,0,0,0,0,0,0,0,0
11297,0,0,normal,0,0,0,0,0,0,0,0,0,0,0
11298,0,0,normal,0,0,0,0,0,0,0,0,0,0,0
11299,0,0,normal,0,0,0,0,0,0,0,0,0,0,0
11300,0,0,normal,0,0,0,0,0,0,0,0,0,0,0
11301,0,0,normal,0,0,0,0,0,0,0,0,0,0,0
11302,0,0,normal,0,0,0,0,0,0,0,0,0,0,0
11303,0,0,normal,0,0,0,0,0,0,0,0,0,0,0
11308,0,0,normal,0,0,0,0,0,0,0,0,0,0,0
11309,0,0,normal,0,0,0,0,0,0,0,0,0,0,0
11310,0,0,normal,0,0,0,0,0,0,0,0,0,0,0
11311,0,0,normal,0,0,0,0,0,0,0,0,0,0,0
11312,0,0,normal,0,0,0,0,0,0,0,0,0,0,0
11313,0,0,normal,0,0,0,0,0,0,0,0,0,0,0
11314,0,0,normal,0,0,0,0,0,0,0,0,0,0,0
11315,0,0,normal,0,0,0,0,0,0,0,0,0,0,0
11316,0,0,normal,0,0,0,0,0,0,0,0,0,0,0
11317,0,0,normal,0,0,0,0,0,0,0,0,0,0,0
11318,0,0,normal,0,0,0,0,0,0,0,0,0,0,0
11319,0,0,normal,0,0,0,0,0,0,0,0,0,0,0
11320,0,0,normal,0,0,0,0,0,0,0,0,0,0,0
11321,0,0,normal,0,0,0,0,0,0,0,0,0,0,0
11322,0,0,normal,0,0,0,0,0,0,0,0,0,0,0
11323,0,0,normal,0,0,0,0,0,0,0,0,0,0,0
11324,0,0,normal,0,0,0,0,0,0,0,0,0,0,0
11325,0,0,normal,0,0,0,0,0,0,0,0,0,0,0
11326,0,0,normal,0,0,0,0,0,0,0,0,0,0,0
11327,0,0,normal,0,0,0,0,0,0,0,0,0,0,0
11328,0,0,normal,0,0,0,0,0,0,0,0,0,0,0
11329,0,0,normal,0,0,0,0,0,0,0,0,0,0,0
11330,0,0,normal,0,0,0,0,0,0,0,0,0,0,0
11331,0,0,normal,0,0,0,0,0,0,0,0,0,0,0
11332,0,0,normal,0,0,0,0,0,0,0,0,0,0,0
11333,0,0,normal,0,0,0,0,0,0,0,0,0,0,0
11334,0,0,normal,0,0,0,0,0,0,0,0,0,0,0
11335,0,0,normal,0,0,0,0,0,0,0,0,0,0,0
11336,0,0,normal,0,0,0,0,0,0,0,0,0,0,0
11337,0,0,normal,0,0,0,0,0,0,0,0,0,0,0
11338,0,0,normal,0,0,0,0,0,0,0,0,0,0,0
11339,0,0,normal,0,0,0,0,0,0,0,0,0,0,0
11345,0,0,normal,0,0,0,0,0,0,0,0,0,0,0
11346,0,0,normal,0,0,0,0,0,0,0,0,0,0,0
11347,0,0,normal,0,0,0,0,0,0,0,0,0,0,0
11348,0,0,normal,0,0,0,0,0,0,0,0,0,0,0
11349,0,0,normal,0,0,0,0,0,0,0,0,0,0,0
11350,0,0,normal,0,0,0,0,0,0,0,0,0,0,0
11351,0,0,normal,0,0,0,0,0,0,0,0,0,0,0
11352,0,0,normal,0,0,0,0,0,0,0,0,0,0,0
11353,0,0,normal,0,0,0,0,0,0,0,0,0,0,0
11354,0,0,normal,0,0,0,0,0,0,0,0,0,0,0
11355,0,0,normal,0,0,0,0,0,0,0,0,0,0,0
11356,0,0,normal,0,0,0,0,0,0,0,0,0,0,0
11357,0,0,normal,0,0,0,0,0,0,0,0,0,0,0
11358,0,0,normal,0,0,0,0,0,0,0,0,0,0,0
11359,0,0,normal,0,0,0,0,0,0,0,0,0,0,0
11360,0,0,normal,0,0,0,0,0,0,0,0,0,0,0
11361,0,0,normal,0,0,0,0,0,0,0,0,0,0,0
11362,0,0,normal,0,0,0,0,0,0,0,0,0,0,0
11363,0,0,normal,0,0,0,0,0,0,0,0,0,0,0
11364,0,0,normal,0,0,0,0,0,0,0,0,0,0,0
11365,0,0,normal,0,0,0,0,0,0,0,0,0,0,0
11366,0,0,normal,0,0,0,0,0,0,0,0,0,0,0
11367,0,0,normal,0,0,0,0,0,0,0,0,0,0,0
11368,0,0,normal,0,0,0,0,0,0,0,0,0,0,0
11369,0,0,normal,0,0,0,0,0,0,0,0,0,0,0
11370,0,0,normal,0,0,0,0,0,0,0,0,0,0,0
11371,0,0,normal,0,0,0,0,0,0,0,0,0,0,0
11372,0,0,normal,0,0,0,0,0,0,0,0,0,0,0
11373,0,0,normal,0,0,0,0,0,0,0,0,0,0,0
11374,0,0,normal,0,0,0,0,0,0,0,0,0,0,0
11375,0,0,normal,0,0,0,0,0,0,0,0,0,0,0
11376,0,0,normal,0,0,0,0,0,0,0,0,0,0,0
11380,0,0,normal,0,0,0,0,0,0,0,0,0,0,0
11381,0,0,normal,0,0,0,0,0,0,0,0,0,0,0
11382,0,0,normal,0,0,0,0,0,0,0,0,0,0,0
11383,0,0,normal,0,0,0,0,0,0,0,0,0,0,0
11384,0,0,normal,0,0,0,0,0,0,0,0,0,0,0
11385,0,0,normal,0,0,0,0,0,0,0,0,0,0,0
11386,0,0,normal,0,0,0,0,0,0,0,0,0,0,0
11387,0,0,normal,0,0,0,0,0,0,0,0,0,0,0
11388,0,0,normal,0,0,0,0,0,0,0,0,0,0,0
11389,0,0,normal,0,0,0,0,0,0,0,0,0,0,0
11390,0,0,normal,0,0,0,0,0,0,0,0,0,0,0
11391,0,0,normal,0,0,0,0,0,0,0,0,0,0,0
11392,0,0,normal,0,0,0,0,0,0,0,0,0,0,0
11393,0,0,normal,0,0,0,0,0,0,0,0,0,0,0
11394,0,0,normal,0,0,0,0,0,0,0,0,0,0,0
11395,0,0,normal,0,0,0,0,0,0,0,0,0,0,0
11396,0,0,normal,0,0,0,0,0,0,0,0,0,0,0
11397,0,0,normal,0,0,0,0,0,0,0,0,0,0,0
11398,0,0,normal,0,0,0,0,0,0,0,0,0,0,0
11399,0,0,normal,0,0,0,0,0,0,0,0,0,0,0
11400,0,0,normal,0,0,0,0,0,0,0,0,0,0,0
11401,0,0,normal,0,0,0,0,0,0,0,0,0,0,0
11402,0,0,normal,0,0,0,0,0,0,0,0,0,0,0
11403,0,0,normal,0,0,0,0,0,0,0,0,0,0,0
11404,0,0,normal,0,0,0,0,0,0,0,0,0,0,0
11405,0,0,normal,0,0,0,0,0,0,0,0,0,0,0
11406,0,0,normal,0,0,0,0,0,0,0,0,0,0,0
11407,0,0,normal,0,0,0,0,0,0,0,0,0,0,0
11408,0,0,normal,0,0,0,0,0,0,0,0,0,0,0
11409,0,0,normal,0,0,0,0,0,0,0,0,0,0,0
11410,0,0,normal,0,0,0,0,0,0,0,0,0,0,0
11411,0,0,normal,0,0,0,0,0,0,0,0,0,0,0
11415,0,0,normal,0,0,0,0,0,0,0,0,0,0,0
11416,0,0,normal,0,0,0,0,0,0,0,0,0,0,0
11417,0,0,normal,0,0,0,0,0,0,0,0,0,0,0
11418,0,0,normal,0,0,0,0,0,0,0,0,0,0,0
11419,0,0,normal,0,0,0,0,0,0,0,0,0,0,0
11420,0,0,normal,0,0,0,0,0,0,0,0,0,0,0
11421,0,0,normal,0,0,0,0,0,0,0,0,0,0,0
11422,0,0,normal,0,0,0,0,0,0,0,0,0,0,0
11423,0,0,normal,0,0,0,0,0,0,0,0,0,0,0
11424,0,0,normal,0,0,0,0,0,0,0,0,0,0,0
11425,0,0,normal,0,0,0,0,0,0,0,0,0,0,0
11426,0,0,normal,0,0,0,0,0,0,0,0,0,0,0
11427,0,0,normal,0,0,0,0,0,0,0,0,0,0,0
11429,0,0,normal,0,0,0,0,0,0,0,0,0,0,0
11430,0,0,normal,0,0,0,0,0,0,0,0,0,0,0
11431,0,0,normal,0,0,0,0,0,0,0,0,0,0,0
11432,0,0,normal,0,0,0,0,0,0,0,0,0,0,0
11433,0,0,normal,0,0,0,0,0,0,0,0,0,0,0
11434,0,0,normal,0,0,0,0,0,0,0,0,0,0,0
11435,0,0,normal,0,0,0,0,0,0,0,0,0,0,0
11436,0,0,normal,0,0,0,0,0,0,0,0,0,0,0
11437,0,0,normal,0,0,0,0,0,0,0,0,0,0,0
11438,0,0,normal,0,0,0,0,0,0,0,0,0,0,0
11439,0,0,normal,0,0,0,0,0,0,0,0,0,0,0
11440,0,0,normal,0,0,0,0,0,0,0,0,0,0,0
11441,0,0,normal,0,0,0,0,0,0,0,0,0,0,0
11442,0,0,normal,0,0,0,0,0,0,0,0,0,0,0
11443,0,0,normal,0,0,0,0,0,0,0,0,0,0,0
11444,0,0,normal,0,0,0,0,0,0,0,0,0,0,0
11445,0,0,normal,0,0,0,0,0,0,0,0,0,0,0
11446,0,0,normal,0,0,0,0,0,0,0,0,0,0,0
11447,0,0,normal,0,0,0,0,0,0,0,0,0,0,0
11452,0,0,normal,0,0,0,0,0,0,0,0,0,0,0
11453,0,0,normal,0,0,0,0,0,0,0,0,0,0,0
11454,0,0,normal,0,0,0,0,0,0,0,0,0,0,0
11455,0,0,normal,0,0,0,0,0,0,0,0,0,0,0
11456,0,0,normal,0,0,0,0,0,0,0,0,0,0,0
11457,0,0,normal,0,0,0,0,0,0,0,0,0,0,0
11458,0,0,normal,0,0,0,0,0,0,0,0,0,0,0
11459,0,0,normal,0,0,0,0,0,0,0,0,0,0,0
11460,0,0,normal,0,0,0,0,0,0,0,0,0,0,0
11461,0,0,normal,0,0,0,0,0,0,0,0,0,0,0
11462,0,0,normal,0,0,0,0,0,0,0,0,0,0,0
11463,0,0,normal,0,0,0,0,0,0,0,0,0,0,0
11464,0,0,normal,0,0,0,0,0,0,0,0,0,0,0
11465,0,0,normal,0,0,0,0,0,0,0,0,0,0,0
11466,0,0,normal,0,0,0,0,0,0,0,0,0,0,0
11467,0,0,normal,0,0,0,0,0,0,0,0,0,0,0
11468,0,0,normal,0,0,0,0,0,0,0,0,0,0,0
11469,0,0,normal,0,0,0,0,0,0,0,0,0,0,0
11471,0,0,normal,0,0,0,0,0,0,0,0,0,0,0
11472,0,0,normal,0,0,0,0,0,0,0,0,0,0,0
11473,0,0,normal,0,0,0,0,0,0,0,0,0,0,0
11474,0,0,normal,0,0,0,0,0,0,0,0,0,0,0
11475,0,0,normal,0,0,0,0,0,0,0,0,0,0,0
11476,0,0,normal,0,0,0,0,0,0,0,0,0,0,0
11477,0,0,normal,0,0,0,0,0,0,0,0,0,0,0
11478,0,0,normal,0,0,0,0,0,0,0,0,0,0,0
11479,0,0,normal,0,0,0,0,0,0,0,0,0,0,0
11480,0,0,normal,0,0,0,0,0,0,0,0,0,0,0
11481,0,0,normal,0,0,0,0,0,0,0,0,0,0,0
11482,0,0,normal,0,0,0,0,0,0,0,0,0,0,0
11483,0,0,normal,0,0,0,0,0,0,0,0,0,0,0
11488,0,0,normal,0,0,0,0,0,0,0,0,0,0,0
11489,0,0,normal,0,0,0,0,0,0,0,0,0,0,0
11490,0,0,normal,0,0,0,0,0,0,0,0,0,0,0
11491,0,0,normal,0,0,0,0,0,0,0,0,0,0,0
11492,0,0,normal,0,0,0,0,0,0,0,0,0,0,0
11493,0,0,normal,0,0,0,0,0,0,0,0,0,0,0
11494,0,0,normal,0,0,0,0,0,0,0,0,0,0,0
11495,0,0,normal,0,0,0,0,0,0,0,0,0,0,0
11496,0,0,normal,0,0,0,0,0,0,0,0,0,0,0
11497,0,0,normal,0,0,0,0,0,0,0,0,0,0,0
11498,0,0,normal,0,0,0,0,0,0,0,0,0,0,0
11499,0,0,normal,0,0,0,0,0,0,0,0,0,0,0
11500,0,0,normal,0,0,0,0,0,0,0,0,0,0,0
11501,0,0,normal,0,0,0,0,0,0,0,0,0,0,0
11502,0,0,normal,0,0,0,0,0,0,0,0,0,0,0
11503,0,0,normal,0,0,0,0,0,0,0,0,0,0,0
11504,0,0,normal,0,0,0,0,0,0,0,0,0,0,0
11505,0,0,normal,0,0,0,0,0,0,0,0,0,0,0
11506,0,0,normal,0,0,0,0,0,0,0,0,0,0,0
11507,0,0,normal,0,0,0,0,0,0,0,0,0,0,0
11508,0,0,normal,0,0,0,0,0,0,0,0,0,0,0
11509,0,0,normal,0,0,0,0,0,0,0,0,0,0,0
11510,0,0,normal,0,0,0,0,0,0,0,0,0,0,0
11511,0,0,normal,0,0,0,0,0,0,0,0,0,0,0
11512,0,0,normal,0,0,0,0,0,0,0,0,0,0,0
11513,0,0,normal,0,0,0,0,0,0,0,0,0,0,0
11514,0,0,normal,0,0,0,0,0,0,0,0,0,0,0
11515,0,0,normal,0,0,0,0,0,0,0,0,0,0,0
11516,0,0,normal,0,0,0,0,0,0,0,0,0,0,0
11517,0,0,normal,0,0,0,0,0,0,0,0,0,0,0
11518,0,0,normal,0,0,0,0,0,0,0,0,0,0,0
11523,0,0,normal,0,0,0,0,0,0,0,0,0,0,0
11524,0,0,normal,0,0,0,0,0,0,0,0,0,0,0
11525,0,0,normal,0,0,0,0,0,0,0,0,0,0,0
11526,0,0,normal,0,0,0,0,0,0,0,0,0,0,0
11527,0,0,normal,0,0,0,0,0,0,0,0,0,0,0
11528,0,0,normal,0,0,0,0,0,0,0,0,0,0,0
11529,0,0,normal,0,0,0,0,0,0,0,0,0,0,0
11530,0,0,normal,0,0,0,0,0,0,0,0,0,0,0
11531,0,0,normal,0,0,0,0,0,0,0,0,0,0,0
11532,0,0,normal,0,0,0,0,0,0,0,0,0,0,0
11533,0,0,normal,0,0,0,0,0,0,0,0,0,0,0
11534,0,0,normal,0,0,0,0,0,0,0,0,0,0,0
11535,0,0,normal,0,0,0,0,0,0,0,0,0,0,0
11536,0,0,normal,0,0,0,0,0,0,0,0,0,0,0
11537,0,0,normal,0,0,0,0,0,0,0,0,0,0,0
11538,0,0,normal,0,0,0,0,0,0,0,0,0,0,0
11539,0,0,normal,0,0,0,0,0,0,0,0,0,0,0
11540,0,0,normal,0,0,0,0,0,0,0,0,0,0,0
11541,0,0,normal,0,0,0,0,0,0,0,0,0,0,0
11542,0,0,normal,0,0,0,0,0,0,0,0,0,0,0
11543,0,0,normal,0,0,0,0,0,0,0,0,0,0,0
11544,0,0,normal,0,0,0,0,0,0,0,0,0,0,0
11545,0,0,normal,0,0,0,0,0,0,0,0,0,0,0
11546,0,0,normal,0,0,0,0,0,0,0,0,0,0,0
11547,0,0,normal,0,0,0,0,0,0,0,0,0,0,0
11548,0,0,normal,0,0,0,0,0,0,0,0,0,0,0
11549,0,0,normal,0,0,0,0,0,0,0,0,0,0,0
11550,0,0,normal,0,0,0,0,0,0,0,0,0,0,0
11551,0,0,normal,0,0,0,0,0,0,0,0,0,0,0
11552,0,0,normal,0,0,0,0,0,0,0,0,0,0,0
11553,0,0,normal,0,0,0,0,0,0,0,0,0,0,0
11554,0,0,normal,0,0,0,0,0,0,0,0,0,0,0
11559,0,0,normal,0,0,0,0,0,0,0,0,0,0,0
12063,0,0,normal,0,0,0,0,0,0,0,0,0,0,0
12064,0,0,normal,0,0,0,0,0,0,0,0,0,0,0
12065,0,0,normal,0,0,0,0,0,0,0,0,0,0,0
12066,0,0,normal,0,0,0,0,0,0,0,0,0,0,0
12067,0,0,normal,0,0,0,0,0,0,0,0,0,0,0
12068,0,0,normal,0,0,0,0,0,0,0,0,0,0,0
12069,0,0,normal,0,0,0,0,0,0,0,0,0,0,0
12070,0,0,normal,0,0,0,0,0,0,0,0,0,0,0
12071,0,0,normal,0,0,0,0,0,0,0,0,0,0,0
12072,0,0,normal,0,0,0,0,0,0,0,0,0,0,0
12073,0,0,normal,0,0,0,0,0,0,0,0,0,0,0
12074,0,0,normal,0,0,0,0,0,0,0,0,0,0,0
12075,0,0,normal,0,0,0,0,0,0,0,0,0,0,0
12076,0,0,normal,0,0,0,0,0,0,0,0,0,0,0
12077,0,0,normal,0,0,0,0,0,0,0,0,0,0,0
12078,0,0,normal,0,0,0,0,0,0,0,0,0,0,0
12079,0,0,normal,0,0,0,0,0,0,0,0,0,0,0
12080,0,0,normal,0,0,0,0,0,0,0,0,0,0,0
12081,0,0,normal,0,0,0,0,0,0,0,0,0,0,0
12082,0,0,normal,0,0,0,0,0,0,0,0,0,0,0
12085,0,0,normal,0,0,0,0,0,0,0,0,0,0,0
12087,0,0,normal,0,0,0,0,0,0,0,0,0,0,0
12088,0,0,normal,0,0,0,0,0,0,0,0,0,0,0
12089,0,0,normal,0,0,0,0,0,0,0,0,0,0,0
12094,0,0,normal,0,0,0,0,0,0,0,0,0,0,0
12095,0,0,normal,0,0,0,0,0,0,0,0,0,0,0
12096,0,0,normal,0,0,0,0,0,0,0,0,0,0,0
12097,0,0,normal,0,0,0,0,0,0,0,0,0,0,0
12098,0,0,normal,0,0,0,0,0,0,0,0,0,0,0
12099,0,0,normal,0,0,0,0,0,0,0,0,0,0,0
12101,0,0,normal,0,0,0,0,0,0,0,0,0,0,0
12102,0,0,normal,0,0,0,0,0,0,0,0,0,0,0
12103,0,0,normal,0,0,0,0,0,0,0,0,0,0,0
12104,0,0,normal,0,0,0,0,0,0,0,0,0,0,0
12105,0,0,normal,0,0,0,0,0,0,0,0,0,0,0
12106,0,0,normal,0,0,0,0,0,0,0,0,0,0,0
12107,0,0,normal,0,0,0,0,0,0,0,0,0,0,0
12108,0,0,normal,0,0,0,0,0,0,0,0,0,0,0
12109,0,0,normal,0,0,0,0,0,0,0,0,0,0,0
12110,0,0,normal,0,0,0,0,0,0,0,0,0,0,0
12111,0,0,normal,0,0,0,0,0,0,0,0,0,0,0
12112,0,0,normal,0,0,0,0,0,0,0,0,0,0,0
12116,0,0,normal,0,0,0,0,0,0,0,0,0,0,0
12117,0,0,normal,0,0,0,0,0,0,0,0,0,0,0
12118,0,0,normal,0,0,0,0,0,0,0,0,0,0,0
12119,0,0,normal,0,0,0,0,0,0,0,0,0,0,0
12120,0,0,normal,0,0,0,0,0,0,0,0,0,0,0
12122,0,0,normal,0,0,0,0,0,0,0,0,0,0,0
12123,0,0,normal,0,0,0,0,0,0,0,0,0,0,0
12124,0,0,normal,0,0,0,0,0,0,0,0,0,0,0
12125,0,0,normal,0,0,0,0,0,0,0,0,0,0,0
12126,0,0,normal,0,0,0,0,0,0,0,0,0,0,0
12132,0,0,normal,0,0,0,0,0,0,0,0,0,0,0
12133,0,0,normal,0,0,0,0,0,0,0,0,0,0,0
12135,0,0,normal,0,0,0,0,0,0,0,0,0,0,0
12137,0,0,normal,0,0,0,0,0,0,0,0,0,0,0
12140,0,0,normal,0,0,0,0,0,0,0,0,0,0,0
12141,0,0,normal,0,0,0,0,0,0,0,0,0,0,0
12142,0,0,normal,0,0,0,0,0,0,0,0,0,0,0
12143,0,0,normal,0,0,0,0,0,0,0,0,0,0,0
12144,0,0,normal,0,0,0,0,0,0,0,0,0,0,0
12145,0,0,normal,0,0,0,0,0,0,0,0,0,0,0
12146,0,0,normal,0,0,0,0,0,0,0,0,0,0,0
12151,0,0,normal,0,0,0,0,0,0,0,0,0,0,0
12153,0,0,normal,0,0,0,0,0,0,0,0,0,0,0
12154,0,0,normal,0,0,0,0,0,0,0,0,0,0,0
12156,0,0,normal,0,0,0,0,0,0,0,0,0,0,0
12158,0,0,normal,0,0,0,0,0,0,0,0,0,0,0
12159,0,0,normal,0,0,0,0,0,0,0,0,0,0,0
12160,0,0,normal,0,0,0,0,0,0,0,0,0,0,0
12161,0,0,normal,0,0,0,0,0,0,0,0,0,0,0
12162,0,0,normal,0,0,0,0,0,0,0,0,0,0,0
12167,0,0,normal,0,0,0,0,0,0,0,0,0,0,0
12169,0,0,normal,0,0,0,0,0,0,0,0,0,0,0
12171,0,0,normal,0,0,0,0,0,0,0,0,0,0,0
12172,0,0,normal,0,0,0,0,0,0,0,0,0,0,0
12173,0,0,normal,0,0,0,0,0,0,0,0,0,0,0
12174,0,0,normal,0,0,0,0,0,0,0,0,0,0,0
12178,0,0,normal,0,0,0,0,0,0,0,0,0,0,0
12180,0,0,normal,0,0,0,0,0,0,0,0,0,0,0
12181,0,0,normal,0,0,0,0,0,0,0,0,0,0,0
12185,0,0,normal,0,0,0,0,0,0,0,0,0,0,0
12186,0,0,normal,0,0,0,0,0,0,0,0,0,0,0
12187,0,0,normal,0,0,0,0,0,0,0,0,0,0,0
12189,0,0,normal,0,0,0,0,0,0,0,0,0,0,0
12191,0,0,normal,0,0,0,0,0,0,0,0,0,0,0
12192,0,0,normal,0,0,0,0,0,0,0,0,0,0,0
12193,0,0,normal,0,0,0,0,0,0,0,0,0,0,0
12194,0,0,normal,0,0,0,0,0,0,0,0,0,0,0
12196,0,0,normal,0,0,0,0,0,0,0,0,0,0,0
12197,0,0,normal,0,0,0,0,0,0,0,0,0,0,0
12198,0,0,normal,0,0,0,0,0,0,0,0,0,0,0
12203,0,0,normal,0,0,0,0,0,0,0,0,0,0,0
12206,0,0,normal,0,0,0,0,0,0,0,0,0,0,0
12207,0,0,normal,0,0,0,0,0,0,0,0,0,0,0
12208,0,0,normal,0,0,0,0,0,0,0,0,0,0,0
12209,0,0,normal,0,0,0,0,0,0,0,0,0,0,0
12211,0,0,normal,0,0,0,0,0,0,0,0,0,0,0
12212,0,0,normal,0,0,0,0,0,0,0,0,0,0,0
12213,0,0,normal,0,0,0,0,0,0,0,0,0,0,0
12214,0,0,normal,0,0,0,0,0,0,0,0,0,0,0
12215,0,0,normal,0,0,0,0,0,0,0,0,0,0,0
12216,0,0,normal,0,0,0,0,0,0,0,0,0,0,0
12217,0,0,normal,0,0,0,0,0,0,0,0,0,0,0
12218,0,0,normal,0,0,0,0,0,0,0,0,0,0,0
12219,0,0,normal,0,0,0,0,0,0,0,0,0,0,0
12221,0,0,normal,0,0,0,0,0,0,0,0,0,0,0
12222,0,0,normal,0,0,0,0,0,0,0,0,0,0,0
12224,0,0,normal,0,0,0,0,0,0,0,0,0,0,0
12225,0,0,normal,0,0,0,0,0,0,0,0,0,0,0
12226,0,0,normal,0,0,0,0,0,0,0,0,0,0,0
12227,0,0,normal,0,0,0,0,0,0,0,0,0,0,0
12229,0,0,normal,0,0,0,0,0,0,0,0,0,0,0
12230,0,0,normal,0,0,0,0,0,0,0,0,0,0,0
12231,0,0,normal,0,0,0,0,0,0,0,0,0,0,0
12232,0,0,normal,0,0,0,0,0,0,0,0,0,0,0
12233,0,0,normal,0,0,0,0,0,0,0,0,0,0,0
12238,0,0,normal,0,0,0,0,0,0,0,0,0,0,0
12239,0,0,normal,0,0,0,0,0,0,0,0,0,0,0
12240,0,0,normal,0,0,0,0,0,0,0,0,0,0,0
12241,0,0,normal,0,0,0,0,0,0,0,0,0,0,0
12242,0,0,normal,0,0,0,0,0,0,0,0,0,0,0
12243,0,0,normal,0,0,0,0,0,0,0,0,0,0,0
12244,0,0,normal,0,0,0,0,0,0,0,0,0,0,0
12245,0,0,normal,0,0,0,0,0,0,0,0,0,0,0
12246,0,0,normal,0,0,0,0,0,0,0,0,0,0,0
12247,0,0,normal,0,0,0,0,0,0,0,0,0,0,0
12248,0,0,normal,0,0,0,0,0,0,0,0,0,0,0
12249,0,0,normal,0,0,0,0,0,0,0,0,0,0,0
12250,0,0,normal,0,0,0,0,0,0,0,0,0,0,0
12251,0,0,normal,0,0,0,0,0,0,0,0,0,0,0
12252,0,0,normal,0,0,0,0,0,0,0,0,0,0,0
12254,0,0,normal,0,0,0,0,0,0,0,0,0,0,0
12255,0,0,normal,0,0,0,0,0,0,0,0,0,0,0
12256,0,0,normal,0,0,0,0,0,0,0,0,0,0,0
12257,0,0,normal,0,0,0,0,0,0,0,0,0,0,0
12258,0,0,normal,0,0,0,0,0,0,0,0,0,0,0
12259,0,0,normal,0,0,0,0,0,0,0,0,0,0,0
12260,0,0,normal,0,0,0,0,0,0,0,0,0,0,0
12261,0,0,normal,0,0,0,0,0,0,0,0,0,0,0
12262,0,0,normal,0,0,0,0,0,0,0,0,0,0,0
12263,0,0,normal,0,0,0,0,0,0,0,0,0,0,0
12264,0,0,normal,0,0,0,0,0,0,0,0,0,0,0
12265,0,0,normal,0,0,0,0,0,0,0,0,0,0,0
12266,0,0,normal,0,0,0,0,0,0,0,0,0,0,0
12267,0,0,normal,0,0,0,0,0,0,0,0,0,0,0
12268,0,0,normal,0,0,0,0,0,0,0,0,0,0,0
12269,0,0,normal,0,0,0,0,0,0,0,0,0,0,0
12274,0,0,normal,0,0,0,0,0,0,0,0,0,0,0
12275,0,0,normal,0,0,0,0,0,0,0,0,0,0,0
12276,0,0,normal,0,0,0,0,0,0,0,0,0,0,0
12277,0,0,normal,0,0,0,0,0,0,0,0,0,0,0
12278,0,0,normal,0,0,0,0,0,0,0,0,0,0,0
12279,0,0,normal,0,0,0,0,0,0,0,0,0,0,0
12280,0,0,normal,0,0,0,0,0,0,0,0,0,0,0
12281,0,0,normal,0,0,0,0,0,0,0,0,0,0,0
12282,0,0,normal,0,0,0,0,0,0,0,0,0,0,0
12284,0,0,normal,0,0,0,0,0,0,0,0,0,0,0
12287,0,0,normal,0,0,0,0,0,0,0,0,0,0,0
12288,0,0,normal,0,0,0,0,0,0,0,0,0,0,0
12289,0,0,normal,0,0,0,0,0,0,0,0,0,0,0
12290,0,0,normal,0,0,0,0,0,0,0,0,0,0,0
12291,0,0,normal,0,0,0,0,0,0,0,0,0,0,0
12292,0,0,normal,0,0,0,0,0,0,0,0,0,0,0
12293,0,0,normal,0,0,0,0,0,0,0,0,0,0,0
12294,0,0,normal,0,0,0,0,0,0,0,0,0,0,0
12295,0,0,normal,0,0,0,0,0,0,0,0,0,0,0
12296,0,0,normal,0,0,0,0,0,0,0,0,0,0,0
12297,0,0,normal,0,0,0,0,0,0,0,0,0,0,0
12298,0,0,normal,0,0,0,0,0,0,0,0,0,0,0
12299,0,0,normal,0,0,0,0,0,0,0,0,0,0,0
12300,0,0,normal,0,0,0,0,0,0,0,0,0,0,0
12301,0,0,normal,0,0,0,0,0,0,0,0,0,0,0
12302,0,0,normal,0,0,0,0,0,0,0,0,0,0,0
12303,0,0,normal,0,0,0,0,0,0,0,0,0,0,0
12304,0,0,normal,0,0,0,0,0,0,0,0,0,0,0
12305,0,0,normal,0,0,0,0,0,0,0,0,0,0,0
12306,0,0,normal,0,0,0,0,0,0,0,0,0,0,0
12310,0,0,normal,0,0,0,0,0,0,0,0,0,0,0
12311,0,0,normal,0,0,0,0,0,0,0,0,0,0,0
12312,0,0,normal,0,0,0,0,0,0,0,0,0,0,0
12313,0,0,normal,0,0,0,0,0,0,0,0,0,0,0
12314,0,0,normal,0,0,0,0,0,0,0,0,0,0,0
12315,0,0,normal,0,0,0,0,0,0,0,0,0,0,0
12316,0,0,normal,0,0,0,0,0,0,0,0,0,0,0
12317,0,0,normal,0,0,0,0,0,0,0,0,0,0,0
12318,0,0,normal,0,0,0,0,0,0,0,0,0,0,0
12319,0,0,normal,0,0,0,0,0,0,0,0,0,0,0
12320,0,0,normal,0,0,0,0,0,0,0,0,0,0,0
12321,0,0,normal,0,0,0,0,0,0,0,0,0,0,0
12323,0,0,normal,0,0,0,0,0,0,0,0,0,0,0
12324,0,0,normal,0,0,0,0,0,0,0,0,0,0,0
12325,0,0,normal,0,0,0,0,0,0,0,0,0,0,0
12326,0,0,normal,0,0,0,0,0,0,0,0,0,0,0
12327,0,0,normal,0,0,0,0,0,0,0,0,0,0,0
12328,0,0,normal,0,0,0,0,0,0,0,0,0,0,0
12329,0,0,normal,0,0,0,0,0,0,0,0,0,0,0
12330,0,0,normal,0,0,0,0,0,0,0,0,0,0,0
12331,0,0,normal,0,0,0,0,0,0,0,0,0,0,0
12332,0,0,normal,0,0,0,0,0,0,0,0,0,0,0
12333,0,0,normal,0,0,0,0,0,0,0,0,0,0,0
12334,0,0,normal,0,0,0,0,0,0,0,0,0,0,0
12335,0,0,normal,0,0,0,0,0,0,0,0,0,0,0
12336,0,0,normal,0,0,0,0,0,0,0,0,0,0,0
12337,0,0,normal,0,0,0,0,0,0,0,0,0,0,0
12338,0,0,normal,0,0,0,0,0,0,0,0,0,0,0
12339,0,0,normal,0,0,0,0,0,0,0,0,0,0,0
12340,0,0,normal,0,0,0,0,0,0,0,0,0,0,0
12341,0,0,normal,0,0,0,0,0,0,0,0,0,0,0
12345,0,0,normal,0,0,0,0,0,0,0,0,0,0,0
12346,0,0,normal,0,0,0,0,0,0,0,0,0,0,0
12347,0,0,normal,0,0,0,0,0,0,0,0,0,0,0
12348,0,0,normal,0,0,0,0,0,0,0,0,0,0,0
12349,0,0,normal,0,0,0,0,0,0,0,0,0,0,0
12351,0,0,normal,0,0,0,0,0,0,0,0,0,0,0
12352,0,0,normal,0,0,0,0,0,0,0,0,0,0,0
12353,0,0,normal,0,0,0,0,0,0,0,0,0,0,0
12354,0,0,normal,0,0,0,0,0,0,0,0,0,0,0
12355,0,0,normal,0,0,0,0,0,0,0,0,0,0,0
12356,0,0,normal,0,0,0,0,0,0,0,0,0,0,0
12357,0,0,normal,0,0,0,0,0,0,0,0,0,0,0
12358,0,0,normal,0,0,0,0,0,0,0,0,0,0,0
12359,0,0,normal,0,0,0,0,0,0,0,0,0,0,0
12360,0,0,normal,0,0,0,0,0,0,0,0,0,0,0
12361,0,0,normal,0,0,0,0,0,0,0,0,0,0,0
12362,0,0,normal,0,0,0,0,0,0,0,0,0,0,0
12363,0,0,normal,0,0,0,0,0,0,0,0,0,0,0
12364,0,0,normal,0,0,0,0,0,0,0,0,0,0,0
12365,0,0,normal,0,0,0,0,0,0,0,0,0,0,0
12366,0,0,normal,0,0,0,0,0,0,0,0,0,0,0
12367,0,0,normal,0,0,0,0,0,0,0,0,0,0,0
12368,0,0,normal,0,0,0,0,0,0,0,0,0,0,0
12369,0,0,normal,0,0,0,0,0,0,0,0,0,0,0
12370,0,0,normal,0,0,0,0,0,0,0,0,0,0,0
12371,0,0,normal,0,0,0,0,0,0,0,0,0,0,0
12372,0,0,normal,0,0,0,0,0,0,0,0,0,0,0
12373,0,0,normal,0,0,0,0,0,0,0,0,0,0,0
12374,0,0,normal,0,0,0,0,0,0,0,0,0,0,0
12375,0,0,normal,0,0,0,0,0,0,0,0,0,0,0
12376,0,0,normal,0,0,0,0,0,0,0,0,0,0,0
12377,0,0,normal,0,0,0,0,0,0,0,0,0,0,0
12382,0,0,normal,0,0,0,0,0,0,0,0,0,0,0
12383,0,0,normal,0,0,0,0,0,0,0,0,0,0,0
12384,0,0,normal,0,0,0,0,0,0,0,0,0,0,0
12385,0,0,normal,0,0,0,0,0,0,0,0,0,0,0
12386,0,0,normal,0,0,0,0,0,0,0,0,0,0,0
12387,0,0,normal,0,0,0,0,0,0,0,0,0,0,0
12388,0,0,normal,0,0,0,0,0,0,0,0,0,0,0
12389,0,0,normal,0,0,0,0,0,0,0,0,0,0,0
12390,0,0,normal,0,0,0,0,0,0,0,0,0,0,0
12391,0,0,normal,0,0,0,0,0,0,0,0,0,0,0
12392,0,0,normal,0,0,0,0,0,0,0,0,0,0,0
12393,0,0,normal,0,0,0,0,0,0,0,0,0,0,0
12394,0,0,normal,0,0,0,0,0,0,0,0,0,0,0
12395,0,0,normal,0,0,0,0,0,0,0,0,0,0,0
12396,0,0,normal,0,0,0,0,0,0,0,0,0,0,0
12397,0,0,normal,0,0,0,0,0,0,0,0,0,0,0
12398,0,0,normal,0,0,0,0,0,0,0,0,0,0,0
12399,0,0,normal,0,0,0,0,0,0,0,0,0,0,0
12400,0,0,normal,0,0,0,0,0,0,0,0,0,0,0
12401,0,0,normal,0,0,0,0,0,0,0,0,0,0,0
12402,0,0,normal,0,0,0,0,0,0,0,0,0,0,0
12403,0,0,normal,0,0,0,0,0,0,0,0,0,0,0
12404,0,0,normal,0,0,0,0,0,0,0,0,0,0,0
12405,0,0,normal,0,0,0,0,0,0,0,0,0,0,0
12406,0,0,normal,0,0,0,0,0,0,0,0,0,0,0
12407,0,0,normal,0,0,0,0,0,0,0,0,0,0,0
12408,0,0,normal,0,0,0,0,0,0,0,0,0,0,0
12409,0,0,normal,0,0,0,0,0,0,0,0,0,0,0
12410,0,0,normal,0,0,0,0,0,0,0,0,0,0,0
12411,0,0,normal,0,0,0,0,0,0,0,0,0,0,0
12412,0,0,normal,0,0,0,0,0,0,0,0,0,0,0
12413,0,0,normal,0,0,0,0,0,0,0,0,0,0,0
12418,0,0,normal,0,0,0,0,0,0,0,0,0,0,0
12419,0,0,normal,0,0,0,0,0,0,0,0,0,0,0
12420,0,0,normal,0,0,0,0,0,0,0,0,0,0,0
12421,0,0,normal,0,0,0,0,0,0,0,0,0,0,0
12422,0,0,normal,0,0,0,0,0,0,0,0,0,0,0
12423,0,0,normal,0,0,0,0,0,0,0,0,0,0,0
12424,0,0,normal,0,0,0,0,0,0,0,0,0,0,0
12425,0,0,normal,0,0,0,0,0,0,0,0,0,0,0
12426,0,0,normal,0,0,0,0,0,0,0,0,0,0,0
12427,0,0,normal,0,0,0,0,0,0,0,0,0,0,0
12428,0,0,normal,0,0,0,0,0,0,0,0,0,0,0
12429,0,0,normal,0,0,0,0,0,0,0,0,0,0,0
12430,0,0,normal,0,0,0,0,0,0,0,0,0,0,0
12431,0,0,normal,0,0,0,0,0,0,0,0,0,0,0
12432,0,0,normal,0,0,0,0,0,0,0,0,0,0,0
12433,0,0,normal,0,0,0,0,0,0,0,0,0,0,0
12434,0,0,normal,0,0,0,0,0,0,0,0,0,0,0
12435,0,0,normal,0,0,0,0,0,0,0,0,0,0,0
12436,0,0,normal,0,0,0,0,0,0,0,0,0,0,0
12437,0,0,normal,0,0,0,0,0,0,0,0,0,0,0
12438,0,0,normal,0,0,0,0,0,0,0,0,0,0,0
12439,0,0,normal,0,0,0,0,0,0,0,0,0,0,0
12440,0,0,normal,0,0,0,0,0,0,0,0,0,0,0
12441,0,0,normal,0,0,0,0,0,0,0,0,0,0,0
12442,0,0,normal,0,0,0,0,0,0,0,0,0,0,0
12443,0,0,normal,0,0,0,0,0,0,0,0,0,0,0
12444,0,0,normal,0,0,0,0,0,0,0,0,0,0,0
12445,0,0,normal,0,0,0,0,0,0,0,0,0,0,0
12446,0,0,normal,0,0,0,0,0,0,0,0,0,0,0
12447,0,0,normal,0,0,0,0,0,0,0,0,0,0,0
12448,0,0,normal,0,0,0,0,0,0,0,0,0,0,0
12453,0,0,normal,0,0,0,0,0,0,0,0,0,0,0
12454,0,0,normal,0,0,0,0,0,0,0,0,0,0,0
12455,0,0,normal,0,0,0,0,0,0,0,0,0,0,0
12456,0,0,normal,0,0,0,0,0,0,0,0,0,0,0
12457,0,0,normal,0,0,0,0,0,0,0,0,0,0,0
12458,0,0,normal,0,0,0,0,0,0,0,0,0,0,0
12459,0,0,normal,0,0,0,0,0,0,0,0,0,0,0
12460,0,0,normal,0,0,0,0,0,0,0,0,0,0,0
12461,0,0,normal,0,0,0,0,0,0,0,0,0,0,0
12462,0,0,normal,0,0,0,0,0,0,0,0,0,0,0
12463,0,0,normal,0,0,0,0,0,0,0,0,0,0,0
12464,0,0,normal,0,0,0,0,0,0,0,0,0,0,0
12465,0,0,normal,0,0,0,0,0,0,0,0,0,0,0
12466,0,0,normal,0,0,0,0,0,0,0,0,0,0,0
12467,0,0,normal,0,0,0,0,0,0,0,0,0,0,0
12468,0,0,normal,0,0,0,0,0,0,0,0,0,0,0
12469,0,0,normal,0,0,0,0,0,0,0,0,0,0,0
12470,0,0,normal,0,0,0,0,0,0,0,0,0,0,0
12471,0,0,normal,0,0,0,0,0,0,0,0,0,0,0
12472,0,0,normal,0,0,0,0,0,0,0,0,0,0,0
12473,0,0,normal,0,0,0,0,0,0,0,0,0,0,0
12474,0,0,normal,0,0,0,0,0,0,0,0,0,0,0
12475,0,0,normal,0,0,0,0,0,0,0,0,0,0,0
12476,0,0,normal,0,0,0,0,0,0,0,0,0,0,0
12477,0,0,normal,0,0,0,0,0,0,0,0,0,0,0
12478,0,0,normal,0,0,0,0,0,0,0,0,0,0,0
12479,0,0,normal,0,0,0,0,0,0,0,0,0,0,0
12480,0,0,normal,0,0,0,0,0,0,0,0,0,0,0
12481,0,0,normal,0,0,0,0,0,0,0,0,0,0,0
12482,0,0,normal,0,0,0,0,0,0,0,0,0,0,0
12483,0,0,normal,0,0,0,0,0,0,0,0,0,0,0
12484,0,0,normal,0,0,0,0,0,0,0,0,0,0,0
12485,0,0,normal,0,0,0,0,0,0,0,0,0,0,0
12489,0,0,normal,0,0,0,0,0,0,0,0,0,0,0
12490,0,0,normal,0,0,0,0,0,0,0,0,0,0,0
12491,0,0,normal,0,0,0,0,0,0,0,0,0,0,0
12492,0,0,normal,0,0,0,0,0,0,0,0,0,0,0
12493,0,0,normal,0,0,0,0,0,0,0,0,0,0,0
12494,0,0,normal,0,0,0,0,0,0,0,0,0,0,0
12495,0,0,normal,0,0,0,0,0,0,0,0,0,0,0
12496,0,0,normal,0,0,0,0,0,0,0,0,0,0,0
12497,0,0,normal,0,0,0,0,0,0,0,0,0,0,0
12498,0,0,normal,0,0,0,0,0,0,0,0,0,0,0
12499,0,0,normal,0,0,0,0,0,0,0,0,0,0,0
12500,0,0,normal,0,0,0,0,0,0,0,0,0,0,0
12501,0,0,normal,0,0,0,0,0,0,0,0,0,0,0
12502,0,0,normal,0,0,0,0,0,0,0,0,0,0,0
12503,0,0,normal,0,0,0,0,0,0,0,0,0,0,0
12504,0,0,normal,0,0,0,0,0,0,0,0,0,0,0
12505,0,0,normal,0,0,0,0,0,0,0,0,0,0,0
12506,0,0,normal,0,0,0,0,0,0,0,0,0,0,0
12507,0,0,normal,0,0,0,0,0,0,0,0,0,0,0
12508,0,0,normal,0,0,0,0,0,0,0,0,0,0,0
12509,0,0,normal,0,0,0,0,0,0,0,0,0,0,0
12510,0,0,normal,0,0,0,0,0,0,0,0,0,0,0
12511,0,0,normal,0,0,0,0,0,0,0,0,0,0,0
12512,0,0,normal,0,0,0,0,0,0,0,0,0,0,0
12513,0,0,normal,0,0,0,0,0,0,0,0,0,0,0
12514,0,0,normal,0,0,0,0,0,0,0,0,0,0,0
12515,0,0,normal,0,0,0,0,0,0,0,0,0,0,0
12516,0,0,normal,0,0,0,0,0,0,0,0,0,0,0
12517,0,0,normal,0,0,0,0,0,0,0,0,0,0,0
12518,0,0,normal,0,0,0,0,0,0,0,0,0,0,0
12519,0,0,normal,0,0,0,0,0,0,0,0,0,0,0
12520,0,0,normal,0,0,0,0,0,0,0,0,0,0,0
12521,0,0,normal,0,0,0,0,0,0,0,0,0,0,0
12525,0,0,normal,0,0,0,0,0,0,0,0,0,0,0
12526,0,0,normal,0,0,0,0,0,0,0,0,0,0,0
12527,0,0,normal,0,0,0,0,0,0,0,0,0,0,0
12528,0,0,normal,0,0,0,0,0,0,0,0,0,0,0
12529,0,0,normal,0,0,0,0,0,0,0,0,0,0,0
12530,0,0,normal,0,0,0,0,0,0,0,0,0,0,0
12531,0,0,normal,0,0,0,0,0,0,0,0,0,0,0
12532,0,0,normal,0,0,0,0,0,0,0,0,0,0,0
12533,0,0,normal,0,0,0,0,0,0,0,0,0,0,0
12534,0,0,normal,0,0,0,0,0,0,0,0,0,0,0
12535,0,0,normal,0,0,0,0,0,0,0,0,0,0,0
12536,0,0,normal,0,0,0,0,0,0,0,0,0,0,0
12537,0,0,normal,0,0,0,0,0,0,0,0,0,0,0
12538,0,0,normal,0,0,0,0,0,0,0,0,0,0,0
12539,0,0,normal,0,0,0,0,0,0,0,0,0,0,0
12540,0,0,normal,0,0,0,0,0,0,0,0,0,0,0
12541,0,0,normal,0,0,0,0,0,0,0,0,0,0,0
12542,0,0,normal,0,0,0,0,0,0,0,0,0,0,0
12543,0,0,normal,0,0,0,0,0,0,0,0,0,0,0
12544,0,0,normal,0,0,0,0,0,0,0,0,0,0,0
12545,0,0,normal,0,0,0,0,0,0,0,0,0,0,0
12546,0,0,normal,0,0,0,0,0,0,0,0,0,0,0
12547,0,0,normal,0,0,0,0,0,0,0,0,0,0,0
12548,0,0,normal,0,0,0,0,0,0,0,0,0,0,0
12549,0,0,normal,0,0,0,0,0,0,0,0,0,0,0
12550,0,0,normal,0,0,0,0,0,0,0,0,0,0,0
12551,0,0,normal,0,0,0,0,0,0,0,0,0,0,0
12552,0,0,normal,0,0,0,0,0,0,0,0,0,0,0
12553,0,0,normal,0,0,0,0,0,0,0,0,0,0,0
12554,0,0,normal,0,0,0,0,0,0,0,0,0,0,0
12555,0,0,normal,0,0,0,0,0,0,0,0,0,0,0
12556,0,0,normal,0,0,0,0,0,0,0,0,0,0,0
12560,0,0,normal,0,0,0,0,0,0,0,0,0,0,0
12561,0,0,normal,0,0,0,0,0,0,0,0,0,0,0
12562,0,0,normal,0,0,0,0,0,0,0,0,0,0,0
12563,0,0,normal,0,0,0,0,0,0,0,0,0,0,0
13068,0,0,normal,0,0,0,0,0,0,0,0,0,0,0
13069,0,0,normal,0,0,0,0,0,0,0,0,0,0,0
13070,0,0,normal,0,0,0,0,0,0,0,0,0,0,0
13071,0,0,normal,0,0,0,0,0,0,0,0,0,0,0
13072,0,0,normal,0,0,0,0,0,0,0,0,0,0,0
13073,0,0,normal,0,0,0,0,0,0,0,0,0,0,0
13074,0,0,normal,0,0,0,0,0,0,0,0,0,0,0
13075,0,0,normal,0,0,0,0,0,0,0,0,0,0,0
13076,0,0,normal,0,0,0,0,0,0,0,0,0,0,0
13077,0,0,normal,0,0,0,0,0,0,0,0,0,0,0
13078,0,0,normal,0,0,0,0,0,0,0,0,0,0,0
13079,0,0,normal,0,0,0,0,0,0,0,0,0,0,0
13080,0,0,normal,0,0,0,0,0,0,0,0,0,0,0
13081,0,0,normal,0,0,0,0,0,0,0,0,0,0,0
13082,0,0,normal,0,0,0,0,0,0,0,0,0,0,0
13083,0,0,normal,0,0,0,0,0,0,0,0,0,0,0
13084,0,0,normal,0,0,0,0,0,0,0,0,0,0,0
13085,0,0,normal,0,0,0,0,0,0,0,0,0,0,0
13086,0,0,normal,0,0,0,0,0,0,0,0,0,0,0
13087,0,0,normal,0,0,0,0,0,0,0,0,0,0,0
13088,0,0,normal,0,0,0,0,0,0,0,0,0,0,0
13090,0,0,normal,0,0,0,0,0,0,0,0,0,0,0
13091,0,0,normal,0,0,0,0,0,0,0,0,0,0,0
13092,0,0,normal,0,0,0,0,0,0,0,0,0,0,0
13098,0,0,normal,0,0,0,0,0,0,0,0,0,0,0
13099,0,0,normal,0,0,0,0,0,0,0,0,0,0,0
13100,0,0,normal,0,0,0,0,0,0,0,0,0,0,0
13102,0,0,normal,0,0,0,0,0,0,0,0,0,0,0
13103,0,0,normal,0,0,0,0,0,0,0,0,0,0,0
13104,0,0,normal,0,0,0,0,0,0,0,0,0,0,0
13106,0,0,normal,0,0,0,0,0,0,0,0,0,0,0
13107,0,0,normal,0,0,0,0,0,0,0,0,0,0,0
13108,0,0,normal,0,0,0,0,0,0,0,0,0,0,0
13109,0,0,normal,0,0,0,0,0,0,0,0,0,0,0
13110,0,0,normal,0,0,0,0,0,0,0,0,0,0,0
13111,0,0,normal,0,0,0,0,0,0,0,0,0,0,0
13114,0,0,normal,0,0,0,0,0,0,0,0,0,0,0
13115,0,0,normal,0,0,0,0,0,0,0,0,0,0,0
13116,0,0,normal,0,0,0,0,0,0,0,0,0,0,0
13117,0,0,normal,0,0,0,0,0,0,0,0,0,0,0
13119,0,0,normal,0,0,0,0,0,0,0,0,0,0,0
13120,0,0,normal,0,0,0,0,0,0,0,0,0,0,0
13122,0,0,normal,0,0,0,0,0,0,0,0,0,0,0
13123,0,0,normal,0,0,0,0,0,0,0,0,0,0,0
13124,0,0,normal,0,0,0,0,0,0,0,0,0,0,0
13125,0,0,normal,0,0,0,0,0,0,0,0,0,0,0
13126,0,0,normal,0,0,0,0,0,0,0,0,0,0,0
13128,0,0,normal,0,0,0,0,0,0,0,0,0,0,0
13133,0,0,normal,0,0,0,0,0,0,0,0,0,0,0
13135,0,0,normal,0,0,0,0,0,0,0,0,0,0,0
13136,0,0,normal,0,0,0,0,0,0,0,0,0,0,0
13139,0,0,normal,0,0,0,0,0,0,0,0,0,0,0
13140,0,0,normal,0,0,0,0,0,0,0,0,0,0,0
13141,0,0,normal,0,0,0,0,0,0,0,0,0,0,0
13145,0,0,normal,0,0,0,0,0,0,0,0,0,0,0
13146,0,0,normal,0,0,0,0,0,0,0,0,0,0,0
13147,0,0,normal,0,0,0,0,0,0,0,0,0,0,0
13149,0,0,normal,0,0,0,0,0,0,0,0,0,0,0
13150,0,0,normal,0,0,0,0,0,0,0,0,0,0,0
13151,0,0,normal,0,0,0,0,0,0,0,0,0,0,0
13153,0,0,normal,0,0,0,0,0,0,0,0,0,0,0
13156,0,0,normal,0,0,0,0,0,0,0,0,0,0,0
13157,0,0,normal,0,0,0,0,0,0,0,0,0,0,0
13160,0,0,normal,0,0,0,0,0,0,0,0,0,0,0
13161,0,0,normal,0,0,0,0,0,0,0,0,0,0,0
13171,0,0,normal,0,0,0,0,0,0,0,0,0,0,0
13172,0,0,normal,0,0,0,0,0,0,0,0,0,0,0
13173,0,0,normal,0,0,0,0,0,0,0,0,0,0,0
13175,0,0,normal,0,0,0,0,0,0,0,0,0,0,0
13177,0,0,normal,0,0,0,0,0,0,0,0,0,0,0
13178,0,0,normal,0,0,0,0,0,0,0,0,0,0,0
13179,0,0,normal,0,0,0,0,0,0,0,0,0,0,0
13180,0,0,normal,0,0,0,0,0,0,0,0,0,0,0
13183,0,0,normal,0,0,0,0,0,0,0,0,0,0,0
13184,0,0,normal,0,0,0,0,0,0,0,0,0,0,0
13189,0,0,normal,0,0,0,0,0,0,0,0,0,0,0
13190,0,0,normal,0,0,0,0,0,0,0,0,0,0,0
13192,0,0,normal,0,0,0,0,0,0,0,0,0,0,0
13193,0,0,normal,0,0,0,0,0,0,0,0,0,0,0
13196,0,0,normal,0,0,0,0,0,0,0,0,0,0,0
13197,0,0,normal,0,0,0,0,0,0,0,0,0,0,0
13198,0,0,normal,0,0,0,0,0,0,0,0,0,0,0
13199,0,0,normal,0,0,0,0,0,0,0,0,0,0,0
13200,0,0,normal,0,0,0,0,0,0,0,0,0,0,0
13204,0,0,normal,0,0,0,0,0,0,0,0,0,0,0
13206,0,0,normal,0,0,0,0,0,0,0,0,0,0,0
13207,0,0,normal,0,0,0,0,0,0,0,0,0,0,0
13208,0,0,normal,0,0,0,0,0,0,0,0,0,0,0
13209,0,0,normal,0,0,0,0,0,0,0,0,0,0,0
13211,0,0,normal,0,0,0,0,0,0,0,0,0,0,0
13212,0,0,normal,0,0,0,0,0,0,0,0,0,0,0
13214,0,0,normal,0,0,0,0,0,0,0,0,0,0,0
13216,0,0,normal,0,0,0,0,0,0,0,0,0,0,0
13219,0,0,normal,0,0,0,0,0,0,0,0,0,0,0
13220,0,0,normal,0,0,0,0,0,0,0,0,0,0,0
13221,0,0,normal,0,0,0,0,0,0,0,0,0,0,0
13222,0,0,normal,0,0,0,0,0,0,0,0,0,0,0
13223,0,0,normal,0,0,0,0,0,0,0,0,0,0,0
13225,0,0,normal,0,0,0,0,0,0,0,0,0,0,0
13227,0,0,normal,0,0,0,0,0,0,0,0,0,0,0
13229,0,0,normal,0,0,0,0,0,0,0,0,0,0,0
13230,0,0,normal,0,0,0,0,0,0,0,0,0,0,0
13231,0,0,normal,0,0,0,0,0,0,0,0,0,0,0
13232,0,0,normal,0,0,0,0,0,0,0,0,0,0,0
13233,0,0,normal,0,0,0,0,0,0,0,0,0,0,0
13234,0,0,normal,0,0,0,0,0,0,0,0,0,0,0
13235,0,0,normal,0,0,0,0,0,0,0,0,0,0,0
13236,0,0,normal,0,0,0,0,0,0,0,0,0,0,0
13240,0,0,normal,0,0,0,0,0,0,0,0,0,0,0
13241,0,0,normal,0,0,0,0,0,0,0,0,0,0,0
13242,0,0,normal,0,0,0,0,0,0,0,0,0,0,0
13243,0,0,normal,0,0,0,0,0,0,0,0,0,0,0
13244,0,0,normal,0,0,0,0,0,0,0,0,0,0,0
13245,0,0,normal,0,0,0,0,0,0,0,0,0,0,0
13246,0,0,normal,0,0,0,0,0,0,0,0,0,0,0
13248,0,0,normal,0,0,0,0,0,0,0,0,0,0,0
13250,0,0,normal,0,0,0,0,0,0,0,0,0,0,0
13253,0,0,normal,0,0,0,0,0,0,0,0,0,0,0
13254,0,0,normal,0,0,0,0,0,0,0,0,0,0,0
13255,0,0,normal,0,0,0,0,0,0,0,0,0,0,0
13257,0,0,normal,0,0,0,0,0,0,0,0,0,0,0
13259,0,0,normal,0,0,0,0,0,0,0,0,0,0,0
13260,0,0,normal,0,0,0,0,0,0,0,0,0,0,0
13261,0,0,normal,0,0,0,0,0,0,0,0,0,0,0
13262,0,0,normal,0,0,0,0,0,0,0,0,0,0,0
13263,0,0,normal,0,0,0,0,0,0,0,0,0,0,0
13265,0,0,normal,0,0,0,0,0,0,0,0,0,0,0
13270,0,0,normal,0,0,0,0,0,0,0,0,0,0,0
13271,0,0,normal,0,0,0,0,0,0,0,0,0,0,0
13276,0,0,normal,0,0,0,0,0,0,0,0,0,0,0
13277,0,0,normal,0,0,0,0,0,0,0,0,0,0,0
13278,0,0,normal,0,0,0,0,0,0,0,0,0,0,0
13279,0,0,normal,0,0,0,0,0,0,0,0,0,0,0
13281,0,0,normal,0,0,0,0,0,0,0,0,0,0,0
13282,0,0,normal,0,0,0,0,0,0,0,0,0,0,0
13283,0,0,normal,0,0,0,0,0,0,0,0,0,0,0
13284,0,0,normal,0,0,0,0,0,0,0,0,0,0,0
13285,0,0,normal,0,0,0,0,0,0,0,0,0,0,0
13286,0,0,normal,0,0,0,0,0,0,0,0,0,0,0
13287,0,0,normal,0,0,0,0,0,0,0,0,0,0,0
13288,0,0,normal,0,0,0,0,0,0,0,0,0,0,0
13289,0,0,normal,0,0,0,0,0,0,0,0,0,0,0
13290,0,0,normal,0,0,0,0,0,0,0,0,0,0,0
13291,0,0,normal,0,0,0,0,0,0,0,0,0,0,0
13292,0,0,normal,0,0,0,0,0,0,0,0,0,0,0
13293,0,0,normal,0,0,0,0,0,0,0,0,0,0,0
13294,0,0,normal,0,0,0,0,0,0,0,0,0,0,0
13295,0,0,normal,0,0,0,0,0,0,0,0,0,0,0
13296,0,0,normal,0,0,0,0,0,0,0,0,0,0,0
13297,0,0,normal,0,0,0,0,0,0,0,0,0,0,0
13298,0,0,normal,0,0,0,0,0,0,0,0,0,0,0
13299,0,0,normal,0,0,0,0,0,0,0,0,0,0,0
13300,0,0,normal,0,0,0,0,0,0,0,0,0,0,0
13301,0,0,normal,0,0,0,0,0,0,0,0,0,0,0
13302,0,0,normal,0,0,0,0,0,0,0,0,0,0,0
13303,0,0,normal,0,0,0,0,0,0,0,0,0,0,0
13304,0,0,normal,0,0,0,0,0,0,0,0,0,0,0
13305,0,0,normal,0,0,0,0,0,0,0,0,0,0,0
13306,0,0,normal,0,0,0,0,0,0,0,0,0,0,0
13307,0,0,normal,0,0,0,0,0,0,0,0,0,0,0
13312,0,0,normal,0,0,0,0,0,0,0,0,0,0,0
13313,0,0,normal,0,0,0,0,0,0,0,0,0,0,0
13314,0,0,normal,0,0,0,0,0,0,0,0,0,0,0
13315,0,0,normal,0,0,0,0,0,0,0,0,0,0,0
13316,0,0,normal,0,0,0,0,0,0,0,0,0,0,0
13317,0,0,normal,0,0,0,0,0,0,0,0,0,0,0
13318,0,0,normal,0,0,0,0,0,0,0,0,0,0,0
13319,0,0,normal,0,0,0,0,0,0,0,0,0,0,0
13320,0,0,normal,0,0,0,0,0,0,0,0,0,0,0
13321,0,0,normal,0,0,0,0,0,0,0,0,0,0,0
13322,0,0,normal,0,0,0,0,0,0,0,0,0,0,0
13323,0,0,normal,0,0,0,0,0,0,0,0,0,0,0
13324,0,0,normal,0,0,0,0,0,0,0,0,0,0,0
13325,0,0,normal,0,0,0,0,0,0,0,0,0,0,0
13326,0,0,normal,0,0,0,0,0,0,0,0,0,0,0
13327,0,0,normal,0,0,0,0,0,0,0,0,0,0,0
13328,0,0,normal,0,0,0,0,0,0,0,0,0,0,0
13329,0,0,normal,0,0,0,0,0,0,0,0,0,0,0
13330,0,0,normal,0,0,0,0,0,0,0,0,0,0,0
13331,0,0,normal,0,0,0,0,0,0,0,0,0,0,0
13332,0,0,normal,0,0,0,0,0,0,0,0,0,0,0
13333,0,0,normal,0,0,0,0,0,0,0,0,0,0,0
13334,0,0,normal,0,0,0,0,0,0,0,0,0,0,0
13335,0,0,normal,0,0,0,0,0,0,0,0,0,0,0
13336,0,0,normal,0,0,0,0,0,0,0,0,0,0,0
13337,0,0,normal,0,0,0,0,0,0,0,0,0,0,0
13338,0,0,normal,0,0,0,0,0,0,0,0,0,0,0
13339,0,0,normal,0,0,0,0,0,0,0,0,0,0,0
13340,0,0,normal,0,0,0,0,0,0,0,0,0,0,0
13341,0,0,normal,0,0,0,0,0,0,0,0,0,0,0
13342,0,0,normal,0,0,0,0,0,0,0,0,0,0,0
13349,0,0,normal,0,0,0,0,0,0,0,0,0,0,0
13350,0,0,normal,0,0,0,0,0,0,0,0,0,0,0
13351,0,0,normal,0,0,0,0,0,0,0,0,0,0,0
13352,0,0,normal,0,0,0,0,0,0,0,0,0,0,0
13353,0,0,normal,0,0,0,0,0,0,0,0,0,0,0
13354,0,0,normal,0,0,0,0,0,0,0,0,0,0,0
13355,0,0,normal,0,0,0,0,0,0,0,0,0,0,0
13356,0,0,normal,0,0,0,0,0,0,0,0,0,0,0
13357,0,0,normal,0,0,0,0,0,0,0,0,0,0,0
13358,0,0,normal,0,0,0,0,0,0,0,0,0,0,0
13359,0,0,normal,0,0,0,0,0,0,0,0,0,0,0
13360,0,0,normal,0,0,0,0,0,0,0,0,0,0,0
13361,0,0,normal,0,0,0,0,0,0,0,0,0,0,0
13362,0,0,normal,0,0,0,0,0,0,0,0,0,0,0
13363,0,0,normal,0,0,0,0,0,0,0,0,0,0,0
13364,0,0,normal,0,0,0,0,0,0,0,0,0,0,0
13365,0,0,normal,0,0,0,0,0,0,0,0,0,0,0
13366,0,0,normal,0,0,0,0,0,0,0,0,0,0,0
13367,0,0,normal,0,0,0,0,0,0,0,0,0,0,0
13368,0,0,normal,0,0,0,0,0,0,0,0,0,0,0
13369,0,0,normal,0,0,0,0,0,0,0,0,0,0,0
13370,0,0,normal,0,0,0,0,0,0,0,0,0,0,0
13371,0,0,normal,0,0,0,0,0,0,0,0,0,0,0
13372,0,0,normal,0,0,0,0,0,0,0,0,0,0,0
13375,0,0,normal,0,0,0,0,0,0,0,0,0,0,0
13376,0,0,normal,0,0,0,0,0,0,0,0,0,0,0
13377,0,0,normal,0,0,0,0,0,0,0,0,0,0,0
13378,0,0,normal,0,0,0,0,0,0,0,0,0,0,0
13383,0,0,normal,0,0,0,0,0,0,0,0,0,0,0
13384,0,0,normal,0,0,0,0,0,0,0,0,0,0,0
13385,0,0,normal,0,0,0,0,0,0,0,0,0,0,0
13386,0,0,normal,0,0,0,0,0,0,0,0,0,0,0
13387,0,0,normal,0,0,0,0,0,0,0,0,0,0,0
13388,0,0,normal,0,0,0,0,0,0,0,0,0,0,0
13389,0,0,normal,0,0,0,0,0,0,0,0,0,0,0
13390,0,0,normal,0,0,0,0,0,0,0,0,0,0,0
13391,0,0,normal,0,0,0,0,0,0,0,0,0,0,0
13392,0,0,normal,0,0,0,0,0,0,0,0,0,0,0
13393,0,0,normal,0,0,0,0,0,0,0,0,0,0,0
13394,0,0,normal,0,0,0,0,0,0,0,0,0,0,0
13395,0,0,normal,0,0,0,0,0,0,0,0,0,0,0
13396,0,0,normal,0,0,0,0,0,0,0,0,0,0,0
13397,0,0,normal,0,0,0,0,0,0,0,0,0,0,0
13398,0,0,normal,0,0,0,0,0,0,0,0,0,0,0
13399,0,0,normal,0,0,0,0,0,0,0,0,0,0,0
13400,0,0,normal,0,0,0,0,0,0,0,0,0,0,0
13401,0,0,normal,0,0,0,0,0,0,0,0,0,0,0
13402,0,0,normal,0,0,0,0,0,0,0,0,0,0,0
13403,0,0,normal,0,0,0,0,0,0,0,0,0,0,0
13404,0,0,normal,0,0,0,0,0,0,0,0,0,0,0
13405,0,0,normal,0,0,0,0,0,0,0,0,0,0,0
13406,0,0,normal,0,0,0,0,0,0,0,0,0,0,0
13407,0,0,normal,0,0,0,0,0,0,0,0,0,0,0
13408,0,0,normal,0,0,0,0,0,0,0,0,0,0,0
13409,0,0,normal,0,0,0,0,0,0,0,0,0,0,0
13410,0,0,normal,0,0,0,0,0,0,0,0,0,0,0
13411,0,0,normal,0,0,0,0,0,0,0,0,0,0,0
13412,0,0,normal,0,0,0,0,0,0,0,0,0,0,0
13413,0,0,normal,0,0,0,0,0,0,0,0,0,0,0
13414,0,0,normal,0,0,0,0,0,0,0,0,0,0,0
13415,0,0,normal,0,0,0,0,0,0,0,0,0,0,0
13419,0,0,normal,0,0,0,0,0,0,0,0,0,0,0
13420,0,0,normal,0,0,0,0,0,0,0,0,0,0,0
13421,0,0,normal,0,0,0,0,0,0,0,0,0,0,0
13422,0,0,normal,0,0,0,0,0,0,0,0,0,0,0
13423,0,0,normal,0,0,0,0,0,0,0,0,0,0,0
13424,0,0,normal,0,0,0,0,0,0,0,0,0,0,0
13425,0,0,normal,0,0,0,0,0,0,0,0,0,0,0
13426,0,0,normal,0,0,0,0,0,0,0,0,0,0,0
13427,0,0,normal,0,0,0,0,0,0,0,0,0,0,0
13428,0,0,normal,0,0,0,0,0,0,0,0,0,0,0
13429,0,0,normal,0,0,0,0,0,0,0,0,0,0,0
13430,0,0,normal,0,0,0,0,0,0,0,0,0,0,0
13431,0,0,normal,0,0,0,0,0,0,0,0,0,0,0
13432,0,0,normal,0,0,0,0,0,0,0,0,0,0,0
13433,0,0,normal,0,0,0,0,0,0,0,0,0,0,0
13434,0,0,normal,0,0,0,0,0,0,0,0,0,0,0
13435,0,0,normal,0,0,0,0,0,0,0,0,0,0,0
13436,0,0,normal,0,0,0,0,0,0,0,0,0,0,0
13437,0,0,normal,0,0,0,0,0,0,0,0,0,0,0
13439,0,0,normal,0,0,0,0,0,0,0,0,0,0,0
13440,0,0,normal,0,0,0,0,0,0,0,0,0,0,0
13441,0,0,normal,0,0,0,0,0,0,0,0,0,0,0
13442,0,0,normal,0,0,0,0,0,0,0,0,0,0,0
13443,0,0,normal,0,0,0,0,0,0,0,0,0,0,0
13444,0,0,normal,0,0,0,0,0,0,0,0,0,0,0
13445,0,0,normal,0,0,0,0,0,0,0,0,0,0,0
13446,0,0,normal,0,0,0,0,0,0,0,0,0,0,0
13447,0,0,normal,0,0,0,0,0,0,0,0,0,0,0
13448,0,0,normal,0,0,0,0,0,0,0,0,0,0,0
13449,0,0,normal,0,0,0,0,0,0,0,0,0,0,0
13450,0,0,normal,0,0,0,0,0,0,0,0,0,0,0
13454,0,0,normal,0,0,0,0,0,1,0,1,0,0,0
13455,0,0,normal,0,0,0,0,0,0,0,0,0,0,0
13456,0,0,normal,0,0,0,0,0,0,0,0,0,0,0
13457,0,0,normal,0,0,0,0,0,0,0,0,0,0,0
13458,0,0,normal,0,0,0,0,0,0,0,0,0,0,0
13459,0,0,normal,0,0,0,0,0,0,0,0,0,0,0
13460,0,0,normal,0,0,0,0,0,0,0,0,0,0,0
13461,0,0,normal,0,0,0,0,0,0,0,0,0,0,0
13462,0,0,normal,0,0,0,0,0,0,0,0,0,0,0
13463,0,0,normal,0,0,0,0,0,0,0,0,0,0,0
13464,0,0,normal,0,0,0,0,0,0,0,0,0,0,0
13465,0,0,normal,0,0,0,0,0,0,0,0,0,0,0
13466,0,0,normal,0,0,0,0,0,0,0,0,0,0,0
13467,0,0,normal,0,0,0,0,0,0,0,0,0,0,0
13468,0,0,normal,0,0,0,0,0,0,0,0,0,0,0
13469,0,0,normal,0,0,0,0,0,0,0,0,0,0,0
13470,0,0,normal,0,0,0,0,0,0,0,0,0,0,0
13471,0,0,normal,0,0,0,0,0,0,0,0,0,0,0
13472,0,0,normal,0,0,0,0,0,0,0,0,0,0,0
13473,0,0,normal,0,0,0,0,0,0,0,0,0,0,0
13474,0,0,normal,0,0,0,0,0,0,0,0,0,0,0
13475,0,0,normal,0,0,0,0,0,0,0,0,0,0,0
13476,0,0,normal,0,0,0,0,0,0,0,0,0,0,0
13477,0,0,normal,0,0,0,0,0,0,0,0,0,0,0
13478,0,0,normal,0,0,0,0,0,0,0,0,0,0,0
13479,0,0,normal,0,0,0,0,0,0,0,0,0,0,0
13480,0,0,normal,0,0,0,0,0,0,0,0,0,0,0
13481,0,0,normal,0,0,0,0,0,0,0,0,0,0,0
13482,0,0,normal,0,0,0,0,0,0,0,0,0,0,0
13483,0,0,normal,0,0,0,0,0,0,0,0,0,0,0
13484,0,0,normal,0,0,0,0,0,0,0,0,0,0,0
13485,0,0,normal,0,0,0,0,0,0,0,0,0,0,0
13486,0,0,normal,0,0,0,0,0,0,0,0,0,0,0
13491,0,0,normal,0,0,0,0,0,0,0,0,0,0,0
13492,0,0,normal,0,0,0,0,0,0,0,0,0,0,0
13493,0,0,normal,0,0,0,0,0,0,0,0,0,0,0
13494,0,0,normal,0,0,0,0,0,0,0,0,0,0,0
13495,0,0,normal,0,0,0,0,0,0,0,0,0,0,0
13496,0,0,normal,0,0,0,0,0,0,0,0,0,0,0
13497,0,0,normal,0,0,0,0,0,0,0,0,0,0,0
13498,0,0,normal,0,0,0,0,0,0,0,0,0,0,0
13499,0,0,normal,0,0,0,0,0,0,0,0,0,0,0
13500,0,0,normal,0,0,0,0,0,0,0,0,0,0,0
13501,0,0,normal,0,0,0,0,0,0,0,0,0,0,0
13502,0,0,normal,0,0,0,0,0,0,0,0,0,0,0
13503,0,0,normal,0,0,0,0,0,0,0,0,0,0,0
13504,0,0,normal,0,0,0,0,0,0,0,0,0,0,0
13505,0,0,normal,0,0,0,0,0,0,0,0,0,0,0
13506,0,0,normal,0,0,0,0,0,0,0,0,0,0,0
13507,0,0,normal,0,0,0,0,0,0,0,0,0,0,0
13508,0,0,normal,0,0,0,0,0,0,0,0,0,0,0
13509,0,0,normal,0,0,0,0,0,0,0,0,0,0,0
13510,0,0,normal,0,0,0,0,0,0,0,0,0,0,0
13511,0,0,normal,0,0,0,0,0,0,0,0,0,0,0
13512,0,0,normal,0,0,0,0,0,0,0,0,0,0,0
13513,0,0,normal,0,0,0,0,0,0,0,0,0,0,0
13514,0,0,normal,0,0,0,0,0,0,0,0,0,0,0
13515,0,0,normal,0,0,0,0,0,0,0,0,0,0,0
13516,0,0,normal,0,0,0,0,0,0,0,0,0,0,0
13517,0,0,normal,0,0,0,0,0,0,0,0,0,0,0
13518,0,0,normal,0,0,0,0,0,0,0,0,0,0,0
13519,0,0,normal,0,0,0,0,0,0,0,0,0,0,0
13520,0,0,normal,0,0,0,0,0,0,0,0,0,0,0
13521,0,0,normal,0,0,0,0,0,0,0,0,0,0,0
13522,0,0,normal,0,0,0,0,0,0,0,0,0,0,0
13527,0,0,normal,0,0,0,0,0,0,0,0,0,0,0
13528,0,0,normal,0,0,0,0,0,0,0,0,0,0,0
13529,0,0,normal,0,0,0,0,0,0,0,0,0,0,0
13530,0,0,normal,0,0,0,0,0,0,0,0,0,0,0
13531,0,0,normal,0,0,0,0,0,0,0,0,0,0,0
13532,0,0,normal,0,0,0,0,0,0,0,0,0,0,0
13533,0,0,normal,0,0,0,0,0,0,0,0,0,0,0
13534,0,0,normal,0,0,0,0,0,0,0,0,0,0,0
13535,0,0,normal,0,0,0,0,0,0,0,0,0,0,0
13536,0,0,normal,0,0,0,0,0,0,0,0,0,0,0
13537,0,0,normal,0,0,0,0,0,0,0,0,0,0,0
13538,0,0,normal,0,0,0,0,0,0,0,0,0,0,0
13539,0,0,normal,0,0,0,0,0,0,0,0,0,0,0
13540,0,0,normal,0,0,0,0,0,0,0,0,0,0,0
13541,0,0,normal,0,0,0,0,0,0,0,0,0,0,0
13542,0,0,normal,0,0,0,0,0,0,0,0,0,0,0
13543,0,0,normal,0,0,0,0,0,0,0,0,0,0,0
13544,0,0,normal,0,0,0,0,0,0,0,0,0,0,0
13545,0,0,normal,0,0,0,0,0,0,0,0,0,0,0
13546,0,0,normal,0,0,0,0,0,0,0,0,0,0,0
13547,0,0,normal,0,0,0,0,0,0,0,0,0,0,0
13548,0,0,normal,0,0,0,0,0,0,0,0,0,0,0
13549,0,0,normal,0,0,0,0,0,0,0,0,0,0,0
13550,0,0,normal,0,0,0,0,0,0,0,0,0,0,0
13551,0,0,normal,0,0,0,0,0,0,0,0,0,0,0
13552,0,0,normal,0,0,0,0,0,0,0,0,0,0,0
13553,0,0,normal,0,0,0,0,0,0,0,0,0,0,0
13554,0,0,normal,0,0,0,0,0,0,0,0,0,0,0
13555,0,0,normal,0,0,0,0,0,0,0,0,0,0,0
13556,0,0,normal,0,0,0,0,0,0,0,0,0,0,0
13557,0,0,normal,0,0,0,0,0,0,0,0,0,0,0
13562,0,0,normal,0,0,0,0,0,1,0,1,0,0,0
13563,0,0,normal,0,0,0,0,0,0,0,0,0,0,0
13564,0,0,normal,0,0,0,0,0,0,0,0,0,0,0
13565,0,0,normal,0,0,0,0,0,0,0,0,0,0,0
13566,0,0,normal,0,0,0,0,0,0,0,0,0,0,0
13567,0,0,normal,0,0,0,0,0,0,0,0,0,0,0
13568,0,0,normal,0,0,0,0,0,0,0,0,0,0,0
14072,0,0,normal,0,0,0,0,0,0,0,0,0,0,0
14073,0,0,normal,0,0,0,0,0,0,0,0,0,0,0
14074,0,0,normal,0,0,0,0,0,0,0,0,0,0,0
14075,0,0,normal,0,0,0,0,0,0,0,0,0,0,0
14076,0,0,normal,0,0,0,0,0,0,0,0,0,0,0
14077,0,0,normal,0,0,0,0,0,0,0,0,0,0,0
14078,0,0,normal,0,0,0,0,0,0,0,0,0,0,0
14079,0,0,normal,0,0,0,0,0,0,0,0,0,0,0
14081,0,0,normal,0,0,0,0,0,0,0,0,0,0,0
14082,0,0,normal,0,0,0,0,0,0,0,0,0,0,0
14083,0,0,normal,0,0,0,0,0,0,0,0,0,0,0
14084,0,0,normal,0,0,0,0,0,0,0,0,0,0,0
14085,0,0,normal,0,0,0,0,0,0,0,0,0,0,0
14086,0,0,normal,0,0,0,0,0,0,0,0,0,0,0
14087,0,0,normal,0,0,0,0,0,0,0,0,0,0,0
14088,0,0,normal,0,0,0,0,0,0,0,0,0,0,0
14090,0,0,normal,0,0,0,0,0,0,0,0,0,0,0
14091,0,0,normal,0,0,0,0,0,0,0,0,0,0,0
14093,0,0,normal,0,0,0,0,0,0,0,0,0,0,0
14098,0,0,normal,0,0,0,0,0,0,0,0,0,0,0
14099,0,0,normal,0,0,0,0,0,0,0,0,0,0,0
14100,0,0,normal,0,0,0,0,0,0,0,0,0,0,0
14102,0,0,normal,0,0,0,0,0,0,0,0,0,0,0
14103,0,0,normal,0,0,0,0,0,0,0,0,0,0,0
14104,0,0,normal,0,0,0,0,0,0,0,0,0,0,0
14105,0,0,normal,0,0,0,0,0,0,0,0,0,0,0
14106,0,0,normal,0,0,0,0,0,0,0,0,0,0,0
14107,0,0,normal,0,0,0,0,0,0,0,0,0,0,0
14108,0,0,normal,0,0,0,0,0,0,0,0,0,0,0
14109,0,0,normal,0,0,0,0,0,0,0,0,0,0,0
14110,0,0,normal,0,0,0,0,0,0,0,0,0,0,0
14111,0,0,normal,0,0,0,0,0,0,0,0,0,0,0
14112,0,0,normal,0,0,0,0,0,0,0,0,0,0,0
14113,0,0,normal,0,0,0,0,0,0,0,0,0,0,0
14114,0,0,normal,0,0,0,0,0,0,0,0,0,0,0
14116,0,0,normal,0,0,0,0,0,0,0,0,0,0,0
14117,0,0,normal,0,0,0,0,0,0,0,0,0,0,0
14118,0,0,normal,0,0,0,0,0,0,0,0,0,0,0
14121,0,0,normal,0,0,0,0,0,0,0,0,0,0,0
14122,0,0,normal,0,0,0,0,0,0,0,0,0,0,0
14124,0,0,normal,0,0,0,0,0,0,0,0,0,0,0
14126,0,0,normal,0,0,0,0,0,0,0,0,0,0,0
14127,0,0,normal,0,0,0,0,0,0,0,0,0,0,0
14128,0,0,normal,0,0,0,0,0,0,0,0,0,0,0
14129,0,0,normal,0,0,0,0,0,0,0,0,0,0,0
14134,0,0,normal,0,0,0,0,0,0,0,0,0,0,0
14135,0,0,normal,0,0,0,0,0,0,0,0,0,0,0
14136,0,0,normal,0,0,0,0,0,0,0,0,0,0,0
14137,0,0,normal,0,0,0,0,0,0,0,0,0,0,0
14138,0,0,normal,0,0,0,0,0,0,0,0,0,0,0
14139,0,0,normal,0,0,0,0,0,0,0,0,0,0,0
14141,0,0,normal,0,0,0,0,0,0,0,0,0,0,0
14142,0,0,normal,0,0,0,0,0,0,0,0,0,0,0
14143,0,0,normal,0,0,0,0,0,0,0,0,0,0,0
14144,0,0,normal,0,0,0,0,0,0,0,0,0,0,0
14149,0,0,normal,0,0,0,0,0,0,0,0,0,0,0
14150,0,0,normal,0,0,0,0,0,0,0,0,0,0,0
14153,0,0,normal,0,0,0,0,0,0,0,0,0,0,0
14154,0,0,normal,0,0,0,0,0,0,0,0,0,0,0
14155,0,0,normal,0,0,0,0,0,0,0,0,0,0,0
14157,0,0,normal,0,0,0,0,0,0,0,0,0,0,0
14158,0,0,normal,0,0,0,0,0,0,0,0,0,0,0
14159,0,0,normal,0,0,0,0,0,0,0,0,0,0,0
14161,0,0,normal,0,0,0,0,0,0,0,0,0,0,0
14162,0,0,normal,0,0,0,0,0,0,0,0,0,0,0
14163,0,0,normal,0,0,0,0,0,0,0,0,0,0,0
14164,0,0,normal,0,0,0,0,0,0,0,0,0,0,0
14165,0,0,normal,0,0,0,0,0,0,0,0,0,0,0
14166,0,0,normal,0,0,0,0,0,0,0,0,0,0,0
14170,0,0,normal,0,0,0,0,0,0,0,0,0,0,0
14172,0,0,normal,0,0,0,0,0,0,0,0,0,0,0
14174,0,0,normal,0,0,0,0,0,0,0,0,0,0,0
14175,0,0,normal,0,0,0,0,0,0,0,0,0,0,0
14176,0,0,normal,0,0,0,0,0,0,0,0,0,0,0
14177,0,0,normal,0,0,0,0,0,0,0,0,0,0,0
14178,0,0,normal,0,0,0,0,0,0,0,0,0,0,0
14179,0,0,normal,0,0,0,0,0,0,0,0,0,0,0
14180,0,0,normal,0,0,0,0,0,0,0,0,0,0,0
14181,0,0,normal,0,0,0,0,0,0,0,0,0,0,0
14182,0,0,normal,0,0,0,0,0,0,0,0,0,0,0
14183,0,0,normal,0,0,0,0,0,0,0,0,0,0,0
14184,0,0,normal,0,0,0,0,0,0,0,0,0,0,0
14185,0,0,normal,0,0,0,0,0,0,0,0,0,0,0
14186,0,0,normal,0,0,0,0,0,0,0,0,0,0,0
14188,0,0,normal,0,0,0,0,0,0,0,0,0,0,0
14189,0,0,normal,0,0,0,0,0,0,0,0,0,0,0
14193,0,0,normal,0,0,0,0,0,0,0,0,0,0,0
14195,0,0,normal,0,0,0,0,0,0,0,0,0,0,0
14196,0,0,normal,0,0,0,0,0,0,0,0,0,0,0
14197,0,0,normal,0,0,0,0,0,0,0,0,0,0,0
14199,0,0,normal,0,0,0,0,0,0,0,0,0,0,0
14201,0,0,normal,0,0,0,0,0,0,0,0,0,0,0
14206,0,0,normal,0,0,0,0,0,0,0,0,0,0,0
14207,0,0,normal,0,0,0,0,0,0,0,0,0,0,0
14208,0,0,normal,0,0,0,0,0,0,0,0,0,0,0
14210,0,0,normal,0,0,0,0,0,0,0,0,0,0,0
14212,0,0,normal,0,0,0,0,0,0,0,0,0,0,0
14213,0,0,normal,0,0,0,0,0,0,0,0,0,0,0
14214,0,0,normal,0,0,0,0,0,0,0,0,0,0,0
14217,0,0,normal,0,0,0,0,0,0,0,0,0,0,0
14218,0,0,normal,0,0,0,0,0,0,0,0,0,0,0
14219,0,0,normal,0,0,0,0,0,0,0,0,0,0,0
14220,0,0,normal,0,0,0,0,0,0,0,0,0,0,0
14221,0,0,normal,0,0,0,0,0,0,0,0,0,0,0
14223,0,0,normal,0,0,0,0,0,0,0,0,0,0,0
14225,0,0,normal,0,0,0,0,0,0,0,0,0,0,0
14226,0,0,normal,0,0,0,0,0,0,0,0,0,0,0
14228,0,0,normal,0,0,0,0,0,0,0,0,0,0,0
14229,0,0,normal,0,0,0,0,0,0,0,0,0,0,0
14231,0,0,normal,0,0,0,0,0,0,0,0,0,0,0
14232,0,0,normal,0,0,0,0,0,0,0,0,0,0,0
14233,0,0,normal,0,0,0,0,0,0,0,0,0,0,0
14235,0,0,normal,0,0,0,0,0,0,0,0,0,0,0
14236,0,0,normal,0,0,0,0,0,0,0,0,0,0,0
14237,0,0,normal,0,0,0,0,0,0,0,0,0,0,0
14241,0,0,normal,0,0,0,0,0,0,0,0,0,0,0
14242,0,0,normal,0,0,0,0,0,0,0,0,0,0,0
14246,0,0,normal,0,0,0,0,0,0,0,0,0,0,0
14249,0,0,normal,0,0,0,0,0,0,0,0,0,0,0
14252,0,0,normal,0,0,0,0,0,0,0,0,0,0,0
14253,0,0,normal,0,0,0,0,0,0,0,0,0,0,0
14255,0,0,normal,0,0,0,0,0,0,0,0,0,0,0
14256,0,0,normal,0,0,0,0,0,0,0,0,0,0,0
14257,0,0,normal,0,0,0,0,0,0,0,0,0,0,0
14258,0,0,normal,0,0,0,0,0,0,0,0,0,0,0
14259,0,0,normal,0,0,0,0,0,0,0,0,0,0,0
14260,0,0,normal,0,0,0,0,0,0,0,0,0,0,0
14262,0,0,normal,0,0,0,0,0,0,0,0,0,0,0
14263,0,0,normal,0,0,0,0,0,0,0,0,0,0,0
14264,0,0,normal,0,0,0,0,0,0,0,0,0,0,0
14265,0,0,normal,0,0,0,0,0,0,0,0,0,0,0
14266,0,0,normal,0,0,0,0,0,0,0,0,0,0,0
14267,0,0,normal,0,0,0,0,0,0,0,0,0,0,0
14268,0,0,normal,0,0,0,0,0,0,0,0,0,0,0
14269,0,0,normal,0,0,0,0,0,0,0,0,0,0,0
14271,0,0,normal,0,0,0,0,0,0,0,0,0,0,0
14273,0,0,normal,0,0,0,0,0,0,0,0,0,0,0
14277,0,0,normal,0,0,0,0,0,0,0,0,0,0,0
14278,0,0,normal,0,0,0,0,0,0,0,0,0,0,0
14279,0,0,normal,0,0,0,0,0,0,0,0,0,0,0
14280,0,0,normal,0,0,0,0,0,0,0,0,0,0,0
14281,0,0,normal,0,0,0,0,0,0,0,0,0,0,0
14282,0,0,normal,0,0,0,0,0,0,0,0,0,0,0
14284,0,0,normal,0,0,0,0,0,0,0,0,0,0,0
14285,0,0,normal,0,0,0,0,0,0,0,0,0,0,0
14286,0,0,normal,0,0,0,0,0,0,0,0,0,0,0
14287,0,0,normal,0,0,0,0,0,0,0,0,0,0,0
14288,0,0,normal,0,0,0,0,0,0,0,0,0,0,0
14289,0,0,normal,0,0,0,0,0,0,0,0,0,0,0
14290,0,0,normal,0,0,0,0,0,0,0,0,0,0,0
14291,0,0,normal,0,0,0,0,0,0,0,0,0,0,0
14292,0,0,normal,0,0,0,0,0,0,0,0,0,0,0
14293,0,0,normal,0,0,0,0,0,0,0,0,0,0,0
14294,0,0,normal,0,0,0,0,0,0,0,0,0,0,0
14295,0,0,normal,0,0,0,0,0,0,0,0,0,0,0
14296,0,0,normal,0,0,0,0,0,0,0,0,0,0,0
14297,0,0,normal,0,0,0,0,0,0,0,0,0,0,0
14298,0,0,normal,0,0,0,0,0,0,0,0,0,0,0
14299,0,0,normal,0,0,0,0,0,0,0,0,0,0,0
14300,0,0,normal,0,0,0,0,0,0,0,0,0,0,0
14301,0,0,normal,0,0,0,0,0,0,0,0,0,0,0
14302,0,0,normal,0,0,0,0,0,0,0,0,0,0,0
14303,0,0,normal,0,0,0,0,0,0,0,0,0,0,0
14304,0,0,normal,0,0,0,0,0,0,0,0,0,0,0
14305,0,0,normal,0,0,0,0,0,0,0,0,0,0,0
14306,0,0,normal,0,0,0,0,0,0,0,0,0,0,0
14307,0,0,normal,0,0,0,0,0,0,0,0,0,0,0
14308,0,0,normal,0,0,0,0,0,0,0,0,0,0,0
14309,0,0,normal,0,0,0,0,0,0,0,0,0,0,0
14313,0,0,normal,0,0,0,0,0,0,0,0,0,0,0
14315,0,0,normal,0,0,0,0,0,0,0,0,0,0,0
14316,0,0,normal,0,0,0,0,0,0,0,0,0,0,0
14317,0,0,normal,0,0,0,0,0,0,0,0,0,0,0
14318,0,0,normal,0,0,0,0,0,0,0,0,0,0,0
14319,0,0,normal,0,0,0,0,0,0,0,0,0,0,0
14320,0,0,normal,0,0,0,0,0,0,0,0,0,0,0
14321,0,0,normal,0,0,0,0,0,0,0,0,0,0,0
14322,0,0,normal,0,0,0,0,0,0,0,0,0,0,0
14323,0,0,normal,0,0,0,0,0,0,0,0,0,0,0
14324,0,0,normal,0,0,0,0,0,0,0,0,0,0,0
14325,0,0,normal,0,0,0,0,0,0,0,0,0,0,0
14326,0,0,normal,0,0,0,0,0,0,0,0,0,0,0
14327,0,0,normal,0,0,0,0,0,0,0,0,0,0,0
14328,0,0,normal,0,0,0,0,0,0,0,0,0,0,0
14329,0,0,normal,0,0,0,0,0,0,0,0,0,0,0
14330,0,0,normal,0,0,0,0,0,0,0,0,0,0,0
14331,0,0,normal,0,0,0,0,0,0,0,0,0,0,0
14332,0,0,normal,0,0,0,0,0,0,0,0,0,0,0
14333,0,0,normal,0,0,0,0,0,0,0,0,0,0,0
14334,0,0,normal,0,0,0,0,0,0,0,0,0,0,0
14335,0,0,normal,0,0,0,0,0,0,0,0,0,0,0
14336,0,0,normal,0,0,0,0,0,0,0,0,0,0,0
14337,0,0,normal,0,0,0,0,0,0,0,0,0,0,0
14338,0,0,normal,0,0,0,0,0,0,0,0,0,0,0
14339,0,0,normal,0,0,0,0,0,0,0,0,0,0,0
14340,0,0,normal,0,0,0,0,0,0,0,0,0,0,0
14341,0,0,normal,0,0,0,0,0,0,0,0,0,0,0
14342,0,0,normal,0,0,0,0,0,0,0,0,0,0,0
14343,0,0,normal,0,0,0,0,0,0,0,0,0,0,0
14344,0,0,normal,0,0,0,0,0,0,0,0,0,0,0
14345,0,0,normal,0,0,0,0,0,0,0,0,0,0,0
14349,0,0,normal,0,0,0,0,0,0,0,0,0,0,0
14350,0,0,normal,0,0,0,0,0,0,0,0,0,0,0
14351,0,0,normal,0,0,0,0,0,0,0,0,0,0,0
14352,0,0,normal,0,0,0,0,0,0,0,0,0,0,0
14353,0,0,normal,0,0,0,0,0,0,0,0,0,0,0
14354,0,0,normal,0,0,0,0,0,0,0,0,0,0,0
14355,0,0,normal,0,0,0,0,0,0,0,0,0,0,0
14357,0,0,normal,0,0,0,0,0,0,0,0,0,0,0
14358,0,0,normal,0,0,0,0,0,0,0,0,0,0,0
14359,0,0,normal,0,0,0,0,0,0,0,0,0,0,0
14360,0,0,normal,0,0,0,0,0,0,0,0,0,0,0
14361,0,0,normal,0,0,0,0,0,0,0,0,0,0,0
14362,0,0,normal,0,0,0,0,0,0,0,0,0,0,0
14363,0,0,normal,0,0,0,0,0,0,0,0,0,0,0
14364,0,0,normal,0,0,0,0,0,0,0,0,0,0,0
14365,0,0,normal,0,0,0,0,0,0,0,0,0,0,0
14366,0,0,normal,0,0,0,0,0,0,0,0,0,0,0
14367,0,0,normal,0,0,0,0,0,0,0,0,0,0,0
14368,0,0,normal,0,0,0,0,0,0,0,0,0,0,0
14369,0,0,normal,0,0,0,0,0,0,0,0,0,0,0
14370,0,0,normal,0,0,0,0,0,0,0,0,0,0,0
14371,0,0,normal,0,0,0,0,0,0,0,0,0,0,0
14372,0,0,normal,0,0,0,0,0,0,0,0,0,0,0
14373,0,0,normal,0,0,0,0,0,0,0,0,0,0,0
14374,0,0,normal,0,0,0,0,0,0,0,0,0,0,0
14375,0,0,normal,0,0,0,0,0,0,0,0,0,0,0
14376,0,0,normal,0,0,0,0,0,0,0,0,0,0,0
14377,0,0,normal,0,0,0,0,0,0,0,0,0,0,0
14378,0,0,normal,0,0,0,0,0,0,0,0,0,0,0
14379,0,0,normal,0,0,0,0,0,0,0,0,0,0,0
14380,0,0,normal,0,0,0,0,0,0,0,0,0,0,0
14385,0,0,normal,0,0,0,0,0,0,0,0,0,0,0
14386,0,0,normal,0,0,0,0,0,0,0,0,0,0,0
14387,0,0,normal,0,0,0,0,0,0,0,0,0,0,0
14388,0,0,normal,0,0,0,0,0,0,0,0,0,0,0
14389,0,0,normal,0,0,0,0,0,0,0,0,0,0,0
14390,0,0,normal,0,0,0,0,0,0,0,0,0,0,0
14391,0,0,normal,0,0,0,0,0,0,0,0,0,0,0
14392,0,0,normal,0,0,0,0,0,0,0,0,0,0,0
14393,0,0,normal,0,0,0,0,0,0,0,0,0,0,0
14394,0,0,normal,0,0,0,0,0,0,0,0,0,0,0
14395,0,0,normal,0,0,0,0,0,0,0,0,0,0,0
14396,0,0,normal,0,0,0,0,0,0,0,0,0,0,0
14397,0,0,normal,0,0,0,0,0,0,0,0,0,0,0
14398,0,0,normal,0,0,0,0,0,0,0,0,0,0,0
14399,0,0,normal,0,0,0,0,0,0,0,0,0,0,0
14400,0,0,normal,0,0,0,0,0,0,0,0,0,0,0
14401,0,0,normal,0,0,0,0,0,0,0,0,0,0,0
14402,0,0,normal,0,0,0,0,0,0,0,0,0,0,0
14403,0,0,normal,0,0,0,0,0,0,0,0,0,0,0
14404,0,0,normal,0,0,0,0,0,0,0,0,0,0,0
14405,0,0,normal,0,0,0,0,0,0,0,0,0,0,0
14406,0,0,normal,0,0,0,0,0,0,0,0,0,0,0
14407,0,0,normal,0,0,0,0,0,0,0,0,0,0,0
14408,0,0,normal,0,0,0,0,0,0,0,0,0,0,0
14409,0,0,normal,0,0,0,0,0,0,0,0,0,0,0
14410,0,0,normal,0,0,0,0,0,0,0,0,0,0,0
14411,0,0,normal,0,0,0,0,0,0,0,0,0,0,0
14412,0,0,normal,0,0,0,0,0,0,0,0,0,0,0
14413,0,0,normal,0,0,0,0,0,0,0,0,0,0,0
14414,0,0,normal,0,0,0,0,0,0,0,0,0,0,0
14415,0,0,normal,0,0,0,0,0,0,0,0,0,0,0
14416,0,0,normal,0,0,0,0,0,0,0,0,0,0,0
14421,0,0,normal,0,0,0,0,0,0,0,0,0,0,0
14422,0,0,normal,0,0,0,0,0,0,0,0,0,0,0
14423,0,0,normal,0,0,0,0,0,0,0,0,0,0,0
14424,0,0,normal,0,0,0,0,0,0,0,0,0,0,0
14425,0,0,normal,0,0,0,0,0,0,0,0,0,0,0
14426,0,0,normal,0,0,0,0,0,0,0,0,0,0,0
14427,0,0,normal,0,0,0,0,0,0,0,0,0,0,0
14428,0,0,normal,0,0,0,0,0,0,0,0,0,0,0
14429,0,0,normal,0,0,0,0,0,0,0,0,0,0,0
14430,0,0,normal,0,0,0,0,0,0,0,0,0,0,0
14431,0,0,normal,0,0,0,0,0,0,0,0,0,0,0
14432,0,0,normal,0,0,0,0,0,0,0,0,0,0,0
14433,0,0,normal,0,0,0,0,0,0,0,0,0,0,0
14434,0,0,normal,0,0,0,0,0,0,0,0,0,0,0
14435,0,0,normal,0,0,0,0,0,0,0,0,0,0,0
14436,0,0,normal,0,0,0,0,0,0,0,0,0,0,0
14438,0,0,normal,0,0,0,0,0,0,0,0,0,0,0
14439,0,0,normal,0,0,0,0,0,0,0,0,0,0,0
14440,0,0,normal,0,0,0,0,0,0,0,0,0,0,0
14441,0,0,normal,0,0,0,0,0,0,0,0,0,0,0
14442,0,0,normal,0,0,0,0,0,0,0,0,0,0,0
14443,0,0,normal,0,0,0,0,0,0,0,0,0,0,0
14444,0,0,normal,0,0,0,0,0,0,0,0,0,0,0
14445,0,0,normal,0,0,0,0,0,0,0,0,0,0,0
14446,0,0,normal,0,0,0,0,0,0,0,0,0,0,0
14447,0,0,normal,0,0,0,0,0,0,0,0,0,0,0
14448,0,0,normal,0,0,0,0,0,0,0,0,0,0,0
14449,0,0,normal,0,0,0,0,0,0,0,0,0,0,0
14450,0,0,normal,0,0,0,0,0,0,0,0,0,0,0
14451,0,0,normal,0,0,0,0,0,0,0,0,0,0,0
14452,0,0,normal,0,0,0,0,0,0,0,0,0,0,0
14457,0,0,normal,0,0,0,0,0,0,0,0,0,0,0
14458,0,0,normal,0,0,0,0,0,0,0,0,0,0,0
14459,0,0,normal,0,0,0,0,0,0,0,0,0,0,0
14460,0,0,normal,0,0,0,0,0,0,0,0,0,0,0
14461,0,0,normal,0,0,0,0,0,0,0,0,0,0,0
14462,0,0,normal,0,0,0,0,0,0,0,0,0,0,0
14463,0,0,normal,0,0,0,0,0,0,0,0,0,0,0
14464,0,0,normal,0,0,0,0,0,0,0,0,0,0,0
14465,0,0,normal,0,0,0,0,0,0,0,0,0,0,0
14466,0,0,normal,0,0,0,0,0,0,0,0,0,0,0
14467,0,0,normal,0,0,0,0,0,0,0,0,0,0,0
14468,0,0,normal,0,0,0,0,0,0,0,0,0,0,0
14469,0,0,normal,0,0,0,0,0,0,0,0,0,0,0
14470,0,0,normal,0,0,0,0,0,0,0,0,0,0,0
14471,0,0,normal,0,0,0,0,0,0,0,0,0,0,0
14472,0,0,normal,0,0,0,0,0,0,0,0,0,0,0
14473,0,0,normal,0,0,0,0,0,0,0,0,0,0,0
14474,0,0,normal,0,0,0,0,0,0,0,0,0,0,0
14475,0,0,normal,0,0,0,0,0,0,0,0,0,0,0
14476,0,0,normal,0,0,0,0,0,0,0,0,0,0,0
14477,0,0,normal,0,0,0,0,0,0,0,0,0,0,0
14478,0,0,normal,0,0,0,0,0,0,0,0,0,0,0
14479,0,0,normal,0,0,0,0,0,0,0,0,0,0,0
14480,0,0,normal,0,0,0,0,0,0,0,0,0,0,0
14481,0,0,normal,0,0,0,0,0,0,0,0,0,0,0
14482,0,0,normal,0,0,0,0,0,0,0,0,0,0,0
14483,0,0,normal,0,0,0,0,0,0,0,0,0,0,0
14484,0,0,normal,0,0,0,0,0,0,0,0,0,0,0
14485,0,0,normal,0,0,0,0,0,0,0,0,0,0,0
14486,0,0,normal,0,0,0,0,0,0,0,0,0,0,0
14487,0,0,normal,0,0,0,0,0,0,0,0,0,0,0
14488,0,0,normal,0,0,0,0,0,0,0,0,0,0,0
14492,0,0,normal,0,0,0,0,0,0,0,0,0,0,0
14493,0,0,normal,0,0,0,0,0,0,0,0,0,0,0
14494,0,0,normal,0,0,0,0,0,0,0,0,0,0,0
14495,0,0,normal,0,0,0,0,0,0,0,0,0,0,0
14496,0,0,normal,0,0,0,0,0,0,0,0,0,0,0
14497,0,0,normal,0,0,0,0,0,0,0,0,0,0,0
14498,0,0,normal,0,0,0,0,0,0,0,0,0,0,0
14499,0,0,normal,0,0,0,0,0,0,0,0,0,0,0
14500,0,0,normal,0,0,0,0,0,0,0,0,0,0,0
14501,0,0,normal,0,0,0,0,0,0,0,0,0,0,0
14502,0,0,normal,0,0,0,0,0,0,0,0,0,0,0
14503,0,0,normal,0,0,0,0,0,0,0,0,0,0,0
14504,0,0,normal,0,0,0,0,0,0,0,0,0,0,0
14505,0,0,normal,0,0,0,0,0,0,0,0,0,0,0
14506,0,0,normal,0,0,0,0,0,0,0,0,0,0,0
14507,0,0,normal,0,0,0,0,0,0,0,0,0,0,0
14508,0,0,normal,0,0,0,0,0,0,0,0,0,0,0
14509,0,0,normal,0,0,0,0,0,0,0,0,0,0,0
14510,0,0,normal,0,0,0,0,0,0,0,0,0,0,0
14511,0,0,normal,0,0,0,0,0,0,0,0,0,0,0
14512,0,0,normal,0,0,0,0,0,0,0,0,0,0,0
14513,0,0,normal,0,0,0,0,0,0,0,0,0,0,0
14514,0,0,normal,0,0,0,0,0,0,0,0,0,0,0
14515,0,0,normal,0,0,0,0,0,0,0,0,0,0,0
14516,0,0,normal,0,0,0,0,0,0,0,0,0,0,0
14517,0,0,normal,0,0,0,0,0,0,0,0,0,0,0
14518,0,0,normal,0,0,0,0,0,0,0,0,0,0,0
14519,0,0,normal,0,0,0,0,0,0,0,0,0,0,0
14520,0,0,normal,0,0,0,0,0,0,0,0,0,0,0
14521,0,0,normal,0,0,0,0,0,0,0,0,0,0,0
14522,0,0,normal,0,0,0,0,0,0,0,0,0,0,0
14523,0,0,normal,0,0,0,0,0,0,0,0,0,0,0
14524,0,0,normal,0,0,0,0,0,0,0,0,0,0,0
14528,0,0,normal,0,0,0,0,0,0,0,0,0,0,0
14529,0,0,normal,0,0,0,0,0,0,0,0,0,0,0
14530,0,0,normal,0,0,0,0,0,0,0,0,0,0,0
14531,0,0,normal,0,0,0,0,0,0,0,0,0,0,0
14532,0,0,normal,0,0,0,0,0,0,0,0,0,0,0
14533,0,0,normal,0,0,0,0,0,0,0,0,0,0,0
14534,0,0,normal,0,0,0,0,0,0,0,0,0,0,0
14535,0,0,normal,0,0,0,0,0,0,0,0,0,0,0
14536,0,0,normal,0,0,0,0,0,0,0,0,0,0,0
14537,0,0,normal,0,0,0,0,0,0,0,0,0,0,0
14538,0,0,normal,0,0,0,0,0,0,0,0,0,0,0
14539,0,0,normal,0,0,0,0,0,0,0,0,0,0,0
14540,0,0,normal,0,0,0,0,0,0,0,0,0,0,0
14541,0,0,normal,0,0,0,0,0,0,0,0,0,0,0
14542,0,0,normal,0,0,0,0,0,0,0,0,0,0,0
14543,0,0,normal,0,0,0,0,0,0,0,0,0,0,0
14544,0,0,normal,0,0,0,0,0,0,0,0,0,0,0
14545,0,0,normal,0,0,0,0,0,0,0,0,0,0,0
14546,0,0,normal,0,0,0,0,0,0,0,0,0,0,0
14547,0,0,normal,0,0,0,0,0,0,0,0,0,0,0
14548,0,0,normal,0,0,0,0,0,0,0,0,0,0,0
14549,0,0,normal,0,0,0,0,0,0,0,0,0,0,0
14550,0,0,normal,0,0,0,0,0,0,0,0,0,0,0
14551,0,0,normal,0,0,0,0,0,0,0,0,0,0,0
14552,0,0,normal,0,0,0,0,0,0,0,0,0,0,0
14553,0,0,normal,0,0,0,0,0,0,0,0,0,0,0
14554,0,0,normal,0,0,0,0,0,0,0,0,0,0,0
14555,0,0,normal,0,0,0,0,0,0,0,0,0,0,0
14556,0,0,normal,0,0,0,0,0,0,0,0,0,0,0
14557,0,0,normal,0,0,0,0,0,0,0,0,0,0,0
14558,0,0,normal,0,0,0,0,0,0,0,0,0,0,0
14559,0,0,normal,0,0,0,0,0,0,0,0,0,0,0
14563,0,0,normal,0,0,0,0,0,1,0,1,0,0,0
14564,0,0,normal,0,0,0,0,0,0,0,0,0,0,0
14565,0,0,normal,0,0,0,0,0,0,0,0,0,0,0
14566,0,0,normal,0,0,0,0,0,0,0,0,0,0,0
14567,0,0,normal,0,0,0,0,0,0,0,0,0,0,0
14568,0,0,normal,0,0,0,0,0,0,0,0,0,0,0
14569,0,0,normal,0,0,0,0,0,0,0,0,0,0,0
14570,0,0,normal,0,0,0,0,0,0,0,0,0,0,0
14571,0,0,normal,0,0,0,0,0,0,0,0,0,0,0
14572,0,0,normal,0,0,0,0,0,0,0,0,0,0,0
15078,0,0,normal,0,0,0,0,0,0,0,0,0,0,0
15079,0,0,normal,0,0,0,0,0,0,0,0,0,0,0
15080,0,0,normal,0,0,0,0,0,0,0,0,0,0,0
15081,0,0,normal,0,0,0,0,0,0,0,0,0,0,0
15082,0,0,normal,0,0,0,0,0,0,0,0,0,0,0
15083,0,0,normal,0,0,0,0,0,0,0,0,0,0,0
15084,0,0,normal,0,0,0,0,0,0,0,0,0,0,0
15085,0,0,normal,0,0,0,0,0,0,0,0,0,0,0
15086,0,0,normal,0,0,0,0,0,0,0,0,0,0,0
15087,0,0,normal,0,0,0,0,0,0,0,0,0,0,0
15088,0,0,normal,0,0,0,0,0,0,0,0,0,0,0
15089,0,0,normal,0,0,0,0,0,0,0,0,0,0,0
15090,0,0,normal,0,0,0,0,0,0,0,0,0,0,0
15091,0,0,normal,0,0,0,0,0,0,0,0,0,0,0
15092,0,0,normal,0,0,0,0,0,0,0,0,0,0,0
15093,0,0,normal,0,0,0,0,0,0,0,0,0,0,0
15094,0,0,normal,0,0,0,0,0,0,0,0,0,0,0
15095,0,0,normal,0,0,0,0,0,0,0,0,0,0,0
15100,0,0,normal,0,0,0,0,0,0,0,0,0,0,0
15101,0,0,normal,0,0,0,0,0,0,0,0,0,0,0
15102,0,0,normal,0,0,0,0,0,0,0,0,0,0,0
15103,0,0,normal,0,0,0,0,0,0,0,0,0,0,0
15104,0,0,normal,0,0,0,0,0,0,0,0,0,0,0
15106,0,0,normal,0,0,0,0,0,0,0,0,0,0,0
15107,0,0,normal,0,0,0,0,0,0,0,0,0,0,0
15108,0,0,normal,0,0,0,0,0,0,0,0,0,0,0
15109,0,0,normal,0,0,0,0,0,0,0,0,0,0,0
15110,0,0,normal,0,0,0,0,0,0,0,0,0,0,0
15113,0,0,normal,0,0,0,0,0,0,0,0,0,0,0
15115,0,0,normal,0,0,0,0,0,0,0,0,0,0,0
15118,0,0,normal,0,0,0,0,0,0,0,0,0,0,0
15119,0,0,normal,0,0,0,0,0,0,0,0,0,0,0
15120,0,0,normal,0,0,0,0,0,0,0,0,0,0,0
15121,0,0,normal,0,0,0,0,0,0,0,0,0,0,0
15122,0,0,normal,0,0,0,0,0,0,0,0,0,0,0
15123,0,0,normal,0,0,0,0,0,0,0,0,0,0,0
15124,0,0,normal,0,0,0,0,0,0,0,0,0,0,0
15125,0,0,normal,0,0,0,0,0,0,0,0,0,0,0
15126,0,0,normal,0,0,0,0,0,0,0,0,0,0,0
15127,0,0,normal,0,0,0,0,0,0,0,0,0,0,0
15128,0,0,normal,0,0,0,0,0,0,0,0,0,0,0
15129,0,0,normal,0,0,0,0,0,0,0,0,0,0,0
15130,0,0,normal,0,0,0,0,0,0,0,0,0,0,0
15132,0,0,normal,0,0,0,0,0,0,0,0,0,0,0
15136,0,0,normal,0,0,0,0,0,0,0,0,0,0,0
15137,0,0,normal,0,0,0,0,0,0,0,0,0,0,0
15138,0,0,normal,0,0,0,0,0,0,0,0,0,0,0
15139,0,0,normal,0,0,0,0,0,0,0,0,0,0,0
15140,0,0,normal,0,0,0,0,0,0,0,0,0,0,0
15144,0,0,normal,0,0,0,0,0,0,0,0,0,0,0
15146,0,0,normal,0,0,0,0,0,0,0,0,0,0,0
15147,0,0,normal,0,0,0,0,0,0,0,0,0,0,0
15149,0,0,normal,0,0,0,0,0,0,0,0,0,0,0
15150,0,0,normal,0,0,0,0,0,0,0,0,0,0,0
15152,0,0,normal,0,0,0,0,0,0,0,0,0,0,0
15153,0,0,normal,0,0,0,0,0,0,0,0,0,0,0
15154,0,0,normal,0,0,0,0,0,0,0,0,0,0,0
15155,0,0,normal,0,0,0,0,0,0,0,0,0,0,0
15157,0,0,normal,0,0,0,0,0,0,0,0,0,0,0
15158,0,0,normal,0,0,0,0,0,0,0,0,0,0,0
15159,0,0,normal,0,0,0,0,0,0,0,0,0,0,0
15161,0,0,normal,0,0,0,0,0,0,0,0,0,0,0
15163,0,0,normal,0,0,0,0,0,0,0,0,0,0,0
15164,0,0,normal,0,0,0,0,0,0,0,0,0,0,0
15165,0,0,normal,0,0,0,0,0,0,0,0,0,0,0
15166,0,0,normal,0,0,0,0,0,0,0,0,0,0,0
15171,0,0,normal,0,0,0,0,0,0,0,0,0,0,0
15172,0,0,normal,0,0,0,0,0,0,0,0,0,0,0
15173,0,0,normal,0,0,0,0,0,0,0,0,0,0,0
15174,0,0,normal,0,0,0,0,0,0,0,0,0,0,0
15176,0,0,normal,0,0,0,0,0,0,0,0,0,0,0
15177,0,0,normal,0,0,0,0,0,0,0,0,0,0,0
15182,0,0,normal,0,0,0,0,0,0,0,0,0,0,0
15183,0,0,normal,0,0,0,0,0,0,0,0,0,0,0
15185,0,0,normal,0,0,0,0,0,0,0,0,0,0,0
15186,0,0,normal,0,0,0,0,0,0,0,0,0,0,0
15187,0,0,normal,0,0,0,0,0,0,0,0,0,0,0
15189,0,0,normal,0,0,0,0,0,0,0,0,0,0,0
15190,0,0,normal,0,0,0,0,0,0,0,0,0,0,0
15191,0,0,normal,0,0,0,0,0,0,0,0,0,0,0
15193,0,0,normal,0,0,0,0,0,0,0,0,0,0,0
15194,0,0,normal,0,0,0,0,0,0,0,0,0,0,0
15197,0,0,normal,0,0,0,0,0,0,0,0,0,0,0
15199,0,0,normal,0,0,0,0,0,0,0,0,0,0,0
15200,0,0,normal,0,0,0,0,0,0,0,0,0,0,0
15202,0,0,normal,0,0,0,0,0,0,0,0,0,0,0
15207,0,0,normal,0,0,0,0,0,0,0,0,0,0,0
15208,0,0,normal,0,0,0,0,0,0,0,0,0,0,0
15209,0,0,normal,0,0,0,0,0,0,0,0,0,0,0
15210,0,0,normal,0,0,0,0,0,0,0,0,0,0,0
15212,0,0,normal,0,0,0,0,0,0,0,0,0,0,0
15214,0,0,normal,0,0,0,0,0,0,0,0,0,0,0
15215,0,0,normal,0,0,0,0,0,0,0,0,0,0,0
15216,0,0,normal,0,0,0,0,0,0,0,0,0,0,0
15219,0,0,normal,0,0,0,0,0,0,0,0,0,0,0
15220,0,0,normal,0,0,0,0,0,0,0,0,0,0,0
15222,0,0,normal,0,0,0,0,0,0,0,0,0,0,0
15223,0,0,normal,0,0,0,0,0,0,0,0,0,0,0
15224,0,0,normal,0,0,0,0,0,0,0,0,0,0,0
15227,0,0,normal,0,0,0,0,0,0,0,0,0,0,0
15229,0,0,normal,0,0,0,0,0,0,0,0,0,0,0
15232,0,0,normal,0,0,0,0,0,0,0,0,0,0,0
15233,0,0,normal,0,0,0,0,0,0,0,0,0,0,0
15234,0,0,normal,0,0,0,0,0,0,0,0,0,0,0
15235,0,0,normal,0,0,0,0,0,0,0,0,0,0,0
15236,0,0,normal,0,0,0,0,0,0,0,0,0,0,0
15238,0,0,normal,0,0,0,0,0,0,0,0,0,0,0
15243,0,0,normal,0,0,0,0,0,0,0,0,0,0,0
15244,0,0,normal,0,0,0,0,0,0,0,0,0,0,0
15246,0,0,normal,0,0,0,0,0,0,0,0,0,0,0
15247,0,0,normal,0,0,0,0,0,0,0,0,0,0,0
15248,0,0,normal,0,0,0,0,0,0,0,0,0,0,0
15252,0,0,normal,0,0,0,0,0,0,0,0,0,0,0
15253,0,0,normal,0,0,0,0,0,0,0,0,0,0,0
15254,0,0,normal,0,0,0,0,0,0,0,0,0,0,0
15257,0,0,normal,0,0,0,0,0,0,0,0,0,0,0
15259,0,0,normal,0,0,0,0,0,0,0,0,0,0,0
15260,0,0,normal,0,0,0,0,0,0,0,0,0,0,0
15261,0,0,normal,0,0,0,0,0,0,0,0,0,0,0
15262,0,0,normal,0,0,0,0,0,0,0,0,0,0,0
15264,0,0,normal,0,0,0,0,0,0,0,0,0,0,0
15265,0,0,normal,0,0,0,0,0,0,0,0,0,0,0
15266,0,0,normal,0,0,0,0,0,0,0,0,0,0,0
15268,0,0,normal,0,0,0,0,0,0,0,0,0,0,0
15269,0,0,normal,0,0,0,0,0,0,0,0,0,0,0
15270,0,0,normal,0,0,0,0,0,0,0,0,0,0,0
15272,0,0,normal,0,0,0,0,0,0,0,0,0,0,0
15273,0,0,normal,0,0,0,0,0,0,0,0,0,0,0
15274,0,0,normal,0,0,0,0,0,0,0,0,0,0,0
15275,0,0,normal,0,0,0,0,0,0,0,0,0,0,0
15280,0,0,normal,0,0,0,0,0,0,0,0,0,0,0
15281,0,0,normal,0,0,0,0,0,0,0,0,0,0,0
15282,0,0,normal,0,0,0,0,0,0,0,0,0,0,0
15283,0,0,normal,0,0,0,0,0,0,0,0,0,0,0
15284,0,0,normal,0,0,0,0,0,0,0,0,0,0,0
15285,0,0,normal,0,0,0,0,0,0,0,0,0,0,0
15287,0,0,normal,0,0,0,0,0,0,0,0,0,0,0
15288,0,0,normal,0,0,0,0,0,0,0,0,0,0,0
15289,0,0,normal,0,0,0,0,0,0,0,0,0,0,0
15291,0,0,normal,0,0,0,0,0,0,0,0,0,0,0
15292,0,0,normal,0,0,0,0,0,0,0,0,0,0,0
15293,0,0,normal,0,0,0,0,0,0,0,0,0,0,0
15294,0,0,normal,0,0,0,0,0,0,0,0,0,0,0
15295,0,0,normal,0,0,0,0,0,0,0,0,0,0,0
15296,0,0,normal,0,0,0,0,0,0,0,0,0,0,0
15297,0,0,normal,0,0,0,0,0,0,0,0,0,0,0
15299,0,0,normal,0,0,0,0,0,0,0,0,0,0,0
15300,0,0,normal,0,0,0,0,0,0,0,0,0,0,0
15301,0,0,normal,0,0,0,0,0,0,0,0,0,0,0
15302,0,0,normal,0,0,0,0,0,0,0,0,0,0,0
15303,0,0,normal,0,0,0,0,0,0,0,0,0,0,0
15304,0,0,normal,0,0,0,0,0,0,0,0,0,0,0
15305,0,0,normal,0,0,0,0,0,0,0,0,0,0,0
15306,0,0,normal,0,0,0,0,0,0,0,0,0,0,0
15307,0,0,normal,0,0,0,0,0,0,0,0,0,0,0
15308,0,0,normal,0,0,0,0,0,0,0,0,0,0,0
15309,0,0,normal,0,0,0,0,0,0,0,0,0,0,0
15310,0,0,normal,0,0,0,0,0,0,0,0,0,0,0
15315,0,0,normal,0,0,0,0,0,0,0,0,0,0,0
15316,0,0,normal,0,0,0,0,0,0,0,0,0,0,0
15317,0,0,normal,0,0,0,0,0,0,0,0,0,0,0
15318,0,0,normal,0,0,0,0,0,0,0,0,0,0,0
15319,0,0,normal,0,0,0,0,0,0,0,0,0,0,0
15320,0,0,normal,0,0,0,0,0,0,0,0,0,0,0
15321,0,0,normal,0,0,0,0,0,0,0,0,0,0,0
15322,0,0,normal,0,0,0,0,0,0,0,0,0,0,0
15323,0,0,normal,0,0,0,0,0,0,0,0,0,0,0
15324,0,0,normal,0,0,0,0,0,0,0,0,0,0,0
15325,0,0,normal,0,0,0,0,0,0,0,0,0,0,0
15326,0,0,normal,0,0,0,0,0,0,0,0,0,0,0
15327,0,0,normal,0,0,0,0,0,0,0,0,0,0,0
15328,0,0,normal,0,0,0,0,0,0,0,0,0,0,0
15329,0,0,normal,0,0,0,0,0,0,0,0,0,0,0
15330,0,0,normal,0,0,0,0,0,0,0,0,0,0,0
15331,0,0,normal,0,0,0,0,0,0,0,0,0,0,0
15332,0,0,normal,0,0,0,0,0,0,0,0,0,0,0
15333,0,0,normal,0,0,0,0,0,0,0,0,0,0,0
15334,0,0,normal,0,0,0,0,0,0,0,0,0,0,0
15335,0,0,normal,0,0,0,0,0,0,0,0,0,0,0
15336,0,0,normal,0,0,0,0,0,0,0,0,0,0,0
15337,0,0,normal,0,0,0,0,0,0,0,0,0,0,0
15338,0,0,normal,0,0,0,0,0,0,0,0,0,0,0
15339,0,0,normal,0,0,0,0,0,0,0,0,0,0,0
15340,0,0,normal,0,0,0,0,0,0,0,0,0,0,0
15341,0,0,normal,0,0,0,0,0,0,0,0,0,0,0
15342,0,0,normal,0,0,0,0,0,0,0,0,0,0,0
15343,0,0,normal,0,0,0,0,0,0,0,0,0,0,0
15344,0,0,normal,0,0,0,0,0,0,0,0,0,0,0
15345,0,0,normal,0,0,0,0,0,0,0,0,0,0,0
15346,0,0,normal,0,0,0,0,0,0,0,0,0,0,0
15350,0,0,normal,0,0,0,0,0,0,0,0,0,0,0
15351,0,0,normal,0,0,0,0,0,0,0,0,0,0,0
15352,0,0,normal,0,0,0,0,0,0,0,0,0,0,0
15353,0,0,normal,0,0,0,0,0,0,0,0,0,0,0
15354,0,0,normal,0,0,0,0,0,0,0,0,0,0,0
15355,0,0,normal,0,0,0,0,0,0,0,0,0,0,0
15356,0,0,normal,0,0,0,0,0,0,0,0,0,0,0
15357,0,0,normal,0,0,0,0,0,0,0,0,0,0,0
15358,0,0,normal,0,0,0,0,0,0,0,0,0,0,0
15359,0,0,normal,0,0,0,0,0,0,0,0,0,0,0
15360,0,0,normal,0,0,0,0,0,0,0,0,0,0,0
15361,0,0,normal,0,0,0,0,0,0,0,0,0,0,0
15362,0,0,normal,0,0,0,0,0,0,0,0,0,0,0
15363,0,0,normal,0,0,0,0,0,0,0,0,0,0,0
15364,0,0,normal,0,0,0,0,0,0,0,0,0,0,0
15365,0,0,normal,0,0,0,0,0,0,0,0,0,0,0
15366,0,0,normal,0,0,0,0,0,0,0,0,0,0,0
15367,0,0,normal,0,0,0,0,0,0,0,0,0,0,0
15368,0,0,normal,0,0,0,0,0,0,0,0,0,0,0
15369,0,0,normal,0,0,0,0,0,0,0,0,0,0,0
15370,0,0,normal,0,0,0,0,0,0,0,0,0,0,0
15371,0,0,normal,0,0,0,0,0,0,0,0,0,0,0
15372,0,0,normal,0,0,0,0,0,0,0,0,0,0,0
15373,0,0,normal,0,0,0,0,0,0,0,0,0,0,0
15374,0,0,normal,0,0,0,0,0,0,0,0,0,0,0
15375,0,0,normal,0,0,0,0,0,0,0,0,0,0,0
15376,0,0,normal,0,0,0,0,0,0,0,0,0,0,0
15377,0,0,normal,0,0,0,0,0,0,0,0,0,0,0
15378,0,0,normal,0,0,0,0,0,0,0,0,0,0,0
15379,0,0,normal,0,0,0,0,0,0,0,0,0,0,0
15380,0,0,normal,0,0,0,0,0,0,0,0,0,0,0
15381,0,0,normal,0,0,0,0,0,0,0,0,0,0,0
15382,0,0,normal,0,0,0,0,0,0,0,0,0,0,0
15387,0,0,normal,0,0,0,0,0,0,0,0,0,0,0
15388,0,0,normal,0,0,0,0,0,0,0,0,0,0,0
15389,0,0,normal,0,0,0,0,0,0,0,0,0,0,0
15390,0,0,normal,0,0,0,0,0,0,0,0,0,0,0
15391,0,0,normal,0,0,0,0,0,0,0,0,0,0,0
15392,0,0,normal,0,0,0,0,0,0,0,0,0,0,0
15393,0,0,normal,0,0,0,0,0,0,0,0,0,0,0
15394,0,0,normal,0,0,0,0,0,0,0,0,0,0,0
15395,0,0,normal,0,0,0,0,0,0,0,0,0,0,0
15396,0,0,normal,0,0,0,0,0,0,0,0,0,0,0
15397,0,0,normal,0,0,0,0,0,0,0,0,0,0,0
15398,0,0,normal,0,0,0,0,0,0,0,0,0,0,0
15399,0,0,normal,0,0,0,0,0,0,0,0,0,0,0
15400,0,0,normal,0,0,0,0,0,0,0,0,0,0,0
15401,0,0,normal,0,0,0,0,0,0,0,0,0,0,0
15402,0,0,normal,0,0,0,0,0,0,0,0,0,0,0
15403,0,0,normal,0,0,0,0,0,0,0,0,0,0,0
15404,0,0,normal,0,0,0,0,0,0,0,0,0,0,0
15405,0,0,normal,0,0,0,0,0,0,0,0,0,0,0
15406,0,0,normal,0,0,0,0,0,0,0,0,0,0,0
15407,0,0,normal,0,0,0,0,0,0,0,0,0,0,0
15408,0,0,normal,0,0,0,0,0,0,0,0,0,0,0
15409,0,0,normal,0,0,0,0,0,0,0,0,0,0,0
15410,0,0,normal,0,0,0,0,0,0,0,0,0,0,0
15411,0,0,normal,0,0,0,0,0,0,0,0,0,0,0
15412,0,0,normal,0,0,0,0,0,0,0,0,0,0,0
15413,0,0,normal,0,0,0,0,0,0,0,0,0,0,0
15414,0,0,normal,0,0,0,0,0,0,0,0,0,0,0
15415,0,0,normal,0,0,0,0,0,0,0,0,0,0,0
15416,0,0,normal,0,0,0,0,0,0,0,0,0,0,0
15417,0,0,normal,0,0,0,0,0,0,0,0,0,0,0
15418,0,0,normal,0,0,0,0,0,0,0,0,0,0,0
15423,0,0,normal,0,0,0,0,0,0,0,0,0,0,0
15424,0,0,normal,0,0,0,0,0,0,0,0,0,0,0
15425,0,0,normal,0,0,0,0,0,0,0,0,0,0,0
15426,0,0,normal,0,0,0,0,0,0,0,0,0,0,0
15427,0,0,normal,0,0,0,0,0,0,0,0,0,0,0
15428,0,0,normal,0,0,0,0,0,0,0,0,0,0,0
15429,0,0,normal,0,0,0,0,0,0,0,0,0,0,0
15430,0,0,normal,0,0,0,0,0,0,0,0,0,0,0
15431,0,0,normal,0,0,0,0,0,0,0,0,0,0,0
15432,0,0,normal,0,0,0,0,0,0,0,0,0,0,0
15433,0,0,normal,0,0,0,0,0,0,0,0,0,0,0
15434,0,0,normal,0,0,0,0,0,0,0,0,0,0,0
15435,0,0,normal,0,0,0,0,0,0,0,0,0,0,0
15436,0,0,normal,0,0,0,0,0,0,0,0,0,0,0
15437,0,0,normal,0,0,0,0,0,0,0,0,0,0,0
15439,0,0,normal,0,0,0,0,0,0,0,0,0,0,0
15440,0,0,normal,0,0,0,0,0,0,0,0,0,0,0
15441,0,0,normal,0,0,0,0,0,0,0,0,0,0,0
15442,0,0,normal,0,0,0,0,0,0,0,0,0,0,0
15443,0,0,normal,0,0,0,0,0,0,0,0,0,0,0
15444,0,0,normal,0,0,0,0,0,0,0,0,0,0,0
15445,0,0,normal,0,0,0,0,0,0,0,0,0,0,0
15446,0,0,normal,0,0,0,0,0,0,0,0,0,0,0
15447,0,0,normal,0,0,0,0,0,0,0,0,0,0,0
15448,0,0,normal,0,0,0,0,0,0,0,0,0,0,0
15449,0,0,normal,0,0,0,0,0,0,0,0,0,0,0
15450,0,0,normal,0,0,0,0,0,0,0,0,0,0,0
15451,0,0,normal,0,0,0,0,0,0,0,0,0,0,0
15452,0,0,normal,0,0,0,0,0,0,0,0,0,0,0
15453,0,0,normal,0,0,0,0,0,0,0,0,0,0,0
15458,0,0,normal,0,0,0,0,0,0,0,0,0,0,0
15459,0,0,normal,0,0,0,0,0,0,0,0,0,0,0
15460,0,0,normal,0,0,0,0,0,0,0,0,0,0,0
15461,0,0,normal,0,0,0,0,0,0,0,0,0,0,0
15462,0,0,normal,0,0,0,0,0,0,0,0,0,0,0
15463,0,0,normal,0,0,0,0,0,0,0,0,0,0,0
15464,0,0,normal,0,0,0,0,0,0,0,0,0,0,0
15465,0,0,normal,0,0,0,0,0,0,0,0,0,0,0
15466,0,0,normal,0,0,0,0,0,0,0,0,0,0,0
15467,0,0,normal,0,0,0,0,0,0,0,0,0,0,0
15468,0,0,normal,0,0,0,0,0,0,0,0,0,0,0
15469,0,0,normal,0,0,0,0,0,0,0,0,0,0,0
15470,0,0,normal,0,0,0,0,0,0,0,0,0,0,0
15471,0,0,normal,0,0,0,0,0,0,0,0,0,0,0
15472,0,0,normal,0,0,0,0,0,0,0,0,0,0,0
15473,0,0,normal,0,0,0,0,0,0,0,0,0,0,0
15474,0,0,normal,0,0,0,0,0,0,0,0,0,0,0
15475,0,0,normal,0,0,0,0,0,0,0,0,0,0,0
15476,0,0,normal,0,0,0,0,0,0,0,0,0,0,0
15477,0,0,normal,0,0,0,0,0,0,0,0,0,0,0
15478,0,0,normal,0,0,0,0,0,0,0,0,0,0,0
15479,0,0,normal,0,0,0,0,0,0,0,0,0,0,0
15480,0,0,normal,0,0,0,0,0,0,0,0,0,0,0
15481,0,0,normal,0,0,0,0,0,0,0,0,0,0,0
15482,0,0,normal,0,0,0,0,0,0,0,0,0,0,0
15483,0,0,normal,0,0,0,0,0,0,0,0,0,0,0
15484,0,0,normal,0,0,0,0,0,0,0,0,0,0,0
15485,0,0,normal,0,0,0,0,0,0,0,0,0,0,0
15486,0,0,normal,0,0,0,0,0,0,0,0,0,0,0
15487,0,0,normal,0,0,0,0,0,0,0,0,0,0,0
15488,0,0,normal,0,0,0,0,0,0,0,0,0,0,0
15489,0,0,normal,0,0,0,0,0,0,0,0,0,0,0
15490,0,0,normal,0,0,0,0,0,0,0,0,0,0,0
15494,0,0,normal,0,0,0,0,0,0,0,0,0,0,0
15495,0,0,normal,0,0,0,0,0,0,0,0,0,0,0
15496,0,0,normal,0,0,0,0,0,0,0,0,0,0,0
15497,0,0,normal,0,0,0,0,0,0,0,0,0,0,0
15498,0,0,normal,0,0,0,0,0,0,0,0,0,0,0
15499,0,0,normal,0,0,0,0,0,0,0,0,0,0,0
15500,0,0,normal,0,0,0,0,0,0,0,0,0,0,0
15501,0,0,normal,0,0,0,0,0,0,0,0,0,0,0
15502,0,0,normal,0,0,0,0,0,0,0,0,0,0,0
15503,0,0,normal,0,0,0,0,0,0,0,0,0,0,0
15504,0,0,normal,0,0,0,0,0,0,0,0,0,0,0
15505,0,0,normal,0,0,0,0,0,0,0,0,0,0,0
15506,0,0,normal,0,0,0,0,0,0,0,0,0,0,0
15507,0,0,normal,0,0,0,0,0,0,0,0,0,0,0
15508,0,0,normal,0,0,0,0,0,0,0,0,0,0,0
15509,0,0,normal,0,0,0,0,0,0,0,0,0,0,0
15510,0,0,normal,0,0,0,0,0,0,0,0,0,0,0
15511,0,0,normal,0,0,0,0,0,0,0,0,0,0,0
15512,0,0,normal,0,0,0,0,0,0,0,0,0,0,0
15513,0,0,normal,0,0,0,0,0,0,0,0,0,0,0
15514,0,0,normal,0,0,0,0,0,0,0,0,0,0,0
15515,0,0,normal,0,0,0,0,0,0,0,0,0,0,0
15516,0,0,normal,0,0,0,0,0,0,0,0,0,0,0
15517,0,0,normal,0,0,0,0,0,0,0,0,0,0,0
15518,0,0,normal,0,0,0,0,0,0,0,0,0,0,0
15519,0,0,normal,0,0,0,0,0,0,0,0,0,0,0
15520,0,0,normal,0,0,0,0,0,0,0,0,0,0,0
15521,0,0,normal,0,0,0,0,0,0,0,0,0,0,0
15522,0,0,normal,0,0,0,0,0,0,0,0,0,0,0
15523,0,0,normal,0,0,0,0,0,0,0,0,0,0,0
15524,0,0,normal,0,0,0,0,0,0,0,0,0,0,0
15525,0,0,normal,0,0,0,0,0,0,0,0,0,0,0
15529,0,0,normal,0,0,0,0,0,1,0,1,0,0,0
15530,0,0,normal,0,0,0,0,0,0,0,0,0,0,0
15531,0,0,normal,0,0,0,0,0,0,0,0,0,0,0
15532,0,0,normal,0,0,0,0,0,0,0,0,0,0,0
15533,0,0,normal,0,0,0,0,0,0,0,0,0,0,0
15534,0,0,normal,0,0,0,0,0,0,0,0,0,0,0
15535,0,0,normal,0,0,0,0,0,0,0,0,0,0,0
15536,0,0,normal,0,0,0,0,0,0,0,0,0,0,0
15537,0,0,normal,0,0,0,0,0,0,0,0,0,0,0
15538,0,0,normal,0,0,0,0,0,0,0,0,0,0,0
15539,0,0,normal,0,0,0,0,0,0,0,0,0,0,0
15540,0,0,normal,0,0,0,0,0,0,0,0,0,0,0
15541,0,0,normal,0,0,0,0,0,0,0,0,0,0,0
15542,0,0,normal,0,0,0,0,0,0,0,0,0,0,0
15543,0,0,normal,0,0,0,0,0,0,0,0,0,0,0
15544,0,0,normal,0,0,0,0,0,0,0,0,0,0,0
15545,0,0,normal,0,0,0,0,0,0,0,0,0,0,0
15546,0,0,normal,0,0,0,0,0,0,0,0,0,0,0
15547,0,0,normal,0,0,0,0,0,0,0,0,0,0,0
15548,0,0,normal,0,0,0,0,0,0,0,0,0,0,0
15549,0,0,normal,0,0,0,0,0,0,0,0,0,0,0
15550,0,0,normal,0,0,0,0,0,0,0,0,0,0,0
15551,0,0,normal,0,0,0,0,0,0,0,0,0,0,0
15552,0,0,normal,0,0,0,0,0,0,0,0,0,0,0
15553,0,0,normal,0,0,0,0,0,0,0,0,0,0,0
15554,0,0,normal,0,0,0,0,0,0,0,0,0,0,0
15555,0,0,normal,0,0,0,0,0,0,0,0,0,0,0
15556,0,0,normal,0,0,0,0,0,0,0,0,0,0,0
15557,0,0,normal,0,0,0,0,0,0,0,0,0,0,0
15558,0,0,normal,0,0,0,0,0,0,0,0,0,0,0
15559,0,0,normal,0,0,0,0,0,0,0,0,0,0,0
15560,0,0,normal,0,0,0,0,0,0,0,0,0,0,0
15561,0,0,normal,0,0,0,0,0,0,0,0,0,0,0
15566,0,0,normal,0,0,0,0,0,0,0,0,0,0,0
15567,0,0,normal,0,0,0,0,0,0,0,0,0,0,0
15568,0,0,normal,0,0,0,0,0,0,0,0,0,0,0
15569,0,0,normal,0,0,0,0,0,0,0,0,0,0,0
15570,0,0,normal,0,0,0,0,0,0,0,0,0,0,0
15571,0,0,normal,0,0,0,0,0,0,0,0,0,0,0
15572,0,0,normal,0,0,0,0,0,0,0,0,0,0,0
15573,0,0,normal,0,0,0,0,0,0,0,0,0,0,0
15574,0,0,normal,0,0,0,0,0,0,0,0,0,0,0
15575,0,0,normal,0,0,0,0,0,0,0,0,0,0,0
15576,0,0,normal,0,0,0,0,0,0,0,0,0,0,0
15577,0,0,normal,0,0,0,0,0,0,0,0,0,0,0
16082,0,0,normal,0,0,0,0,0,0,0,0,0,0,0
16083,0,0,normal,0,0,0,0,0,0,0,0,0,0,0
16084,0,0,normal,0,0,0,0,0,0,0,0,0,0,0
16085,0,0,normal,0,0,0,0,0,0,0,0,0,0,0
16086,0,0,normal,0,0,0,0,0,0,0,0,0,0,0
16087,0,0,normal,0,0,0,0,0,0,0,0,0,0,0
16088,0,0,normal,0,0,0,0,0,0,0,0,0,0,0
16089,0,0,normal,0,0,0,0,0,0,0,0,0,0,0
16090,0,0,normal,0,0,0,0,0,0,0,0,0,0,0
16091,0,0,normal,0,0,0,0,0,0,0,0,0,0,0
16092,0,0,normal,0,0,0,0,0,0,0,0,0,0,0
16093,0,0,normal,0,0,0,0,0,0,0,0,0,0,0
16094,0,0,normal,0,0,0,0,0,0,0,0,0,0,0
16096,0,0,normal,0,0,0,0,0,0,0,0,0,0,0
16097,0,0,normal,0,0,0,0,0,0,0,0,0,0,0
16101,0,0,normal,0,0,0,0,0,0,0,0,0,0,0
16102,0,0,normal,0,0,0,0,0,0,0,0,0,0,0
16103,0,0,normal,0,0,0,0,0,0,0,0,0,0,0
16104,0,0,normal,0,0,0,0,0,0,0,0,0,0,0
16105,0,0,normal,0,0,0,0,0,0,0,0,0,0,0
16106,0,0,normal,0,0,0,0,0,0,0,0,0,0,0
16107,0,0,normal,0,0,0,0,0,0,0,0,0,0,0
16108,0,0,normal,0,0,0,0,0,0,0,0,0,0,0
16110,0,0,normal,0,0,0,0,0,0,0,0,0,0,0
16111,0,0,normal,0,0,0,0,0,0,0,0,0,0,0
16112,0,0,normal,0,0,0,0,0,0,0,0,0,0,0
16113,0,0,normal,0,0,0,0,0,0,0,0,0,0,0
16114,0,0,normal,0,0,0,0,0,0,0,0,0,0,0
16116,0,0,normal,0,0,0,0,0,0,0,0,0,0,0
16117,0,0,normal,0,0,0,0,0,0,0,0,0,0,0
16119,0,0,normal,0,0,0,0,0,0,0,0,0,0,0
16121,0,0,normal,0,0,0,0,0,0,0,0,0,0,0
16122,0,0,normal,0,0,0,0,0,0,0,0,0,0,0
16123,0,0,normal,0,0,0,0,0,0,0,0,0,0,0
16124,0,0,normal,0,0,0,0,0,0,0,0,0,0,0
16125,0,0,normal,0,0,0,0,0,0,0,0,0,0,0
16126,0,0,normal,0,0,0,0,0,0,0,0,0,0,0
16128,0,0,normal,0,0,0,0,0,0,0,0,0,0,0
16130,0,0,normal,0,0,0,0,0,0,0,0,0,0,0
16132,0,0,normal,0,0,0,0,0,0,0,0,0,0,0
16133,0,0,normal,0,0,0,0,0,0,0,0,0,0,0
16139,0,0,normal,0,0,0,0,0,0,0,0,0,0,0
16140,0,0,normal,0,0,0,0,0,0,0,0,0,0,0
16142,0,0,normal,0,0,0,0,0,0,0,0,0,0,0
16143,0,0,normal,0,0,0,0,0,0,0,0,0,0,0
16144,0,0,normal,0,0,0,0,0,0,0,0,0,0,0
16146,0,0,normal,0,0,0,0,0,0,0,0,0,0,0
16147,0,0,normal,0,0,0,0,0,0,0,0,0,0,0
16150,0,0,normal,0,0,0,0,0,0,0,0,0,0,0
16151,0,0,normal,0,0,0,0,0,0,0,0,0,0,0
16152,0,0,normal,0,0,0,0,0,0,0,0,0,0,0
16154,0,0,normal,0,0,0,0,0,0,0,0,0,0,0
16155,0,0,normal,0,0,0,0,0,0,0,0,0,0,0
16157,0,0,normal,0,0,0,0,0,0,0,0,0,0,0
16158,0,0,normal,0,0,0,0,0,0,0,0,0,0,0
16159,0,0,normal,0,0,0,0,0,0,0,0,0,0,0
16160,0,0,normal,0,0,0,0,0,0,0,0,0,0,0
16163,0,0,normal,0,0,0,0,0,0,0,0,0,0,0
16167,0,0,normal,0,0,0,0,0,0,0,0,0,0,0
16173,0,0,normal,0,0,0,0,0,1,0,1,0,0,0
16174,0,0,normal,0,0,0,0,0,0,0,0,0,0,0
16175,0,0,normal,0,0,0,0,0,0,0,0,0,0,0
16177,0,0,normal,0,0,0,0,0,0,0,0,0,0,0
16179,0,0,normal,0,0,0,0,0,0,0,0,0,0,0
16180,0,0,normal,0,0,0,0,0,0,0,0,0,0,0
16181,0,0,normal,0,0,0,0,0,0,0,0,0,0,0
16182,0,0,normal,0,0,0,0,0,0,0,0,0,0,0
16183,0,0,normal,0,0,0,0,0,0,0,0,0,0,0
16185,0,0,normal,0,0,0,0,0,0,0,0,0,0,0
16187,0,0,normal,0,0,0,0,0,0,0,0,0,0,0
16188,0,0,normal,0,0,0,0,0,0,0,0,0,0,0
16190,0,0,normal,0,0,0,0,0,0,0,0,0,0,0
16191,0,0,normal,0,0,0,0,0,0,0,0,0,0,0
16192,0,0,normal,0,0,0,0,0,0,0,0,0,0,0
16194,0,0,normal,0,0,0,0,0,0,0,0,0,0,0
16196,0,0,normal,0,0,0,0,0,0,0,0,0,0,0
16198,0,0,normal,0,0,0,0,0,0,0,0,0,0,0
16201,0,0,normal,0,0,0,0,0,0,0,0,0,0,0
16202,0,0,normal,0,0,0,0,0,0,0,0,0,0,0
16204,0,0,normal,0,0,0,0,0,0,0,0,0,0,0
16210,0,0,normal,0,0,0,0,0,0,0,0,0,0,0
16212,0,0,normal,0,0,0,0,0,0,0,0,0,0,0
16213,0,0,normal,0,0,0,0,0,0,0,0,0,0,0
16214,0,0,normal,0,0,0,0,0,0,0,0,0,0,0
16215,0,0,normal,0,0,0,0,0,0,0,0,0,0,0
16216,0,0,normal,0,0,0,0,0,0,0,0,0,0,0
16219,0,0,normal,0,0,0,0,0,0,0,0,0,0,0
16220,0,0,normal,0,0,0,0,0,0,0,0,0,0,0
16221,0,0,normal,0,0,0,0,0,0,0,0,0,0,0
16222,0,0,normal,0,0,0,0,0,0,0,0,0,0,0
16223,0,0,normal,0,0,0,0,0,0,0,0,0,0,0
16225,0,0,normal,0,0,0,0,0,0,0,0,0,0,0
16226,0,0,normal,0,0,0,0,0,0,0,0,0,0,0
16227,0,0,normal,0,0,0,0,0,0,0,0,0,0,0
16229,0,0,normal,0,0,0,0,0,0,0,0,0,0,0
16231,0,0,normal,0,0,0,0,0,0,0,0,0,0,0
16232,0,0,normal,0,0,0,0,0,0,0,0,0,0,0
16233,0,0,normal,0,0,0,0,0,0,0,0,0,0,0
16235,0,0,normal,0,0,0,0,0,0,0,0,0,0,0
16239,0,0,normal,0,0,0,0,0,0,0,0,0,0,0
16240,0,0,normal,0,0,0,0,0,0,0,0,0,0,0
16244,0,0,normal,0,0,0,0,0,0,0,0,0,0,0
16245,0,0,normal,0,0,0,0,0,0,0,0,0,0,0
16246,0,0,normal,0,0,0,0,0,0,0,0,0,0,0
16247,0,0,normal,0,0,0,0,0,0,0,0,0,0,0
16248,0,0,normal,0,0,0,0,0,0,0,0,0,0,0
16249,0,0,normal,0,0,0,0,0,0,0,0,0,0,0
16251,0,0,normal,0,0,0,0,0,0,0,0,0,0,0
16253,0,0,normal,0,0,0,0,0,0,0,0,0,0,0
16254,0,0,normal,0,0,0,0,0,0,0,0,0,0,0
16256,0,0,normal,0,0,0,0,0,0,0,0,0,0,0
16257,0,0,normal,0,0,0,0,0,0,0,0,0,0,0
16258,0,0,normal,0,0,0,0,0,0,0,0,0,0,0
16260,0,0,normal,0,0,0,0,0,0,0,0,0,0,0
16261,0,0,normal,0,0,0,0,0,0,0,0,0,0,0
16263,0,0,normal,0,0,0,0,0,0,0,0,0,0,0
16265,0,0,normal,0,0,0,0,0,0,0,0,0,0,0
16266,0,0,normal,0,0,0,0,0,0,0,0,0,0,0
16268,0,0,normal,0,0,0,0,0,0,0,0,0,0,0
16269,0,0,normal,0,0,0,0,0,0,0,0,0,0,0
16270,0,0,normal,0,0,0,0,0,0,0,0,0,0,0
16273,0,0,normal,0,0,0,0,0,0,0,0,0,0,0
16274,0,0,normal,0,0,0,0,0,0,0,0,0,0,0
16275,0,0,normal,0,0,0,0,0,0,0,0,0,0,0
16276,0,0,normal,0,0,0,0,0,0,0,0,0,0,0
16281,0,0,normal,0,0,0,0,0,0,0,0,0,0,0
16282,0,0,normal,0,0,0,0,0,0,0,0,0,0,0
16284,0,0,normal,0,0,0,0,0,0,0,0,0,0,0
16286,0,0,normal,0,0,0,0,0,0,0,0,0,0,0
16287,0,0,normal,0,0,0,0,0,0,0,0,0,0,0
16289,0,0,normal,0,0,0,0,0,0,0,0,0,0,0
16291,0,0,normal,0,0,0,0,0,0,0,0,0,0,0
16292,0,0,normal,0,0,0,0,0,0,0,0,0,0,0
16293,0,0,normal,0,0,0,0,0,0,0,0,0,0,0
16294,0,0,normal,0,0,0,0,0,0,0,0,0,0,0
16295,0,0,normal,0,0,0,0,0,0,0,0,0,0,0
16296,0,0,normal,0,0,0,0,0,0,0,0,0,0,0
16297,0,0,normal,0,0,0,0,0,0,0,0,0,0,0
16298,0,0,normal,0,0,0,0,0,0,0,0,0,0,0
16299,0,0,normal,0,0,0,0,0,0,0,0,0,0,0
16300,0,0,normal,0,0,0,0,0,0,0,0,0,0,0
16301,0,0,normal,0,0,0,0,0,0,0,0,0,0,0
16302,0,0,normal,0,0,0,0,0,0,0,0,0,0,0
16303,0,0,normal,0,0,0,0,0,0,0,0,0,0,0
16304,0,0,normal,0,0,0,0,0,0,0,0,0,0,0
16305,0,0,normal,0,0,0,0,0,0,0,0,0,0,0
16306,0,0,normal,0,0,0,0,0,0,0,0,0,0,0
16307,0,0,normal,0,0,0,0,0,0,0,0,0,0,0
16308,0,0,normal,0,0,0,0,0,0,0,0,0,0,0
16309,0,0,normal,0,0,0,0,0,0,0,0,0,0,0
16310,0,0,normal,0,0,0,0,0,0,0,0,0,0,0
16311,0,0,normal,0,0,0,0,0,0,0,0,0,0,0
16312,0,0,normal,0,0,0,0,0,0,0,0,0,0,0
16317,0,0,normal,0,0,0,0,0,0,0,0,0,0,0
16318,0,0,normal,0,0,0,0,0,0,0,0,0,0,0
16319,0,0,normal,0,0,0,0,0,0,0,0,0,0,0
16320,0,0,normal,0,0,0,0,0,0,0,0,0,0,0
16321,0,0,normal,0,0,0,0,0,0,0,0,0,0,0
16322,0,0,normal,0,0,0,0,0,0,0,0,0,0,0
16323,0,0,normal,0,0,0,0,0,0,0,0,0,0,0
16324,0,0,normal,0,0,0,0,0,0,0,0,0,0,0
16325,0,0,normal,0,0,0,0,0,0,0,0,0,0,0
16326,0,0,normal,0,0,0,0,0,0,0,0,0,0,0
16327,0,0,normal,0,0,0,0,0,0,0,0,0,0,0
16328,0,0,normal,0,0,0,0,0,0,0,0,0,0,0
16329,0,0,normal,0,0,0,0,0,0,0,0,0,0,0
16330,0,0,normal,0,0,0,0,0,0,0,0,0,0,0
16331,0,0,normal,0,0,0,0,0,0,0,0,0,0,0
16332,0,0,normal,0,0,0,0,0,0,0,0,0,0,0
16333,0,0,normal,0,0,0,0,0,0,0,0,0,0,0
16334,0,0,normal,0,0,0,0,0,0,0,0,0,0,0
16335,0,0,normal,0,0,0,0,0,0,0,0,0,0,0
16336,0,0,normal,0,0,0,0,0,0,0,0,0,0,0
16337,0,0,normal,0,0,0,0,0,0,0,0,0,0,0
16338,0,0,normal,0,0,0,0,0,0,0,0,0,0,0
16339,0,0,normal,0,0,0,0,0,0,0,0,0,0,0
16340,0,0,normal,0,0,0,0,0,0,0,0,0,0,0
16341,0,0,normal,0,0,0,0,0,0,0,0,0,0,0
16342,0,0,normal,0,0,0,0,0,0,0,0,0,0,0
16343,0,0,normal,0,0,0,0,0,0,0,0,0,0,0
16344,0,0,normal,0,0,0,0,0,0,0,0,0,0,0
16346,0,0,normal,0,0,0,0,0,0,0,0,0,0,0
16347,0,0,normal,0,0,0,0,0,0,0,0,0,0,0
16352,0,0,normal,0,0,0,0,0,0,0,0,0,0,0
16353,0,0,normal,0,0,0,0,0,0,0,0,0,0,0
16354,0,0,normal,0,0,0,0,0,0,0,0,0,0,0
16355,0,0,normal,0,0,0,0,0,0,0,0,0,0,0
16356,0,0,normal,0,0,0,0,0,0,0,0,0,0,0
16357,0,0,normal,0,0,0,0,0,0,0,0,0,0,0
16358,0,0,normal,0,0,0,0,0,0,0,0,0,0,0
16360,0,0,normal,0,0,0,0,0,0,0,0,0,0,0
16361,0,0,normal,0,0,0,0,0,0,0,0,0,0,0
16362,0,0,normal,0,0,0,0,0,0,0,0,0,0,0
16363,0,0,normal,0,0,0,0,0,0,0,0,0,0,0
16364,0,0,normal,0,0,0,0,0,0,0,0,0,0,0
16365,0,0,normal,0,0,0,0,0,0,0,0,0,0,0
16366,0,0,normal,0,0,0,0,0,0,0,0,0,0,0
16367,0,0,normal,0,0,0,0,0,0,0,0,0,0,0
16368,0,0,normal,0,0,0,0,0,0,0,0,0,0,0
16369,0,0,normal,0,0,0,0,0,0,0,0,0,0,0
16370,0,0,normal,0,0,0,0,0,0,0,0,0,0,0
16371,0,0,normal,0,0,0,0,0,0,0,0,0,0,0
16372,0,0,normal,0,0,0,0,0,0,0,0,0,0,0
16373,0,0,normal,0,0,0,0,0,0,0,0,0,0,0
16374,0,0,normal,0,0,0,0,0,0,0,0,0,0,0
16375,0,0,normal,0,0,0,0,0,0,0,0,0,0,0
16376,0,0,normal,0,0,0,0,0,0,0,0,0,0,0
16377,0,0,normal,0,0,0,0,0,0,0,0,0,0,0
16378,0,0,normal,0,0,0,0,0,0,0,0,0,0,0
16379,0,0,normal,0,0,0,0,0,0,0,0,0,0,0
16380,0,0,normal,0,0,0,0,0,0,0,0,0,0,0
16381,0,0,normal,0,0,0,0,0,0,0,0,0,0,0
16382,0,0,normal,0,0,0,0,0,0,0,0,0,0,0
16383,0,0,normal,0,0,0,0,0,0,0,0,0,0,0
16384,0,0,normal,0,0,0,0,0,0,0,0,0,0,0
16388,0,0,normal,0,0,0,0,0,0,0,0,0,0,0
16389,0,0,normal,0,0,0,0,0,0,0,0,0,0,0
16390,0,0,normal,0,0,0,0,0,0,0,0,0,0,0
16391,0,0,normal,0,0,0,0,0,0,0,0,0,0,0
16392,0,0,normal,0,0,0,0,0,0,0,0,0,0,0
16393,0,0,normal,0,0,0,0,0,0,0,0,0,0,0
16394,0,0,normal,0,0,0,0,0,0,0,0,0,0,0
16395,0,0,normal,0,0,0,0,0,0,0,0,0,0,0
16396,0,0,normal,0,0,0,0,0,0,0,0,0,0,0
16397,0,0,normal,0,0,0,0,0,0,0,0,0,0,0
16398,0,0,normal,0,0,0,0,0,0,0,0,0,0,0
16399,0,0,normal,0,0,0,0,0,0,0,0,0,0,0
16400,0,0,normal,0,0,0,0,0,0,0,0,0,0,0
16402,0,0,normal,0,0,0,0,0,0,0,0,0,0,0
16403,0,0,normal,0,0,0,0,0,0,0,0,0,0,0
16404,0,0,normal,0,0,0,0,0,0,0,0,0,0,0
16405,0,0,normal,0,0,0,0,0,0,0,0,0,0,0
16406,0,0,normal,0,0,0,0,0,0,0,0,0,0,0
16407,0,0,normal,0,0,0,0,0,0,0,0,0,0,0
16408,0,0,normal,0,0,0,0,0,0,0,0,0,0,0
16409,0,0,normal,0,0,0,0,0,0,0,0,0,0,0
16410,0,0,normal,0,0,0,0,0,0,0,0,0,0,0
16411,0,0,normal,0,0,0,0,0,0,0,0,0,0,0
16412,0,0,normal,0,0,0,0,0,0,0,0,0,0,0
16413,0,0,normal,0,0,0,0,0,0,0,0,0,0,0
16414,0,0,normal,0,0,0,0,0,0,0,0,0,0,0
16415,0,0,normal,0,0,0,0,0,0,0,0,0,0,0
16416,0,0,normal,0,0,0,0,0,0,0,0,0,0,0
16417,0,0,normal,0,0,0,0,0,0,0,0,0,0,0
16418,0,0,normal,0,0,0,0,0,0,0,0,0,0,0
16419,0,0,normal,0,0,0,0,0,0,0,0,0,0,0
16420,0,0,normal,0,0,0,0,0,0,0,0,0,0,0
16424,0,0,normal,0,0,0,0,0,0,0,0,0,0,0
16425,0,0,normal,0,0,0,0,0,0,0,0,0,0,0
16426,0,0,normal,0,0,0,0,0,0,0,0,0,0,0
16427,0,0,normal,0,0,0,0,0,0,0,0,0,0,0
16428,0,0,normal,0,0,0,0,0,0,0,0,0,0,0
16429,0,0,normal,0,0,0,0,0,0,0,0,0,0,0
16430,0,0,normal,0,0,0,0,0,0,0,0,0,0,0
16431,0,0,normal,0,0,0,0,0,0,0,0,0,0,0
16432,0,0,normal,0,0,0,0,0,0,0,0,0,0,0
16433,0,0,normal,0,0,0,0,0,0,0,0,0,0,0
16434,0,0,normal,0,0,0,0,0,0,0,0,0,0,0
16435,0,0,normal,0,0,0,0,0,0,0,0,0,0,0
16436,0,0,normal,0,0,0,0,0,0,0,0,0,0,0
16437,0,0,normal,0,0,0,0,0,0,0,0,0,0,0
16438,0,0,normal,0,0,0,0,0,0,0,0,0,0,0
16439,0,0,normal,0,0,0,0,0,0,0,0,0,0,0
16440,0,0,normal,0,0,0,0,0,0,0,0,0,0,0
16441,0,0,normal,0,0,0,0,0,0,0,0,0,0,0
16442,0,0,normal,0,0,0,0,0,0,0,0,0,0,0
16443,0,0,normal,0,0,0,0,0,0,0,0,0,0,0
16444,0,0,normal,0,0,0,0,0,0,0,0,0,0,0
16445,0,0,normal,0,0,0,0,0,0,0,0,0,0,0
16446,0,0,normal,0,0,0,0,0,0,0,0,0,0,0
16447,0,0,normal,0,0,0,0,0,0,0,0,0,0,0
16448,0,0,normal,0,0,0,0,0,0,0,0,0,0,0
16449,0,0,normal,0,0,0,0,0,0,0,0,0,0,0
16450,0,0,normal,0,0,0,0,0,0,0,0,0,0,0
16451,0,0,normal,0,0,0,0,0,0,0,0,0,0,0
16452,0,0,normal,0,0,0,0,0,0,0,0,0,0,0
16453,0,0,normal,0,0,0,0,0,0,0,0,0,0,0
16454,0,0,normal,0,0,0,0,0,0,0,0,0,0,0
16455,0,0,normal,0,0,0,0,0,0,0,0,0,0,0
16460,0,0,normal,0,0,0,0,0,0,0,0,0,0,0
16461,0,0,normal,0,0,0,0,0,0,0,0,0,0,0
16462,0,0,normal,0,0,0,0,0,0,0,0,0,0,0
16463,0,0,normal,0,0,0,0,0,0,0,0,0,0,0
16464,0,0,normal,0,0,0,0,0,0,0,0,0,0,0
16465,0,0,normal,0,0,0,0,0,0,0,0,0,0,0
16466,0,0,normal,0,0,0,0,0,0,0,0,0,0,0
16467,0,0,normal,0,0,0,0,0,0,0,0,0,0,0
16468,0,0,normal,0,0,0,0,0,0,0,0,0,0,0
16469,0,0,normal,0,0,0,0,0,0,0,0,0,0,0
16470,0,0,normal,0,0,0,0,0,0,0,0,0,0,0
16471,0,0,normal,0,0,0,0,0,0,0,0,0,0,0
16472,0,0,normal,0,0,0,0,0,0,0,0,0,0,0
16473,0,0,normal,0,0,0,0,0,0,0,0,0,0,0
16474,0,0,normal,0,0,0,0,0,0,0,0,0,0,0
16475,0,0,normal,0,0,0,0,0,0,0,0,0,0,0
16476,0,0,normal,0,0,0,0,0,0,0,0,0,0,0
16477,0,0,normal,0,0,0,0,0,0,0,0,0,0,0
16478,0,0,normal,0,0,0,0,0,0,0,0,0,0,0
16479,0,0,normal,0,0,0,0,0,0,0,0,0,0,0
16480,0,0,normal,0,0,0,0,0,0,0,0,0,0,0
16481,0,0,normal,0,0,0,0,0,0,0,0,0,0,0
16482,0,0,normal,0,0,0,0,0,0,0,0,0,0,0
16483,0,0,normal,0,0,0,0,0,0,0,0,0,0,0
16484,0,0,normal,0,0,0,0,0,0,0,0,0,0,0
16485,0,0,normal,0,0,0,0,0,0,0,0,0,0,0
16486,0,0,normal,0,0,0,0,0,0,0,0,0,0,0
16487,0,0,normal,0,0,0,0,0,0,0,0,0,0,0
16488,0,0,normal,0,0,0,0,0,0,0,0,0,0,0
16489,0,0,normal,0,0,0,0,0,0,0,0,0,0,0
16490,0,0,normal,0,0,0,0,0,0,0,0,0,0,0
16491,0,0,normal,0,0,0,0,0,0,0,0,0,0,0
16496,0,0,normal,0,0,0,0,0,0,0,0,0,0,0
16497,0,0,normal,0,0,0,0,0,0,0,0,0,0,0
16498,0,0,normal,0,0,0,0,0,0,0,0,0,0,0
16499,0,0,normal,0,0,0,0,0,0,0,0,0,0,0
16500,0,0,normal,0,0,0,0,0,0,0,0,0,0,0
16501,0,0,normal,0,0,0,0,0,0,0,0,0,0,0
16502,0,0,normal,0,0,0,0,0,0,0,0,0,0,0
16503,0,0,normal,0,0,0,0,0,0,0,0,0,0,0
16504,0,0,normal,0,0,0,0,0,0,0,0,0,0,0
16505,0,0,normal,0,0,0,0,0,0,0,0,0,0,0
16506,0,0,normal,0,0,0,0,0,0,0,0,0,0,0
16507,0,0,normal,0,0,0,0,0,0,0,0,0,0,0
16508,0,0,normal,0,0,0,0,0,0,0,0,0,0,0
16509,0,0,normal,0,0,0,0,0,0,0,0,0,0,0
16510,0,0,normal,0,0,0,0,0,0,0,0,0,0,0
16511,0,0,normal,0,0,0,0,0,0,0,0,0,0,0
16512,0,0,normal,0,0,0,0,0,0,0,0,0,0,0
16513,0,0,normal,0,0,0,0,0,0,0,0,0,0,0
16514,0,0,normal,0,0,0,0,0,0,0,0,0,0,0
16515,0,0,normal,0,0,0,0,0,0,0,0,0,0,0
16516,0,0,normal,0,0,0,0,0,0,0,0,0,0,0
16517,0,0,normal,0,0,0,0,0,0,0,0,0,0,0
16518,0,0,normal,0,0,0,0,0,0,0,0,0,0,0
16519,0,0,normal,0,0,0,0,0,0,0,0,0,0,0
16520,0,0,normal,0,0,0,0,0,0,0,0,0,0,0
16521,0,0,normal,0,0,0,0,0,0,0,0,0,0,0
16522,0,0,normal,0,0,0,0,0,0,0,0,0,0,0
16523,0,0,normal,0,0,0,0,0,0,0,0,0,0,0
16524,0,0,normal,0,0,0,0,0,0,0,0,0,0,0
16525,0,0,normal,0,0,0,0,0,0,0,0,0,0,0
16526,0,0,normal,0,0,0,0,0,0,0,0,0,0,0
16531,0,0,normal,0,0,0,0,0,1,0,1,0,0,0
16532,0,0,normal,0,0,0,0,0,0,0,0,0,0,0
16533,0,0,normal,0,0,0,0,0,0,0,0,0,0,0
16534,0,0,normal,0,0,0,0,0,0,0,0,0,0,0
16535,0,0,normal,0,0,0,0,0,0,0,0,0,0,0
16536,0,0,normal,0,0,0,0,0,0,0,0,0,0,0
16537,0,0,normal,0,0,0,0,0,0,0,0,0,0,0
16538,0,0,normal,0,0,0,0,0,0,0,0,0,0,0
16539,0,0,normal,0,0,0,0,0,0,0,0,0,0,0
16540,0,0,normal,0,0,0,0,0,0,0,0,0,0,0
16541,0,0,normal,0,0,0,0,0,0,0,0,0,0,0
16542,0,0,normal,0,0,0,0,0,0,0,0,0,0,0
16543,0,0,normal,0,0,0,0,0,0,0,0,0,0,0
16544,0,0,normal,0,0,0,0,0,0,0,0,0,0,0
16545,0,0,normal,0,0,0,0,0,0,0,0,0,0,0
16546,0,0,normal,0,0,0,0,0,0,0,0,0,0,0
16547,0,0,normal,0,0,0,0,0,0,0,0,0,0,0
16548,0,0,normal,0,0,0,0,0,0,0,0,0,0,0
16549,0,0,normal,0,0,0,0,0,0,0,0,0,0,0
16550,0,0,normal,0,0,0,0,0,0,0,0,0,0,0
16551,0,0,normal,0,0,0,0,0,0,0,0,0,0,0
16552,0,0,normal,0,0,0,0,0,0,0,0,0,0,0
16553,0,0,normal,0,0,0,0,0,0,0,0,0,0,0
16554,0,0,normal,0,0,0,0,0,0,0,0,0,0,0
16555,0,0,normal,0,0,0,0,0,0,0,0,0,0,0
16556,0,0,normal,0,0,0,0,0,0,0,0,0,0,0
16557,0,0,normal,0,0,0,0,0,0,0,0,0,0,0
16558,0,0,normal,0,0,0,0,0,0,0,0,0,0,0
16559,0,0,normal,0,0,0,0,0,0,0,0,0,0,0
16560,0,0,normal,0,0,0,0,0,0,0,0,0,0,0
16561,0,0,normal,0,0,0,0,0,0,0,0,0,0,0
16562,0,0,normal,0,0,0,0,0,0,0,0,0,0,0
16563,0,0,normal,0,0,0,0,0,0,0,0,0,0,0
16567,0,0,normal,0,0,0,0,0,0,0,0,0,0,0
16568,0,0,normal,0,0,0,0,0,0,0,0,0,0,0
16569,0,0,normal,0,0,0,0,0,0,0,0,0,0,0
16570,0,0,normal,0,0,0,0,0,0,0,0,0,0,0
16571,0,0,normal,0,0,0,0,0,0,0,0,0,0,0
16572,0,0,normal,0,0,0,0,0,0,0,0,0,0,0
16573,0,0,normal,0,0,0,0,0,0,0,0,0,0,0
16574,0,0,normal,0,0,0,0,0,0,0,0,0,0,0
16575,0,0,normal,0,0,0,0,0,0,0,0,0,0,0
16576,0,0,normal,0,0,0,0,0,0,0,0,0,0,0
16577,0,0,normal,0,0,0,0,0,0,0,0,0,0,0
16578,0,0,normal,0,0,0,0,0,0,0,0,0,0,0
16579,0,0,normal,0,0,0,0,0,0,0,0,0,0,0
16580,0,0,normal,0,0,0,0,0,0,0,0,0,0,0
16581,0,0,normal,0,0,0,0,0,0,0,0,0,0,0
16582,0,0,normal,0,0,0,0,0,0,0,0,0,0,0
17087,0,0,normal,0,0,0,0,0,0,0,0,0,0,0
17088,0,0,normal,0,0,0,0,0,0,0,0,0,0,0
17089,0,0,normal,0,0,0,0,0,0,0,0,0,0,0
17090,0,0,normal,0,0,0,0,0,0,0,0,0,0,0
17091,0,0,normal,0,0,0,0,0,0,0,0,0,0,0
17092,0,0,normal,0,0,0,0,0,0,0,0,0,0,0
17093,0,0,normal,0,0,0,0,0,0,0,0,0,0,0
17094,0,0,normal,0,0,0,0,0,0,0,0,0,0,0
17095,0,0,normal,0,0,0,0,0,0,0,0,0,0,0
17096,0,0,normal,0,0,0,0,0,0,0,0,0,0,0
17097,0,0,normal,0,0,0,0,0,0,0,0,0,0,0
17098,0,0,normal,0,0,0,0,0,0,0,0,0,0,0
17103,0,0,normal,0,0,0,0,0,0,0,0,0,0,0
17104,0,0,normal,0,0,0,0,0,0,0,0,0,0,0
17105,0,0,normal,0,0,0,0,0,0,0,0,0,0,0
17106,0,0,normal,0,0,0,0,0,0,0,0,0,0,0
17107,0,0,normal,0,0,0,0,0,0,0,0,0,0,0
17108,0,0,normal,0,0,0,0,0,0,0,0,0,0,0
17109,0,0,normal,0,0,0,0,0,0,0,0,0,0,0
17110,0,0,normal,0,0,0,0,0,0,0,0,0,0,0
17111,0,0,normal,0,0,0,0,0,0,0,0,0,0,0
17112,0,0,normal,0,0,0,0,0,0,0,0,0,0,0
17113,0,0,normal,0,0,0,0,0,0,0,0,0,0,0
17114,0,0,normal,0,0,0,0,0,0,0,0,0,0,0
17115,0,0,normal,0,0,0,0,0,0,0,0,0,0,0
17116,0,0,normal,0,0,0,0,0,0,0,0,0,0,0
17117,0,0,normal,0,0,0,0,0,0,0,0,0,0,0
17118,0,0,normal,0,0,0,0,0,0,0,0,0,0,0
17119,0,0,normal,0,0,0,0,0,0,0,0,0,0,0
17120,0,0,normal,0,0,0,0,0,0,0,0,0,0,0
17121,0,0,normal,0,0,0,0,0,0,0,0,0,0,0
17122,0,0,normal,0,0,0,0,0,0,0,0,0,0,0
17123,0,0,normal,0,0,0,0,0,0,0,0,0,0,0
17124,0,0,normal,0,0,0,0,0,0,0,0,0,0,0
17125,0,0,normal,0,0,0,0,0,0,0,0,0,0,0
17126,0,0,normal,0,0,0,0,0,1,0,1,0,0,0
17127,0,0,normal,0,0,0,0,0,0,0,0,0,0,0
17128,0,0,normal,0,0,0,0,0,0,0,0,0,0,0
17130,0,0,normal,0,0,0,0,0,0,0,0,0,0,0
17131,0,0,normal,0,0,0,0,0,0,0,0,0,0,0
17132,0,0,normal,0,0,0,0,0,0,0,0,0,0,0
17133,0,0,normal,0,0,0,0,0,0,0,0,0,0,0
17134,0,0,normal,0,0,0,0,0,0,0,0,0,0,0
17135,0,0,normal,0,0,0,0,0,0,0,0,0,0,0
17140,0,0,normal,0,0,0,0,0,0,0,0,0,0,0
17141,0,0,normal,0,0,0,0,0,0,0,0,0,0,0
17144,0,0,normal,0,0,0,0,0,0,0,0,0,0,0
17145,0,0,normal,0,0,0,0,0,0,0,0,0,0,0
17146,0,0,normal,0,0,0,0,0,0,0,0,0,0,0
17149,0,0,normal,0,0,0,0,0,0,0,0,0,0,0
17150,0,0,normal,0,0,0,0,0,0,0,0,0,0,0
17152,0,0,normal,0,0,0,0,0,0,0,0,0,0,0
17153,0,0,normal,0,0,0,0,0,0,0,0,0,0,0
17154,0,0,normal,0,0,0,0,0,0,0,0,0,0,0
17157,0,0,normal,0,0,0,0,0,0,0,0,0,0,0
17158,0,0,normal,0,0,0,0,0,0,0,0,0,0,0
17162,0,0,normal,0,0,0,0,0,0,0,0,0,0,0
17165,0,0,normal,0,0,0,0,0,0,0,0,0,0,0
17166,0,0,normal,0,0,0,0,0,0,0,0,0,0,0
17167,0,0,normal,0,0,0,0,0,0,0,0,0,0,0
17168,0,0,normal,0,0,0,0,0,0,0,0,0,0,0
17171,0,0,normal,0,0,0,0,0,0,0,0,0,0,0
17175,0,0,normal,0,0,0,0,0,0,0,0,0,0,0
17176,0,0,normal,0,0,0,0,0,0,0,0,0,0,0
17178,0,0,normal,0,0,0,0,0,0,0,0,0,0,0
17180,0,0,normal,0,0,0,0,0,0,0,0,0,0,0
17181,0,0,normal,0,0,0,0,0,0,0,0,0,0,0
17182,0,0,normal,0,0,0,0,0,0,0,0,0,0,0
17183,0,0,normal,0,0,0,0,0,0,0,0,0,0,0
17184,0,0,normal,0,0,0,0,0,0,0,0,0,0,0
17188,0,0,normal,0,0,0,0,0,0,0,0,0,0,0
17191,0,0,normal,0,0,0,0,0,0,0,0,0,0,0
17195,0,0,normal,0,0,0,0,0,0,0,0,0,0,0
17199,0,0,normal,0,0,0,0,0,0,0,0,0,0,0
17202,0,0,normal,0,0,0,0,0,0,0,0,0,0,0
17203,0,0,normal,0,0,0,0,0,0,0,0,0,0,0
17204,0,0,normal,0,0,0,0,0,0,0,0,0,0,0
17214,0,0,normal,0,0,0,0,0,0,0,0,0,0,0
17215,0,0,normal,0,0,0,0,0,0,0,0,0,0,0
17220,0,0,normal,0,0,0,0,0,0,0,0,0,0,0
17221,0,0,normal,0,0,0,0,0,0,0,0,0,0,0
17222,0,0,normal,0,0,0,0,0,0,0,0,0,0,0
17223,0,0,normal,0,0,0,0,0,0,0,0,0,0,0
17224,0,0,normal,0,0,0,0,0,0,0,0,0,0,0
17228,0,0,normal,0,0,0,0,0,0,0,0,0,0,0
17229,0,0,normal,0,0,0,0,0,0,0,0,0,0,0
17231,0,0,normal,0,0,0,0,0,0,0,0,0,0,0
17232,0,0,normal,0,0,0,0,0,0,0,0,0,0,0
17233,0,0,normal,0,0,0,0,0,0,0,0,0,0,0
17235,0,0,normal,0,0,0,0,0,0,0,0,0,0,0
17236,0,0,normal,0,0,0,0,0,0,0,0,0,0,0
17237,0,0,normal,0,0,0,0,0,0,0,0,0,0,0
17239,0,0,normal,0,0,0,0,0,0,0,0,0,0,0
17240,0,0,normal,0,0,0,0,0,0,0,0,0,0,0
17248,0,0,normal,0,0,0,0,0,0,0,0,0,0,0
17249,0,0,normal,0,0,0,0,0,0,0,0,0,0,0
17250,0,0,normal,0,0,0,0,0,0,0,0,0,0,0
17252,0,0,normal,0,0,0,0,0,1,0,1,0,0,0
17253,0,0,normal,0,0,0,0,0,0,0,0,0,0,0
17254,0,0,normal,0,0,0,0,0,0,0,0,0,0,0
17255,0,0,normal,0,0,0,0,0,0,0,0,0,0,0
17256,0,0,normal,0,0,0,0,0,0,0,0,0,0,0
17257,0,0,normal,0,0,0,0,0,0,0,0,0,0,0
17258,0,0,normal,0,0,0,0,0,0,0,0,0,0,0
17259,0,0,normal,0,0,0,0,0,0,0,0,0,0,0
17260,0,0,normal,0,0,0,0,0,0,0,0,0,0,0
17262,0,0,normal,0,0,0,0,0,0,0,0,0,0,0
17263,0,0,normal,0,0,0,0,0,0,0,0,0,0,0
17265,0,0,normal,0,0,0,0,0,0,0,0,0,0,0
17266,0,0,normal,0,0,0,0,0,0,0,0,0,0,0
17267,0,0,normal,0,0,0,0,0,0,0,0,0,0,0
17270,0,0,normal,0,0,0,0,0,0,0,0,0,0,0
17271,0,0,normal,0,0,0,0,0,0,0,0,0,0,0
17272,0,0,normal,0,0,0,0,0,0,0,0,0,0,0
17273,0,0,normal,0,0,0,0,0,0,0,0,0,0,0
17274,0,0,normal,0,0,0,0,0,0,0,0,0,0,0
17275,0,0,normal,0,0,0,0,0,0,0,0,0,0,0
17278,0,0,normal,0,0,0,0,0,0,0,0,0,0,0
17283,0,0,normal,0,0,0,0,0,0,0,0,0,0,0
17284,0,0,normal,0,0,0,0,0,0,0,0,0,0,0
17287,0,0,normal,0,0,0,0,0,0,0,0,0,0,0
17288,0,0,normal,0,0,0,0,0,0,0,0,0,0,0
17290,0,0,normal,0,0,0,0,0,0,0,0,0,0,0
17291,0,0,normal,0,0,0,0,0,0,0,0,0,0,0
17295,0,0,normal,0,0,0,0,0,0,0,0,0,0,0
17297,0,0,normal,0,0,0,0,0,0,0,0,0,0,0
17299,0,0,normal,0,0,0,0,0,0,0,0,0,0,0
17301,0,0,normal,0,0,0,0,0,0,0,0,0,0,0
17302,0,0,normal,0,0,0,0,0,0,0,0,0,0,0
17303,0,0,normal,0,0,0,0,0,0,0,0,0,0,0
17304,0,0,normal,0,0,0,0,0,0,0,0,0,0,0
17305,0,0,normal,0,0,0,0,0,0,0,0,0,0,0
17306,0,0,normal,0,0,0,0,0,0,0,0,0,0,0
17307,0,0,normal,0,0,0,0,0,0,0,0,0,0,0
17308,0,0,normal,0,0,0,0,0,0,0,0,0,0,0
17309,0,0,normal,0,0,0,0,0,0,0,0,0,0,0
17310,0,0,normal,0,0,0,0,0,0,0,0,0,0,0
17311,0,0,normal,0,0,0,0,0,0,0,0,0,0,0
17312,0,0,normal,0,0,0,0,0,0,0,0,0,0,0
17313,0,0,normal,0,0,0,0,0,0,0,0,0,0,0
17318,0,0,normal,0,0,0,0,0,0,0,0,0,0,0
17320,0,0,normal,0,0,0,0,0,0,0,0,0,0,0
17321,0,0,normal,0,0,0,0,0,0,0,0,0,0,0
17322,0,0,normal,0,0,0,0,0,0,0,0,0,0,0
17323,0,0,normal,0,0,0,0,0,0,0,0,0,0,0
17324,0,0,normal,0,0,0,0,0,0,0,0,0,0,0
17325,0,0,normal,0,0,0,0,0,0,0,0,0,0,0
17326,0,0,normal,0,0,0,0,0,0,0,0,0,0,0
17327,0,0,normal,0,0,0,0,0,0,0,0,0,0,0
17328,0,0,normal,0,0,0,0,0,0,0,0,0,0,0
17329,0,0,normal,0,0,0,0,0,0,0,0,0,0,0
17330,0,0,normal,0,0,0,0,0,0,0,0,0,0,0
17331,0,0,normal,0,0,0,0,0,0,0,0,0,0,0
17332,0,0,normal,0,0,0,0,0,0,0,0,0,0,0
17333,0,0,normal,0,0,0,0,0,0,0,0,0,0,0
17334,0,0,normal,0,0,0,0,0,0,0,0,0,0,0
17335,0,0,normal,0,0,0,0,0,0,0,0,0,0,0
17336,0,0,normal,0,0,0,0,0,0,0,0,0,0,0
17337,0,0,normal,0,0,0,0,0,0,0,0,0,0,0
17338,0,0,normal,0,0,0,0,0,0,0,0,0,0,0
17339,0,0,normal,0,0,0,0,0,0,0,0,0,0,0
17340,0,0,normal,0,0,0,0,0,0,0,0,0,0,0
17341,0,0,normal,0,0,0,0,0,0,0,0,0,0,0
17342,0,0,normal,0,0,0,0,0,0,0,0,0,0,0
17343,0,0,normal,0,0,0,0,0,0,0,0,0,0,0
17344,0,0,normal,0,0,0,0,0,0,0,0,0,0,0
17345,0,0,normal,0,0,0,0,0,0,0,0,0,0,0
17346,0,0,normal,0,0,0,0,0,0,0,0,0,0,0
17347,0,0,normal,0,0,0,0,0,0,0,0,0,0,0
17348,0,0,normal,0,0,0,0,0,0,0,0,0,0,0
17349,0,0,normal,0,0,0,0,0,0,0,0,0,0,0
17350,0,0,normal,0,0,0,0,0,0,0,0,0,0,0
17354,0,0,normal,0,0,0,0,0,0,0,0,0,0,0
17355,0,0,normal,0,0,0,0,0,0,0,0,0,0,0
17356,0,0,normal,0,0,0,0,0,0,0,0,0,0,0
17357,0,0,normal,0,0,0,0,0,0,0,0,0,0,0
17358,0,0,normal,0,0,0,0,0,0,0,0,0,0,0
17359,0,0,normal,0,0,0,0,0,0,0,0,0,0,0
17360,0,0,normal,0,0,0,0,0,0,0,0,0,0,0
17361,0,0,normal,0,0,0,0,0,0,0,0,0,0,0
17362,0,0,normal,0,0,0,0,0,0,0,0,0,0,0
17363,0,0,normal,0,0,0,0,0,0,0,0,0,0,0
17364,0,0,normal,0,0,0,0,0,0,0,0,0,0,0
17365,0,0,normal,0,0,0,0,0,0,0,0,0,0,0
17366,0,0,normal,0,0,0,0,0,0,0,0,0,0,0
17367,0,0,normal,0,0,0,0,0,0,0,0,0,0,0
17368,0,0,normal,0,0,0,0,0,0,0,0,0,0,0
17369,0,0,normal,0,0,0,0,0,0,0,0,0,0,0
17370,0,0,normal,0,0,0,0,0,0,0,0,0,0,0
17371,0,0,normal,0,0,0,0,0,0,0,0,0,0,0
17372,0,0,normal,0,0,0,0,0,0,0,0,0,0,0
17373,0,0,normal,0,0,0,0,0,0,0,0,0,0,0
17374,0,0,normal,0,0,0,0,0,0,0,0,0,0,0
17375,0,0,normal,0,0,0,0,0,0,0,0,0,0,0
17376,0,0,normal,0,0,0,0,0,0,0,0,0,0,0
17377,0,0,normal,0,0,0,0,0,0,0,0,0,0,0
17378,0,0,normal,0,0,0,0,0,0,0,0,0,0,0
17379,0,0,normal,0,0,0,0,0,0,0,0,0,0,0
17380,0,0,normal,0,0,0,0,0,0,0,0,0,0,0
17381,0,0,normal,0,0,0,0,0,0,0,0,0,0,0
17382,0,0,normal,0,0,0,0,0,0,0,0,0,0,0
17383,0,0,normal,0,0,0,0,0,0,0,0,0,0,0
17384,0,0,normal,0,0,0,0,0,0,0,0,0,0,0
17385,0,0,normal,0,0,0,0,0,0,0,0,0,0,0
17389,0,0,normal,0,0,0,0,0,1,0,1,0,0,0
17390,0,0,normal,0,0,0,0,0,0,0,0,0,0,0
17391,0,0,normal,0,0,0,0,0,0,0,0,0,0,0
17392,0,0,normal,0,0,0,0,0,0,0,0,0,0,0
17393,0,0,normal,0,0,0,0,0,0,0,0,0,0,0
17394,0,0,normal,0,0,0,0,0,0,0,0,0,0,0
17395,0,0,normal,0,0,0,0,0,0,0,0,0,0,0
17396,0,0,normal,0,0,0,0,0,0,0,0,0,0,0
17397,0,0,normal,0,0,0,0,0,0,0,0,0,0,0
17398,0,0,normal,0,0,0,0,0,0,0,0,0,0,0
17399,0,0,normal,0,0,0,0,0,0,0,0,0,0,0
17400,0,0,normal,0,0,0,0,0,0,0,0,0,0,0
17401,0,0,normal,0,0,0,0,0,0,0,0,0,0,0
17402,0,0,normal,0,0,0,0,0,0,0,0,0,0,0
17403,0,0,normal,0,0,0,0,0,0,0,0,0,0,0
17404,0,0,normal,0,0,0,0,0,0,0,0,0,0,0
17405,0,0,normal,0,0,0,0,0,0,0,0,0,0,0
17406,0,0,normal,0,0,0,0,0,0,0,0,0,0,0
17407,0,0,normal,0,0,0,0,0,0,0,0,0,0,0
17408,0,0,normal,0,0,0,0,0,0,0,0,0,0,0
17409,0,0,normal,0,0,0,0,0,0,0,0,0,0,0
17410,0,0,normal,0,0,0,0,0,0,0,0,0,0,0
17411,0,0,normal,0,0,0,0,0,0,0,0,0,0,0
17412,0,0,normal,0,0,0,0,0,0,0,0,0,0,0
17413,0,0,normal,0,0,0,0,0,0,0,0,0,0,0
17414,0,0,normal,0,0,0,0,0,0,0,0,0,0,0
17415,0,0,normal,0,0,0,0,0,0,0,0,0,0,0
17416,0,0,normal,0,0,0,0,0,0,0,0,0,0,0
17417,0,0,normal,0,0,0,0,0,0,0,0,0,0,0
17418,0,0,normal,0,0,0,0,0,0,0,0,0,0,0
17419,0,0,normal,0,0,0,0,0,0,0,0,0,0,0
17420,0,0,normal,0,0,0,0,0,0,0,0,0,0,0
17421,0,0,normal,0,0,0,0,0,0,0,0,0,0,0
17425,0,0,normal,0,0,0,0,0,0,0,0,0,0,0
17426,0,0,normal,0,0,0,0,0,0,0,0,0,0,0
17427,0,0,normal,0,0,0,0,0,0,0,0,0,0,0
17428,0,0,normal,0,0,0,0,0,0,0,0,0,0,0
17429,0,0,normal,0,0,0,0,0,0,0,0,0,0,0
17430,0,0,normal,0,0,0,0,0,0,0,0,0,0,0
17431,0,0,normal,0,0,0,0,0,0,0,0,0,0,0
17432,0,0,normal,0,0,0,0,0,0,0,0,0,0,0
17433,0,0,normal,0,0,0,0,0,0,0,0,0,0,0
17434,0,0,normal,0,0,0,0,0,0,0,0,0,0,0
17435,0,0,normal,0,0,0,0,0,0,0,0,0,0,0
17436,0,0,normal,0,0,0,0,0,0,0,0,0,0,0
17437,0,0,normal,0,0,0,0,0,0,0,0,0,0,0
17438,0,0,normal,0,0,0,0,0,0,0,0,0,0,0
17439,0,0,normal,0,0,0,0,0,0,0,0,0,0,0
17440,0,0,normal,0,0,0,0,0,0,0,0,0,0,0
17441,0,0,normal,0,0,0,0,0,0,0,0,0,0,0
17443,0,0,normal,0,0,0,0,0,0,0,0,0,0,0
17444,0,0,normal,0,0,0,0,0,0,0,0,0,0,0
17445,0,0,normal,0,0,0,0,0,0,0,0,0,0,0
17446,0,0,normal,0,0,0,0,0,0,0,0,0,0,0
17447,0,0,normal,0,0,0,0,0,0,0,0,0,0,0
17448,0,0,normal,0,0,0,0,0,0,0,0,0,0,0
17449,0,0,normal,0,0,0,0,0,0,0,0,0,0,0
17450,0,0,normal,0,0,0,0,0,0,0,0,0,0,0
17451,0,0,normal,0,0,0,0,0,0,0,0,0,0,0
17452,0,0,normal,0,0,0,0,0,0,0,0,0,0,0
17453,0,0,normal,0,0,0,0,0,0,0,0,0,0,0
17454,0,0,normal,0,0,0,0,0,0,0,0,0,0,0
17455,0,0,normal,0,0,0,0,0,0,0,0,0,0,0
17456,0,0,normal,0,0,0,0,0,0,0,0,0,0,0
17457,0,0,normal,0,0,0,0,0,0,0,0,0,0,0
17462,0,0,normal,0,0,0,0,0,0,0,0,0,0,0
17463,0,0,normal,0,0,0,0,0,0,0,0,0,0,0
17464,0,0,normal,0,0,0,0,0,0,0,0,0,0,0
17465,0,0,normal,0,0,0,0,0,0,0,0,0,0,0
17466,0,0,normal,0,0,0,0,0,0,0,0,0,0,0
17467,0,0,normal,0,0,0,0,0,0,0,0,0,0,0
17468,0,0,normal,0,0,0,0,0,0,0,0,0,0,0
17469,0,0,normal,0,0,0,0,0,0,0,0,0,0,0
17470,0,0,normal,0,0,0,0,0,0,0,0,0,0,0
17471,0,0,normal,0,0,0,0,0,0,0,0,0,0,0
17472,0,0,normal,0,0,0,0,0,0,0,0,0,0,0
17473,0,0,normal,0,0,0,0,0,0,0,0,0,0,0
17474,0,0,normal,0,0,0,0,0,0,0,0,0,0,0
17475,0,0,normal,0,0,0,0,0,0,0,0,0,0,0
17476,0,0,normal,0,0,0,0,0,0,0,0,0,0,0
17477,0,0,normal,0,0,0,0,0,0,0,0,0,0,0
17478,0,0,normal,0,0,0,0,0,0,0,0,0,0,0
17479,0,0,normal,0,0,0,0,0,0,0,0,0,0,0
17480,0,0,normal,0,0,0,0,0,0,0,0,0,0,0
17481,0,0,normal,0,0,0,0,0,0,0,0,0,0,0
17482,0,0,normal,0,0,0,0,0,0,0,0,0,0,0
17483,0,0,normal,0,0,0,0,0,0,0,0,0,0,0
17484,0,0,normal,0,0,0,0,0,0,0,0,0,0,0
17486,0,0,normal,0,0,0,0,0,0,0,0,0,0,0
17487,0,0,normal,0,0,0,0,0,0,0,0,0,0,0
17488,0,0,normal,0,0,0,0,0,0,0,0,0,0,0
17489,0,0,normal,0,0,0,0,0,0,0,0,0,0,0
17490,0,0,normal,0,0,0,0,0,0,0,0,0,0,0
17491,0,0,normal,0,0,0,0,0,0,0,0,0,0,0
17492,0,0,normal,0,0,0,0,0,0,0,0,0,0,0
17497,0,0,normal,0,0,0,0,0,1,0,1,0,0,0
17498,0,0,normal,0,0,0,0,0,0,0,0,0,0,0
17499,0,0,normal,0,0,0,0,0,0,0,0,0,0,0
17500,0,0,normal,0,0,0,0,0,0,0,0,0,0,0
17501,0,0,normal,0,0,0,0,0,0,0,0,0,0,0
17502,0,0,normal,0,0,0,0,0,0,0,0,0,0,0
17503,0,0,normal,0,0,0,0,0,0,0,0,0,0,0
17504,0,0,normal,0,0,0,0,0,0,0,0,0,0,0
17505,0,0,normal,0,0,0,0,0,0,0,0,0,0,0
17506,0,0,normal,0,0,0,0,0,0,0,0,0,0,0
17507,0,0,normal,0,0,0,0,0,0,0,0,0,0,0
17508,0,0,normal,0,0,0,0,0,0,0,0,0,0,0
17509,0,0,normal,0,0,0,0,0,0,0,0,0,0,0
17510,0,0,normal,0,0,0,0,0,0,0,0,0,0,0
17511,0,0,normal,0,0,0,0,0,0,0,0,0,0,0
17512,0,0,normal,0,0,0,0,0,0,0,0,0,0,0
17513,0,0,normal,0,0,0,0,0,0,0,0,0,0,0
17514,0,0,normal,0,0,0,0,0,0,0,0,0,0,0
17515,0,0,normal,0,0,0,0,0,0,0,0,0,0,0
17516,0,0,normal,0,0,0,0,0,0,0,0,0,0,0
17517,0,0,normal,0,0,0,0,0,0,0,0,0,0,0
17518,0,0,normal,0,0,0,0,0,0,0,0,0,0,0
17519,0,0,normal,0,0,0,0,0,0,0,0,0,0,0
17520,0,0,normal,0,0,0,0,0,0,0,0,0,0,0
17521,0,0,normal,0,0,0,0,0,0,0,0,0,0,0
17522,0,0,normal,0,0,0,0,0,0,0,0,0,0,0
17523,0,0,normal,0,0,0,0,0,0,0,0,0,0,0
17524,0,0,normal,0,0,0,0,0,0,0,0,0,0,0
17525,0,0,normal,0,0,0,0,0,0,0,0,0,0,0
17526,0,0,normal,0,0,0,0,0,0,0,0,0,0,0
17527,0,0,normal,0,0,0,0,0,0,0,0,0,0,0
17528,0,0,normal,0,0,0,0,0,0,0,0,0,0,0
17533,0,0,normal,0,0,0,0,0,0,0,0,0,0,0
17534,0,0,normal,0,0,0,0,0,0,0,0,0,0,0
17535,0,0,normal,0,0,0,0,0,0,0,0,0,0,0
17536,0,0,normal,0,0,0,0,0,0,0,0,0,0,0
17537,0,0,normal,0,0,0,0,0,0,0,0,0,0,0
17538,0,0,normal,0,0,0,0,0,0,0,0,0,0,0
17539,0,0,normal,0,0,0,0,0,0,0,0,0,0,0
17540,0,0,normal,0,0,0,0,0,0,0,0,0,0,0
17541,0,0,normal,0,0,0,0,0,0,0,0,0,0,0
17542,0,0,normal,0,0,0,0,0,0,0,0,0,0,0
17543,0,0,normal,0,0,0,0,0,0,0,0,0,0,0
17544,0,0,normal,0,0,0,0,0,0,0,0,0,0,0
17545,0,0,normal,0,0,0,0,0,0,0,0,0,0,0
17546,0,0,normal,0,0,0,0,0,0,0,0,0,0,0
17547,0,0,normal,0,0,0,0,0,0,0,0,0,0,0
17548,0,0,normal,0,0,0,0,0,0,0,0,0,0,0
17549,0,0,normal,0,0,0,0,0,0,0,0,0,0,0
17550,0,0,normal,0,0,0,0,0,0,0,0,0,0,0
17551,0,0,normal,0,0,0,0,0,0,0,0,0,0,0
17552,0,0,normal,0,0,0,0,0,0,0,0,0,0,0
17553,0,0,normal,0,0,0,0,0,0,0,0,0,0,0
17554,0,0,normal,0,0,0,0,0,0,0,0,0,0,0
17555,0,0,normal,0,0,0,0,0,0,0,0,0,0,0
17556,0,0,normal,0,0,0,0,0,0,0,0,0,0,0
17557,0,0,normal,0,0,0,0,0,0,0,0,0,0,0
17558,0,0,normal,0,0,0,0,0,0,0,0,0,0,0
17559,0,0,normal,0,0,0,0,0,0,0,0,0,0,0
17560,0,0,normal,0,0,0,0,0,0,0,0,0,0,0
17561,0,0,normal,0,0,0,0,0,0,0,0,0,0,0
17562,0,0,normal,0,0,0,0,0,0,0,0,0,0,0
17563,0,0,normal,0,0,0,0,0,0,0,0,0,0,0
17564,0,0,normal,0,0,0,0,0,0,0,0,0,0,0
17565,0,0,normal,0,0,0,0,0,0,0,0,0,0,0
17569,0,0,normal,0,0,0,0,0,0,0,0,0,0,0
17570,0,0,normal,0,0,0,0,0,0,0,0,0,0,0
17571,0,0,normal,0,0,0,0,0,0,0,0,0,0,0
17572,0,0,normal,0,0,0,0,0,0,0,0,0,0,0
17573,0,0,normal,0,0,0,0,0,0,0,0,0,0,0
17574,0,0,normal,0,0,0,0,0,0,0,0,0,0,0
17575,0,0,normal,0,0,0,0,0,0,0,0,0,0,0
17576,0,0,normal,0,0,0,0,0,0,0,0,0,0,0
17577,0,0,normal,0,0,0,0,0,0,0,0,0,0,0
17578,0,0,normal,0,0,0,0,0,0,0,0,0,0,0
17579,0,0,normal,0,0,0,0,0,0,0,0,0,0,0
17580,0,0,normal,0,0,0,0,0,0,0,0,0,0,0
17581,0,0,normal,0,0,0,0,0,0,0,0,0,0,0
17582,0,0,normal,0,0,0,0,0,0,0,0,0,0,0
17583,0,0,normal,0,0,0,0,0,0,0,0,0,0,0
17584,0,0,normal,0,0,0,0,0,0,0,0,0,0,0
17585,0,0,normal,0,0,0,0,0,0,0,0,0,0,0
17586,0,0,normal,0,0,0,0,0,0,0,0,0,0,0
18091,0,0,normal,0,0,0,0,0,0,0,0,0,0,0
18092,0,0,normal,0,0,0,0,0,0,0,0,0,0,0
18093,0,0,normal,0,0,0,0,0,0,0,0,0,0,0
18094,0,0,normal,0,0,0,0,0,0,0,0,0,0,0
18095,0,0,normal,0,0,0,0,0,0,0,0,0,0,0
18096,0,0,normal,0,0,0,0,0,0,0,0,0,0,0
18097,0,0,normal,0,0,0,0,0,0,0,0,0,0,0
18098,0,0,normal,0,0,0,0,0,0,0,0,0,0,0
18099,0,0,normal,0,0,0,0,0,0,0,0,0,0,0
18100,0,0,normal,0,0,0,0,0,0,0,0,0,0,0
18105,0,0,normal,0,0,0,0,0,0,0,0,0,0,0
18106,0,0,normal,0,0,0,0,0,0,0,0,0,0,0
18107,0,0,normal,0,0,0,0,0,0,0,0,0,0,0
18108,0,0,normal,0,0,0,0,0,0,0,0,0,0,0
18109,0,0,normal,0,0,0,0,0,0,0,0,0,0,0
18110,0,0,normal,0,0,0,0,0,0,0,0,0,0,0
18111,0,0,normal,0,0,0,0,0,0,0,0,0,0,0
18112,0,0,normal,0,0,0,0,0,0,0,0,0,0,0
18113,0,0,normal,0,0,0,0,0,0,0,0,0,0,0
18114,0,0,normal,0,0,0,0,0,0,0,0,0,0,0
18115,0,0,normal,0,0,0,0,0,0,0,0,0,0,0
18116,0,0,normal,0,0,0,0,0,0,0,0,0,0,0
18117,0,0,normal,0,0,0,0,0,0,0,0,0,0,0
18118,0,0,normal,0,0,0,0,0,0,0,0,0,0,0
18119,0,0,normal,0,0,0,0,0,0,0,0,0,0,0
18120,0,0,normal,0,0,0,0,0,0,0,0,0,0,0
18121,0,0,normal,0,0,0,0,0,0,0,0,0,0,0
18122,0,0,normal,0,0,0,0,0,0,0,0,0,0,0
18124,0,0,normal,0,0,0,0,0,0,0,0,0,0,0
18125,0,0,normal,0,0,0,0,0,0,0,0,0,0,0
18126,0,0,normal,0,0,0,0,0,0,0,0,0,0,0
18127,0,0,normal,0,0,0,0,0,0,0,0,0,0,0
18128,0,0,normal,0,0,0,0,0,0,0,0,0,0,0
18129,0,0,normal,0,0,0,0,0,0,0,0,0,0,0
18131,0,0,normal,0,0,0,0,0,0,0,0,0,0,0
18133,0,0,normal,0,0,0,0,0,0,0,0,0,0,0
18134,0,0,normal,0,0,0,0,0,0,0,0,0,0,0
18135,0,0,normal,0,0,0,0,0,0,0,0,0,0,0
18141,0,0,normal,0,0,0,0,0,0,0,0,0,0,0
18142,0,0,normal,0,0,0,0,0,0,0,0,0,0,0
18143,0,0,normal,0,0,0,0,0,0,0,0,0,0,0
18144,0,0,normal,0,0,0,0,0,0,0,0,0,0,0
18146,0,0,normal,0,0,0,0,0,0,0,0,0,0,0
18147,0,0,normal,0,0,0,0,0,0,0,0,0,0,0
18148,0,0,normal,0,0,0,0,0,0,0,0,0,0,0
18152,0,0,normal,0,0,0,0,0,0,0,0,0,0,0
18153,0,0,normal,0,0,0,0,0,0,0,0,0,0,0
18154,0,0,normal,0,0,0,0,0,0,0,0,0,0,0
18156,0,0,normal,0,0,0,0,0,0,0,0,0,0,0
18158,0,0,normal,0,0,0,0,0,0,0,0,0,0,0
18159,0,0,normal,0,0,0,0,0,0,0,0,0,0,0
18160,0,0,normal,0,0,0,0,0,0,0,0,0,0,0
18161,0,0,normal,0,0,0,0,0,0,0,0,0,0,0
18165,0,0,normal,0,0,0,0,0,0,0,0,0,0,0
18166,0,0,normal,0,0,0,0,0,0,0,0,0,0,0
18167,0,0,normal,0,0,0,0,0,0,0,0,0,0,0
18169,0,0,normal,0,0,0,0,0,0,0,0,0,0,0
18170,0,0,normal,0,0,0,0,0,0,0,0,0,0,0
18171,0,0,normal,0,0,0,0,0,0,0,0,0,0,0
18178,0,0,normal,0,0,0,0,0,0,0,0,0,0,0
18180,0,0,normal,0,0,0,0,0,0,0,0,0,0,0
18181,0,0,normal,0,0,0,0,0,0,0,0,0,0,0
18183,0,0,normal,0,0,0,0,0,0,0,0,0,0,0
18184,0,0,normal,0,0,0,0,0,0,0,0,0,0,0
18185,0,0,normal,0,0,0,0,0,0,0,0,0,0,0
18188,0,0,normal,0,0,0,0,0,0,0,0,0,0,0
18189,0,0,normal,0,0,0,0,0,0,0,0,0,0,0
18190,0,0,normal,0,0,0,0,0,0,0,0,0,0,0
18191,0,0,normal,0,0,0,0,0,0,0,0,0,0,0
18192,0,0,normal,0,0,0,0,0,0,0,0,0,0,0
18194,0,0,normal,0,0,0,0,0,0,0,0,0,0,0
18195,0,0,normal,0,0,0,0,0,0,0,0,0,0,0
18197,0,0,normal,0,0,0,0,0,0,0,0,0,0,0
18198,0,0,normal,0,0,0,0,0,0,0,0,0,0,0
18199,0,0,normal,0,0,0,0,0,0,0,0,0,0,0
18202,0,0,normal,0,0,0,0,0,0,0,0,0,0,0
18205,0,0,normal,0,0,0,0,0,0,0,0,0,0,0
18208,0,0,normal,0,0,0,0,0,0,0,0,0,0,0
18213,0,0,normal,0,0,0,0,0,0,0,0,0,0,0
18214,0,0,normal,0,0,0,0,0,0,0,0,0,0,0
18215,0,0,normal,0,0,0,0,0,0,0,0,0,0,0
18217,0,0,normal,0,0,0,0,0,0,0,0,0,0,0
18220,0,0,normal,0,0,0,0,0,0,0,0,0,0,0
18221,0,0,normal,0,0,0,0,0,0,0,0,0,0,0
18224,0,0,normal,0,0,0,0,0,0,0,0,0,0,0
18225,0,0,normal,0,0,0,0,0,0,0,0,0,0,0
18228,0,0,normal,0,0,0,0,0,0,0,0,0,0,0
18229,0,0,normal,0,0,0,0,0,0,0,0,0,0,0
18230,0,0,normal,0,0,0,0,0,0,0,0,0,0,0
18231,0,0,normal,0,0,0,0,0,0,0,0,0,0,0
18232,0,0,normal,0,0,0,0,0,0,0,0,0,0,0
18233,0,0,normal,0,0,0,0,0,0,0,0,0,0,0
18235,0,0,normal,0,0,0,0,0,0,0,0,0,0,0
18236,0,0,normal,0,0,0,0,0,0,0,0,0,0,0
18237,0,0,normal,0,0,0,0,0,0,0,0,0,0,0
18238,0,0,normal,0,0,0,0,0,0,0,0,0,0,0
18239,0,0,normal,0,0,0,0,0,0,0,0,0,0,0
18240,0,0,normal,0,0,0,0,0,0,0,0,0,0,0
18241,0,0,normal,0,0,0,0,0,0,0,0,0,0,0
18242,0,0,normal,0,0,0,0,0,0,0,0,0,0,0
18248,0,0,normal,0,0,0,0,0,0,0,0,0,0,0
18249,0,0,normal,0,0,0,0,0,0,0,0,0,0,0
18250,0,0,normal,0,0,0,0,0,0,0,0,0,0,0
18251,0,0,normal,0,0,0,0,0,0,0,0,0,0,0
18254,0,0,normal,0,0,0,0,0,0,0,0,0,0,0
18255,0,0,normal,0,0,0,0,0,0,0,0,0,0,0
18256,0,0,normal,0,0,0,0,0,0,0,0,0,0,0
18257,0,0,normal,0,0,0,0,0,0,0,0,0,0,0
18258,0,0,normal,0,0,0,0,0,0,0,0,0,0,0
18260,0,0,normal,0,0,0,0,0,0,0,0,0,0,0
18262,0,0,normal,0,0,0,0,0,0,0,0,0,0,0
18263,0,0,normal,0,0,0,0,0,0,0,0,0,0,0
18265,0,0,normal,0,0,0,0,0,0,0,0,0,0,0
18267,0,0,normal,0,0,0,0,0,0,0,0,0,0,0
18268,0,0,normal,0,0,0,0,0,0,0,0,0,0,0
18270,0,0,normal,0,0,0,0,0,0,0,0,0,0,0
18271,0,0,normal,0,0,0,0,0,0,0,0,0,0,0
18274,0,0,normal,0,0,0,0,0,0,0,0,0,0,0
18276,0,0,normal,0,0,0,0,0,0,0,0,0,0,0
18277,0,0,normal,0,0,0,0,0,0,0,0,0,0,0
18278,0,0,normal,0,0,0,0,0,0,0,0,0,0,0
18279,0,0,normal,0,0,0,0,0,0,0,0,0,0,0
18284,0,0,normal,0,0,0,0,0,1,0,1,0,0,0
18285,0,0,normal,0,0,0,0,0,0,0,0,0,0,0
18286,0,0,normal,0,0,0,0,0,0,0,0,0,0,0
18287,0,0,normal,0,0,0,0,0,0,0,0,0,0,0
18288,0,0,normal,0,0,0,0,0,0,0,0,0,0,0
18289,0,0,normal,0,0,0,0,0,0,0,0,0,0,0
18290,0,0,normal,0,0,0,0,0,0,0,0,0,0,0
18291,0,0,normal,0,0,0,0,0,0,0,0,0,0,0
18293,0,0,normal,0,0,0,0,0,0,0,0,0,0,0
18295,0,0,normal,0,0,0,0,0,0,0,0,0,0,0
18296,0,0,normal,0,0,0,0,0,0,0,0,0,0,0
18297,0,0,normal,0,0,0,0,0,0,0,0,0,0,0
18299,0,0,normal,0,0,0,0,0,0,0,0,0,0,0
18300,0,0,normal,0,0,0,0,0,0,0,0,0,0,0
18301,0,0,normal,0,0,0,0,0,0,0,0,0,0,0
18302,0,0,normal,0,0,0,0,0,0,0,0,0,0,0
18303,0,0,normal,0,0,0,0,0,0,0,0,0,0,0
18304,0,0,normal,0,0,0,0,0,0,0,0,0,0,0
18305,0,0,normal,0,0,0,0,0,0,0,0,0,0,0
18306,0,0,normal,0,0,0,0,0,0,0,0,0,0,0
18307,0,0,normal,0,0,0,0,0,0,0,0,0,0,0
18308,0,0,normal,0,0,0,0,0,0,0,0,0,0,0
18309,0,0,normal,0,0,0,0,0,0,0,0,0,0,0
18310,0,0,normal,0,0,0,0,0,0,0,0,0,0,0
18311,0,0,normal,0,0,0,0,0,0,0,0,0,0,0
18312,0,0,normal,0,0,0,0,0,0,0,0,0,0,0
18313,0,0,normal,0,0,0,0,0,0,0,0,0,0,0
18314,0,0,normal,0,0,0,0,0,0,0,0,0,0,0
18315,0,0,normal,0,0,0,0,0,0,0,0,0,0,0
18320,0,0,normal,0,0,0,0,0,0,0,0,0,0,0
18321,0,0,normal,0,0,0,0,0,0,0,0,0,0,0
18322,0,0,normal,0,0,0,0,0,0,0,0,0,0,0
18323,0,0,normal,0,0,0,0,0,0,0,0,0,0,0
18324,0,0,normal,0,0,0,0,0,0,0,0,0,0,0
18325,0,0,normal,0,0,0,0,0,0,0,0,0,0,0
18326,0,0,normal,0,0,0,0,0,0,0,0,0,0,0
18327,0,0,normal,0,0,0,0,0,0,0,0,0,0,0
18328,0,0,normal,0,0,0,0,0,0,0,0,0,0,0
18330,0,0,normal,0,0,0,0,0,0,0,0,0,0,0
18331,0,0,normal,0,0,0,0,0,0,0,0,0,0,0
18332,0,0,normal,0,0,0,0,0,0,0,0,0,0,0
18333,0,0,normal,0,0,0,0,0,0,0,0,0,0,0
18334,0,0,normal,0,0,0,0,0,0,0,0,0,0,0
18335,0,0,normal,0,0,0,0,0,0,0,0,0,0,0
18336,0,0,normal,0,0,0,0,0,0,0,0,0,0,0
18337,0,0,normal,0,0,0,0,0,0,0,0,0,0,0
18338,0,0,normal,0,0,0,0,0,0,0,0,0,0,0
18339,0,0,normal,0,0,0,0,0,0,0,0,0,0,0
18340,0,0,normal,0,0,0,0,0,0,0,0,0,0,0
18341,0,0,normal,0,0,0,0,0,0,0,0,0,0,0
18342,0,0,normal,0,0,0,0,0,0,0,0,0,0,0
18343,0,0,normal,0,0,0,0,0,0,0,0,0,0,0
18344,0,0,normal,0,0,0,0,0,0,0,0,0,0,0
18345,0,0,normal,0,0,0,0,0,0,0,0,0,0,0
18346,0,0,normal,0,0,0,0,0,0,0,0,0,0,0
18347,0,0,normal,0,0,0,0,0,0,0,0,0,0,0
18348,0,0,normal,0,0,0,0,0,0,0,0,0,0,0
18349,0,0,normal,0,0,0,0,0,0,0,0,0,0,0
18350,0,0,normal,0,0,0,0,0,0,0,0,0,0,0
18351,0,0,normal,0,0,0,0,0,0,0,0,0,0,0
18356,0,0,normal,0,0,0,0,0,0,0,0,0,0,0
18357,0,0,normal,0,0,0,0,0,0,0,0,0,0,0
18358,0,0,normal,0,0,0,0,0,0,0,0,0,0,0
18359,0,0,normal,0,0,0,0,0,0,0,0,0,0,0
18360,0,0,normal,0,0,0,0,0,0,0,0,0,0,0
18361,0,0,normal,0,0,0,0,0,0,0,0,0,0,0
18362,0,0,normal,0,0,0,0,0,0,0,0,0,0,0
18363,0,0,normal,0,0,0,0,0,0,0,0,0,0,0
18364,0,0,normal,0,0,0,0,0,0,0,0,0,0,0
18365,0,0,normal,0,0,0,0,0,0,0,0,0,0,0
18366,0,0,normal,0,0,0,0,0,0,0,0,0,0,0
18367,0,0,normal,0,0,0,0,0,0,0,0,0,0,0
18368,0,0,normal,0,0,0,0,0,0,0,0,0,0,0
18369,0,0,normal,0,0,0,0,0,0,0,0,0,0,0
18370,0,0,normal,0,0,0,0,0,0,0,0,0,0,0
18371,0,0,normal,0,0,0,0,0,0,0,0,0,0,0
18372,0,0,normal,0,0,0,0,0,0,0,0,0,0,0
18373,0,0,normal,0,0,0,0,0,0,0,0,0,0,0
18374,0,0,normal,0,0,0,0,0,0,0,0,0,0,0
18375,0,0,normal,0,0,0,0,0,0,0,0,0,0,0
18376,0,0,normal,0,0,0,0,0,0,0,0,0,0,0
18377,0,0,normal,0,0,0,0,0,0,0,0,0,0,0
18378,0,0,normal,0,0,0,0,0,0,0,0,0,0,0
18379,0,0,normal,0,0,0,0,0,0,0,0,0,0,0
18380,0,0,normal,0,0,0,0,0,0,0,0,0,0,0
18381,0,0,normal,0,0,0,0,0,0,0,0,0,0,0
18382,0,0,normal,0,0,0,0,0,0,0,0,0,0,0
18383,0,0,normal,0,0,0,0,0,0,0,0,0,0,0
18384,0,0,normal,0,0,0,0,0,0,0,0,0,0,0
18385,0,0,normal,0,0,0,0,0,0,0,0,0,0,0
18386,0,0,normal,0,0,0,0,0,0,0,0,0,0,0
18387,0,0,normal,0,0,0,0,0,0,0,0,0,0,0
18391,0,0,normal,0,0,0,0,0,0,0,0,0,0,0
18392,0,0,normal,0,0,0,0,0,0,0,0,0,0,0
18393,0,0,normal,0,0,0,0,0,0,0,0,0,0,0
18394,0,0,normal,0,0,0,0,0,0,0,0,0,0,0
18395,0,0,normal,0,0,0,0,0,0,0,0,0,0,0
18396,0,0,normal,0,0,0,0,0,0,0,0,0,0,0
18397,0,0,normal,0,0,0,0,0,0,0,0,0,0,0
18398,0,0,normal,0,0,0,0,0,0,0,0,0,0,0
18399,0,0,normal,0,0,0,0,0,0,0,0,0,0,0
18400,0,0,normal,0,0,0,0,0,0,0,0,0,0,0
18401,0,0,normal,0,0,0,0,0,0,0,0,0,0,0
18402,0,0,normal,0,0,0,0,0,0,0,0,0,0,0
18403,0,0,normal,0,0,0,0,0,0,0,0,0,0,0
18404,0,0,normal,0,0,0,0,0,0,0,0,0,0,0
18405,0,0,normal,0,0,0,0,0,0,0,0,0,0,0
18406,0,0,normal,0,0,0,0,0,0,0,0,0,0,0
18407,0,0,normal,0,0,0,0,0,0,0,0,0,0,0
18408,0,0,normal,0,0,0,0,0,0,0,0,0,0,0
18409,0,0,normal,0,0,0,0,0,0,0,0,0,0,0
18410,0,0,normal,0,0,0,0,0,0,0,0,0,0,0
18411,0,0,normal,0,0,0,0,0,0,0,0,0,0,0
18412,0,0,normal,0,0,0,0,0,0,0,0,0,0,0
18413,0,0,normal,0,0,0,0,0,0,0,0,0,0,0
18414,0,0,normal,0,0,0,0,0,0,0,0,0,0,0
18415,0,0,normal,0,0,0,0,0,0,0,0,0,0,0
18416,0,0,normal,0,0,0,0,0,0,0,0,0,0,0
18417,0,0,normal,0,0,0,0,0,0,0,0,0,0,0
18418,0,0,normal,0,0,0,0,0,0,0,0,0,0,0
18419,0,0,normal,0,0,0,0,0,0,0,0,0,0,0
18420,0,0,normal,0,0,0,0,0,0,0,0,0,0,0
18421,0,0,normal,0,0,0,0,0,0,0,0,0,0,0
18423,0,0,normal,0,0,0,0,0,0,0,0,0,0,0
18427,0,0,normal,0,0,0,0,0,0,0,0,0,0,0
18428,0,0,normal,0,0,0,0,0,0,0,0,0,0,0
18429,0,0,normal,0,0,0,0,0,0,0,0,0,0,0
18430,0,0,normal,0,0,0,0,0,0,0,0,0,0,0
18431,0,0,normal,0,0,0,0,0,0,0,0,0,0,0
18432,0,0,normal,0,0,0,0,0,0,0,0,0,0,0
18433,0,0,normal,0,0,0,0,0,0,0,0,0,0,0
18434,0,0,normal,0,0,0,0,0,0,0,0,0,0,0
18435,0,0,normal,0,0,0,0,0,0,0,0,0,0,0
18436,0,0,normal,0,0,0,0,0,0,0,0,0,0,0
18437,0,0,normal,0,0,0,0,0,0,0,0,0,0,0
18438,0,0,normal,0,0,0,0,0,0,0,0,0,0,0
18439,0,0,normal,0,0,0,0,0,0,0,0,0,0,0
18440,0,0,normal,0,0,0,0,0,0,0,0,0,0,0
18441,0,0,normal,0,0,0,0,0,0,0,0,0,0,0
18442,0,0,normal,0,0,0,0,0,0,0,0,0,0,0
18443,0,0,normal,0,0,0,0,0,0,0,0,0,0,0
18444,0,0,normal,0,0,0,0,0,0,0,0,0,0,0
18445,0,0,normal,0,0,0,0,0,0,0,0,0,0,0
18446,0,0,normal,0,0,0,0,0,0,0,0,0,0,0
18447,0,0,normal,0,0,0,0,0,0,0,0,0,0,0
18448,0,0,normal,0,0,0,0,0,0,0,0,0,0,0
18449,0,0,normal,0,0,0,0,0,0,0,0,0,0,0
18450,0,0,normal,0,0,0,0,0,0,0,0,0,0,0
18451,0,0,normal,0,0,0,0,0,0,0,0,0,0,0
18452,0,0,normal,0,0,0,0,0,0,0,0,0,0,0
18453,0,0,normal,0,0,0,0,0,0,0,0,0,0,0
18454,0,0,normal,0,0,0,0,0,0,0,0,0,0,0
18455,0,0,normal,0,0,0,0,0,0,0,0,0,0,0
18456,0,0,normal,0,0,0,0,0,0,0,0,0,0,0
18457,0,0,normal,0,0,0,0,0,0,0,0,0,0,0
18458,0,0,normal,0,0,0,0,0,0,0,0,0,0,0
18459,0,0,normal,0,0,0,0,0,0,0,0,0,0,0
18463,0,0,normal,0,0,0,0,0,0,0,0,0,0,0
18464,0,0,normal,0,0,0,0,0,0,0,0,0,0,0
18465,0,0,normal,0,0,0,0,0,0,0,0,0,0,0
18466,0,0,normal,0,0,0,0,0,0,0,0,0,0,0
18467,0,0,normal,0,0,0,0,0,0,0,0,0,0,0
18468,0,0,normal,0,0,0,0,0,0,0,0,0,0,0
18469,0,0,normal,0,0,0,0,0,0,0,0,0,0,0
18470,0,0,normal,0,0,0,0,0,0,0,0,0,0,0
18471,0,0,normal,0,0,0,0,0,0,0,0,0,0,0
18472,0,0,normal,0,0,0,0,0,0,0,0,0,0,0
18473,0,0,normal,0,0,0,0,0,0,0,0,0,0,0
18474,0,0,normal,0,0,0,0,0,0,0,0,0,0,0
18475,0,0,normal,0,0,0,0,0,0,0,0,0,0,0
18476,0,0,normal,0,0,0,0,0,0,0,0,0,0,0
18477,0,0,normal,0,0,0,0,0,0,0,0,0,0,0
18478,0,0,normal,0,0,0,0,0,0,0,0,0,0,0
18479,0,0,normal,0,0,0,0,0,0,0,0,0,0,0
18480,0,0,normal,0,0,0,0,0,0,0,0,0,0,0
18481,0,0,normal,0,0,0,0,0,0,0,0,0,0,0
18482,0,0,normal,0,0,0,0,0,0,0,0,0,0,0
18483,0,0,normal,0,0,0,0,0,0,0,0,0,0,0
18484,0,0,normal,0,0,0,0,0,0,0,0,0,0,0
18485,0,0,normal,0,0,0,0,0,0,0,0,0,0,0
18486,0,0,normal,0,0,0,0,0,0,0,0,0,0,0
18487,0,0,normal,0,0,0,0,0,0,0,0,0,0,0
18488,0,0,normal,0,0,0,0,0,0,0,0,0,0,0
18489,0,0,normal,0,0,0,0,0,0,0,0,0,0,0
18490,0,0,normal,0,0,0,0,0,0,0,0,0,0,0
18491,0,0,normal,0,0,0,0,0,0,0,0,0,0,0
18492,0,0,normal,0,0,0,0,0,0,0,0,0,0,0
18493,0,0,normal,0,0,0,0,0,0,0,0,0,0,0
18494,0,0,normal,0,0,0,0,0,0,0,0,0,0,0
18499,0,0,normal,0,0,0,0,0,0,0,0,0,0,0
18500,0,0,normal,0,0,0,0,0,0,0,0,0,0,0
18501,0,0,normal,0,0,0,0,0,0,0,0,0,0,0
18502,0,0,normal,0,0,0,0,0,0,0,0,0,0,0
18503,0,0,normal,0,0,0,0,0,0,0,0,0,0,0
18504,0,0,normal,0,0,0,0,0,0,0,0,0,0,0
18505,0,0,normal,0,0,0,0,0,0,0,0,0,0,0
18506,0,0,normal,0,0,0,0,0,0,0,0,0,0,0
18507,0,0,normal,0,0,0,0,0,0,0,0,0,0,0
18508,0,0,normal,0,0,0,0,0,0,0,0,0,0,0
18509,0,0,normal,0,0,0,0,0,0,0,0,0,0,0
18510,0,0,normal,0,0,0,0,0,0,0,0,0,0,0
18511,0,0,normal,0,0,0,0,0,0,0,0,0,0,0
18512,0,0,normal,0,0,0,0,0,0,0,0,0,0,0
18513,0,0,normal,0,0,0,0,0,0,0,0,0,0,0
18514,0,0,normal,0,0,0,0,0,0,0,0,0,0,0
18515,0,0,normal,0,0,0,0,0,0,0,0,0,0,0
18516,0,0,normal,0,0,0,0,0,0,0,0,0,0,0
18517,0,0,normal,0,0,0,0,0,0,0,0,0,0,0
18518,0,0,normal,0,0,0,0,0,0,0,0,0,0,0
18519,0,0,normal,0,0,0,0,0,0,0,0,0,0,0
18520,0,0,normal,0,0,0,0,0,0,0,0,0,0,0
18521,0,0,normal,0,0,0,0,0,0,0,0,0,0,0
18522,0,0,normal,0,0,0,0,0,0,0,0,0,0,0
18523,0,0,normal,0,0,0,0,0,0,0,0,0,0,0
18524,0,0,normal,0,0,0,0,0,0,0,0,0,0,0
18525,0,0,normal,0,0,0,0,0,0,0,0,0,0,0
18526,0,0,normal,0,0,0,0,0,0,0,0,0,0,0
18527,0,0,normal,0,0,0,0,0,0,0,0,0,0,0
18528,0,0,normal,0,0,0,0,0,0,0,0,0,0,0
18529,0,0,normal,0,0,0,0,0,0,0,0,0,0,0
18530,0,0,normal,0,0,0,0,0,0,0,0,0,0,0
18535,0,0,normal,0,0,0,0,0,0,0,0,0,0,0
18536,0,0,normal,0,0,0,0,0,0,0,0,0,0,0
18537,0,0,normal,0,0,0,0,0,0,0,0,0,0,0
18538,0,0,normal,0,0,0,0,0,0,0,0,0,0,0
18539,0,0,normal,0,0,0,0,0,0,0,0,0,0,0
18540,0,0,normal,0,0,0,0,0,0,0,0,0,0,0
18541,0,0,normal,0,0,0,0,0,0,0,0,0,0,0
18542,0,0,normal,0,0,0,0,0,0,0,0,0,0,0
18543,0,0,normal,0,0,0,0,0,0,0,0,0,0,0
18544,0,0,normal,0,0,0,0,0,0,0,0,0,0,0
18545,0,0,normal,0,0,0,0,0,0,0,0,0,0,0
18546,0,0,normal,0,0,0,0,0,0,0,0,0,0,0
18547,0,0,normal,0,0,0,0,0,0,0,0,0,0,0
18548,0,0,normal,0,0,0,0,0,0,0,0,0,0,0
18549,0,0,normal,0,0,0,0,0,0,0,0,0,0,0
18550,0,0,normal,0,0,0,0,0,0,0,0,0,0,0
18551,0,0,normal,0,0,0,0,0,0,0,0,0,0,0
18552,0,0,normal,0,0,0,0,0,0,0,0,0,0,0
18553,0,0,normal,0,0,0,0,0,0,0,0,0,0,0
18554,0,0,normal,0,0,0,0,0,0,0,0,0,0,0
18555,0,0,normal,0,0,0,0,0,0,0,0,0,0,0
18556,0,0,normal,0,0,0,0,0,0,0,0,0,0,0
18557,0,0,normal,0,0,0,0,0,0,0,0,0,0,0
18558,0,0,normal,0,0,0,0,0,0,0,0,0,0,0
18559,0,0,normal,0,0,0,0,0,0,0,0,0,0,0
18560,0,0,normal,0,0,0,0,0,0,0,0,0,0,0
18561,0,0,normal,0,0,0,0,0,0,0,0,0,0,0
18562,0,0,normal,0,0,0,0,0,0,0,0,0,0,0
18563,0,0,normal,0,0,0,0,0,0,0,0,0,0,0
18564,0,0,normal,0,0,0,0,0,0,0,0,0,0,0
18565,0,0,normal,0,0,0,0,0,0,0,0,0,0,0
18566,0,0,normal,0,0,0,0,0,0,0,0,0,0,0
18571,0,0,normal,0,0,0,0,0,0,0,0,0,0,0
18572,0,0,normal,0,0,0,0,0,0,0,0,0,0,0
18573,0,0,normal,0,0,0,0,0,0,0,0,0,0,0
18574,0,0,normal,0,0,0,0,0,0,0,0,0,0,0
18575,0,0,normal,0,0,0,0,0,0,0,0,0,0,0
18576,0,0,normal,0,0,0,0,0,0,0,0,0,0,0
18577,0,0,normal,0,0,0,0,0,0,0,0,0,0,0
18578,0,0,normal,0,0,0,0,0,0,0,0,0,0,0
18579,0,0,normal,0,0,0,0,0,0,0,0,0,0,0
18580,0,0,normal,0,0,0,0,0,0,0,0,0,0,0
18581,0,0,normal,0,0,0,0,0,0,0,0,0,0,0
18582,0,0,normal,0,0,0,0,0,0,0,0,0,0,0
18583,0,0,normal,0,0,0,0,0,0,0,0,0,0,0
18584,0,0,normal,0,0,0,0,0,0,0,0,0,0,0
18585,0,0,normal,0,0,0,0,0,0,0,0,0,0,0
18586,0,0,normal,0,0,0,0,0,0,0,0,0,0,0
18587,0,0,normal,0,0,0,0,0,0,0,0,0,0,0
18588,0,0,normal,0,0,0,0,0,0,0,0,0,0,0
18589,0,0,normal,0,0,0,0,0,0,0,0,0,0,0
18590,0,0,normal,0,0,0,0,0,0,0,0,0,0,0
18591,0,0,normal,0,0,0,0,0,0,0,0,0,0,0
19096,0,0,normal,0,0,0,0,0,0,0,0,0,0,0
19097,0,0,normal,0,0,0,0,0,0,0,0,0,0,0
19098,0,0,normal,0,0,0,0,0,0,0,0,0,0,0
19099,0,0,normal,0,0,0,0,0,0,0,0,0,0,0
19100,0,0,normal,0,0,0,0,0,0,0,0,0,0,0
19101,0,0,normal,0,0,0,0,0,0,0,0,0,0,0
19102,0,0,normal,0,0,0,0,0,0,0,0,0,0,0
19107,0,0,normal,0,0,0,0,0,0,0,0,0,0,0
19108,0,0,normal,0,0,0,0,0,0,0,0,0,0,0
19109,0,0,normal,0,0,0,0,0,0,0,0,0,0,0
19110,0,0,normal,0,0,0,0,0,0,0,0,0,0,0
19111,0,0,normal,0,0,0,0,0,0,0,0,0,0,0
19112,0,0,normal,0,0,0,0,0,0,0,0,0,0,0
19113,0,0,normal,0,0,0,0,0,0,0,0,0,0,0
19114,0,0,normal,0,0,0,0,0,0,0,0,0,0,0
19115,0,0,normal,0,0,0,0,0,0,0,0,0,0,0
19116,0,0,normal,0,0,0,0,0,1,0,1,0,0,0
21631,0,0,normal,0,0,0,0,0,0,0,0,0,0,0
21632,0,0,normal,0,0,0,0,0,0,0,0,0,0,0
21633,0,0,normal,0,0,0,0,0,0,0,0,0,0,0
21940,0,0,normal,0,0,0,0,0,0,0,0,0,0,0
21941,0,0,normal,0,0,0,0,0,0,0,0,0,0,0
21942,0,0,normal,0,0,0,0,0,0,0,0,0,0,0
21943,0,0,normal,0,0,0,0,0,0,0,0,0,0,0
21945,0,0,normal,0,0,0,0,0,0,0,0,0,0,0
21947,0,0,normal,0,0,0,0,0,0,0,0,0,0,0
21948,0,0,normal,0,0,0,0,0,0,0,0,0,0,0
21949,0,0,normal,0,0,0,0,0,0,0,0,0,0,0
21950,0,0,normal,0,0,0,0,0,0,0,0,0,0,0
22026,0,0,normal,0,0,0,0,0,0,0,0,0,0,0
22027,0,0,normal,0,0,0,0,0,0,0,0,0,0,0
22028,0,0,normal,0,0,0,0,0,0,0,0,0,0,0
22030,0,0,normal,0,0,0,0,0,0,0,0,0,0,0
22031,0,0,normal,0,0,0,0,0,0,0,0,0,0,0
22032,0,0,normal,0,0,0,0,0,0,0,0,0,0,0
22033,0,0,normal,0,0,0,0,0,0,0,0,0,0,0
22034,0,0,normal,0,0,0,0,0,0,0,0,0,0,0
22035,0,0,normal,0,0,0,0,0,0,0,0,0,0,0
22036,0,0,normal,0,0,0,0,0,0,0,0,0,0,0
22037,0,0,normal,0,0,0,0,0,0,0,0,0,0,0
22038,0,0,normal,0,0,0,0,0,0,0,0,0,0,0
22039,0,0,normal,0,0,0,0,0,0,0,0,0,0,0
22040,0,0,normal,0,0,0,0,0,0,0,0,0,0,0
22041,0,0,normal,0,0,0,0,0,0,0,0,0,0,0
22042,0,0,normal,0,0,0,0,0,0,0,0,0,0,0
22043,0,0,normal,0,0,0,0,0,0,0,0,0,0,0
22044,0,0,normal,0,0,0,0,0,0,0,0,0,0,0
22046,0,0,normal,0,0,0,0,0,0,0,0,0,0,0
22047,0,0,normal,0,0,0,0,0,0,0,0,0,0,0
22048,0,0,normal,0,0,0,0,0,0,0,0,0,0,0
22049,0,0,normal,0,0,0,0,0,0,0,0,0,0,0
22050,0,0,normal,0,0,0,0,0,0,0,0,0,0,0
22051,0,0,normal,0,0,0,0,0,0,0,0,0,0,0
22052,0,0,normal,0,0,0,0,0,0,0,0,0,0,0
22053,0,0,normal,0,0,0,0,0,0,0,0,0,0,0
22054,0,0,normal,0,0,0,0,0,0,0,0,0,0,0
22055,0,0,normal,0,0,0,0,0,0,0,0,0,0,0
22056,0,0,normal,0,0,0,0,0,0,0,0,0,0,0
22062,0,0,normal,0,0,0,0,0,0,0,0,0,0,0
22063,0,0,normal,0,0,0,0,0,0,0,0,0,0,0
22064,0,0,normal,0,0,0,0,0,0,0,0,0,0,0
22067,0,0,normal,0,0,0,0,0,0,0,0,0,0,0
22068,0,0,normal,0,0,0,0,0,0,0,0,0,0,0
22069,0,0,normal,0,0,0,0,0,0,0,0,0,0,0
22070,0,0,normal,0,0,0,0,0,0,0,0,0,0,0
22071,0,0,normal,0,0,0,0,0,0,0,0,0,0,0
22072,0,0,normal,0,0,0,0,0,0,0,0,0,0,0
22073,0,0,normal,0,0,0,0,0,0,0,0,0,0,0
22074,0,0,normal,0,0,0,0,0,0,0,0,0,0,0
22075,0,0,normal,0,0,0,0,0,0,0,0,0,0,0
22076,0,0,normal,0,0,0,0,0,0,0,0,0,0,0
22077,0,0,normal,0,0,0,0,0,0,0,0,0,0,0
22078,0,0,normal,0,0,0,0,0,0,0,0,0,0,0
22082,0,0,normal,0,0,0,0,0,0,0,0,0,0,0
22083,0,0,normal,0,0,0,0,0,0,0,0,0,0,0
22084,0,0,normal,0,0,0,0,0,0,0,0,0,0,0
22086,0,0,normal,0,0,0,0,0,0,0,0,0,0,0
22087,0,0,normal,0,0,0,0,0,0,0,0,0,0,0
22088,0,0,normal,0,0,0,0,0,0,0,0,0,0,0
22090,0,0,normal,0,0,0,0,0,0,0,0,0,0,0
22092,0,0,normal,0,0,0,0,0,0,0,0,0,0,0
22093,0,0,normal,0,0,0,0,0,0,0,0,0,0,0
22097,0,0,normal,0,0,0,0,0,0,0,0,0,0,0
22098,0,0,normal,0,0,0,0,0,0,0,0,0,0,0
22100,0,0,normal,0,0,0,0,0,0,0,0,0,0,0
22101,0,0,normal,0,0,0,0,0,0,0,0,0,0,0
22103,0,0,normal,0,0,0,0,0,0,0,0,0,0,0
22104,0,0,normal,0,0,0,0,0,0,0,0,0,0,0
22105,0,0,normal,0,0,0,0,0,0,0,0,0,0,0
22106,0,0,normal,0,0,0,0,0,0,0,0,0,0,0
22107,0,0,normal,0,0,0,0,0,0,0,0,0,0,0
22108,0,0,normal,0,0,0,0,0,0,0,0,0,0,0
22109,0,0,normal,0,0,0,0,0,0,0,0,0,0,0
22110,0,0,normal,0,0,0,0,0,0,0,0,0,0,0
22112,0,0,normal,0,0,0,0,0,0,0,0,0,0,0
22113,0,0,normal,0,0,0,0,0,0,0,0,0,0,0
