stream_id,ping_interval_s,icmp_seq,unix_timestamp_s,status,rtt_ms,ttl,pkts_transmitted,pkts_received,pkt_loss_pct,rtt_min_ms,rtt_avg_ms,rtt_max_ms,rtt_mdev_ms
0,1.0,1,1776145248.677647,reply,121.0,64.0,,,,,,,
0,1.0,2,1776145249.664504,reply,120.0,64.0,,,,,,,
0,1.0,3,1776145250.652045,reply,120.0,64.0,,,,,,,
0,1.0,4,1776145251.639969,reply,120.0,64.0,,,,,,,
0,1.0,5,1776145252.628229,reply,120.0,64.0,,,,,,,
0,1.0,6,1776145253.615533,reply,120.0,64.0,,,,,,,
0,1.0,7,1776145254.603289,reply,120.0,64.0,,,,,,,
0,1.0,8,1776145255.59288,reply,122.0,64.0,,,,,,,
0,1.0,9,1776145256.578493,reply,120.0,64.0,,,,,,,
0,1.0,10,1776145257.566255,reply,120.0,64.0,,,,,,,
0,1.0,11,1776145258.553918,reply,120.0,64.0,,,,,,,
0,1.0,13,1776145260.573325,reply,120.0,64.0,,,,,,,
0,1.0,15,1776145262.589388,reply,120.0,64.0,,,,,,,
0,1.0,16,1776145263.577179,reply,120.0,64.0,,,,,,,
0,1.0,17,1776145264.564475,reply,120.0,64.0,,,,,,,
0,1.0,18,1776145265.554455,reply,123.0,64.0,,,,,,,
0,1.0,20,1776145271.129283,reply,120.0,64.0,,,,,,,
0,1.0,21,1776145272.115508,reply,120.0,64.0,,,,,,,
0,1.0,23,1776145274.105101,reply,120.0,64.0,,,,,,,
0,1.0,24,1776145275.09315,reply,120.0,64.0,,,,,,,
0,1.0,25,1776145276.081492,reply,120.0,64.0,,,,,,,
0,1.0,26,1776145277.068902,reply,120.0,64.0,,,,,,,
0,1.0,27,1776145278.056223,reply,120.0,64.0,,,,,,,
0,1.0,28,1776145279.043678,reply,120.0,64.0,,,,,,,
0,1.0,29,1776145280.032136,reply,120.0,64.0,,,,,,,
0,1.0,30,1776145281.020266,reply,120.0,64.0,,,,,,,
0,1.0,31,1776145282.007767,reply,120.0,64.0,,,,,,,
0,1.0,34,1776145285.049389,reply,120.0,64.0,,,,,,,
0,1.0,35,1776145286.037247,reply,120.0,64.0,,,,,,,
0,1.0,36,1776145287.024629,reply,120.0,64.0,,,,,,,
0,1.0,37,1776145288.01192,reply,120.0,64.0,,,,,,,
0,1.0,38,1776145288.998968,reply,120.0,64.0,,,,,,,
0,1.0,39,1776145289.987605,reply,120.0,64.0,,,,,,,
0,1.0,40,1776145290.973502,reply,120.0,64.0,,,,,,,
0,1.0,41,1776145291.960171,reply,120.0,64.0,,,,,,,
0,1.0,42,1776145292.947946,reply,120.0,64.0,,,,,,,
0,1.0,43,1776145293.93509,reply,120.0,64.0,,,,,,,
0,1.0,44,1776145294.923503,reply,120.0,64.0,,,,,,,
0,1.0,45,1776145295.910674,reply,120.0,64.0,,,,,,,
0,1.0,46,1776145296.899234,reply,120.0,64.0,,,,,,,
0,1.0,48,1776145298.905132,reply,120.0,64.0,,,,,,,
0,1.0,49,1776145299.893306,reply,120.0,64.0,,,,,,,
0,1.0,50,1776145300.879223,reply,120.0,64.0,,,,,,,
0,1.0,51,1776145306.382272,reply,120.0,64.0,,,,,,,
0,1.0,52,1776145307.369685,reply,120.0,64.0,,,,,,,
0,1.0,53,1776145308.356768,reply,120.0,64.0,,,,,,,
0,1.0,54,1776145310.289267,reply,120.0,64.0,,,,,,,
0,1.0,55,1776145311.276867,reply,120.0,64.0,,,,,,,
0,1.0,56,1776145312.263961,reply,120.0,64.0,,,,,,,
0,1.0,57,1776145313.252262,reply,120.0,64.0,,,,,,,
0,1.0,58,1776145314.23906,reply,120.0,64.0,,,,,,,
0,1.0,59,1776145315.225976,reply,120.0,64.0,,,,,,,
0,1.0,60,1776145316.212264,reply,120.0,64.0,,,,,,,
0,1.0,61,1776145317.200683,reply,120.0,64.0,,,,,,,
0,1.0,62,1776145318.188021,reply,120.0,64.0,,,,,,,
0,1.0,63,1776145319.174762,reply,120.0,64.0,,,,,,,
0,1.0,65,1776145323.052932,reply,120.0,64.0,,,,,,,
0,1.0,66,1776145324.038205,reply,120.0,64.0,,,,,,,
0,1.0,67,1776145325.025602,reply,120.0,64.0,,,,,,,
0,1.0,68,1776145326.013655,reply,120.0,64.0,,,,,,,
0,1.0,69,1776145327.000774,reply,120.0,64.0,,,,,,,
0,1.0,70,1776145328.93469,reply,120.0,64.0,,,,,,,
0,1.0,71,1776145330.86783,reply,120.0,64.0,,,,,,,
0,1.0,72,1776145331.855855,reply,120.0,64.0,,,,,,,
0,1.0,73,1776145332.84329,reply,120.0,64.0,,,,,,,
0,1.0,74,1776145334.775312,reply,120.0,64.0,,,,,,,
0,1.0,76,1776145336.780796,reply,120.0,64.0,,,,,,,
0,1.0,77,1776145337.768086,reply,120.0,64.0,,,,,,,
0,1.0,78,1776145342.349171,reply,120.0,64.0,,,,,,,
0,1.0,79,1776145345.227634,reply,120.0,64.0,,,,,,,
0,1.0,80,1776145346.218125,reply,122.0,64.0,,,,,,,
0,1.0,81,1776145347.203415,reply,120.0,64.0,,,,,,,
0,1.0,82,1776145348.191489,reply,120.0,64.0,,,,,,,
0,1.0,83,1776145349.17972,reply,120.0,64.0,,,,,,,
0,1.0,84,1776145350.168023,reply,120.0,64.0,,,,,,,
0,1.0,86,1776145352.183415,reply,120.0,64.0,,,,,,,
0,1.0,88,1776145355.127334,reply,120.0,64.0,,,,,,,
0,1.0,89,1776145356.118585,reply,123.0,64.0,,,,,,,
0,1.0,90,1776145357.103068,reply,120.0,64.0,,,,,,,
0,1.0,91,1776145359.980696,reply,120.0,64.0,,,,,,,
0,1.0,92,1776145360.968663,reply,120.0,64.0,,,,,,,
0,1.0,93,1776145362.901444,reply,120.0,64.0,,,,,,,
0,1.0,94,1776145363.889804,reply,121.0,64.0,,,,,,,
0,1.0,95,1776145364.875651,reply,120.0,64.0,,,,,,,
0,1.0,96,1776145365.86455,reply,121.0,64.0,,,,,,,
0,1.0,100,1776145369.911397,reply,120.0,64.0,,,,,,,
0,1.0,101,1776145370.899738,reply,120.0,64.0,,,,,,,
0,1.0,102,1776145371.887025,reply,120.0,64.0,,,,,,,
0,1.0,103,1776145373.818714,reply,120.0,64.0,,,,,,,
0,1.0,104,1776145378.393365,reply,120.0,64.0,,,,,,,
0,1.0,105,1776145379.385492,reply,124.0,64.0,,,,,,,
0,1.0,106,1776145380.367994,reply,120.0,64.0,,,,,,,
0,1.0,107,1776145382.299985,reply,120.0,64.0,,,,,,,
0,1.0,108,1776145384.232644,reply,120.0,64.0,,,,,,,
0,1.0,109,1776145386.164922,reply,120.0,64.0,,,,,,,
0,1.0,111,1776145389.099686,reply,120.0,64.0,,,,,,,
0,1.0,112,1776145390.087306,reply,120.0,64.0,,,,,,,
0,1.0,113,1776145391.076547,reply,122.0,64.0,,,,,,,
0,1.0,114,1776145395.842005,reply,120.0,64.0,,,,,,,
0,1.0,115,1776145396.829307,reply,120.0,64.0,,,,,,,
0,1.0,116,1776145398.761175,reply,120.0,64.0,,,,,,,
0,1.0,117,1776145399.749087,reply,120.0,64.0,,,,,,,
0,1.0,118,1776145402.625874,reply,120.0,64.0,,,,,,,
0,1.0,119,1776145403.614223,reply,120.0,64.0,,,,,,,
0,1.0,120,1776145404.601866,reply,120.0,64.0,,,,,,,
0,1.0,122,1776145406.617894,reply,120.0,64.0,,,,,,,
0,1.0,123,1776145407.60625,reply,120.0,64.0,,,,,,,
0,1.0,125,1776145414.136622,reply,120.0,64.0,,,,,,,
0,1.0,126,1776145415.124052,reply,120.0,64.0,,,,,,,
0,1.0,127,1776145417.999918,reply,120.0,64.0,,,,,,,
0,1.0,128,1776145418.986871,reply,120.0,64.0,,,,,,,
0,1.0,129,1776145419.974837,reply,120.0,64.0,,,,,,,
0,1.0,130,1776145420.963065,reply,120.0,64.0,,,,,,,
0,1.0,131,1776145421.949929,reply,120.0,64.0,,,,,,,
0,1.0,132,1776145422.937872,reply,120.0,64.0,,,,,,,
0,1.0,133,1776145424.871759,reply,122.0,64.0,,,,,,,
0,1.0,134,1776145425.856862,reply,120.0,64.0,,,,,,,
0,1.0,135,1776145426.844173,reply,120.0,64.0,,,,,,,
0,1.0,136,1776145427.831856,reply,120.0,64.0,,,,,,,
0,1.0,137,1776145428.822246,reply,122.0,64.0,,,,,,,
0,1.0,140,1776145433.724641,reply,120.0,64.0,,,,,,,
0,1.0,141,1776145434.712123,reply,120.0,64.0,,,,,,,
0,1.0,142,1776145435.698895,reply,120.0,64.0,,,,,,,
0,1.0,143,1776145436.685892,reply,120.0,64.0,,,,,,,
0,1.0,144,1776145437.671853,reply,120.0,64.0,,,,,,,
0,1.0,145,1776145438.659179,reply,120.0,64.0,,,,,,,
0,1.0,146,1776145439.646378,reply,120.0,64.0,,,,,,,
0,1.0,147,1776145440.634692,reply,120.0,64.0,,,,,,,
0,1.0,149,1776145442.648725,reply,120.0,64.0,,,,,,,
0,1.0,150,1776145443.635987,reply,120.0,64.0,,,,,,,
0,1.0,151,1776145444.623523,reply,120.0,64.0,,,,,,,
0,1.0,152,1776145445.610701,reply,120.0,64.0,,,,,,,
0,1.0,153,1776145450.172423,reply,122.0,64.0,,,,,,,
0,1.0,155,1776145452.173459,reply,120.0,64.0,,,,,,,
0,1.0,157,1776145454.189598,reply,120.0,64.0,,,,,,,
0,1.0,158,1776145455.177401,reply,120.0,64.0,,,,,,,
0,1.0,159,1776145456.164941,reply,120.0,64.0,,,,,,,
0,1.0,160,1776145457.152128,reply,120.0,64.0,,,,,,,
0,1.0,161,1776145458.140349,reply,121.0,64.0,,,,,,,
0,1.0,162,1776145459.128069,reply,120.0,64.0,,,,,,,
0,1.0,163,1776145460.114794,reply,120.0,64.0,,,,,,,
0,1.0,164,1776145461.102526,reply,120.0,64.0,,,,,,,
0,1.0,165,1776145462.090965,reply,120.0,64.0,,,,,,,
0,1.0,166,1776145463.078646,reply,120.0,64.0,,,,,,,
0,1.0,167,1776145464.066331,reply,120.0,64.0,,,,,,,
0,1.0,168,1776145465.053896,reply,120.0,64.0,,,,,,,
0,1.0,169,1776145466.04172,reply,120.0,64.0,,,,,,,
0,1.0,170,1776145467.029289,reply,120.0,64.0,,,,,,,
0,1.0,171,1776145468.016985,reply,120.0,64.0,,,,,,,
0,1.0,172,1776145469.004529,reply,120.0,64.0,,,,,,,
0,1.0,173,1776145469.991221,reply,120.0,64.0,,,,,,,
0,1.0,174,1776145470.977902,reply,120.0,64.0,,,,,,,
0,1.0,175,1776145471.964913,reply,120.0,64.0,,,,,,,
0,1.0,176,1776145472.952143,reply,120.0,64.0,,,,,,,
0,1.0,177,1776145473.940493,reply,120.0,64.0,,,,,,,
0,1.0,178,1776145474.928356,reply,120.0,64.0,,,,,,,
0,1.0,179,1776145475.916176,reply,120.0,64.0,,,,,,,
0,1.0,180,1776145476.903546,reply,120.0,64.0,,,,,,,
0,1.0,181,1776145477.8912,reply,120.0,64.0,,,,,,,
0,1.0,182,1776145478.878995,reply,120.0,64.0,,,,,,,
0,1.0,183,1776145479.867052,reply,120.0,64.0,,,,,,,
0,1.0,184,1776145480.853743,reply,120.0,64.0,,,,,,,
0,1.0,185,1776145485.436343,reply,3716.0,64.0,,,,,,,
0,1.0,186,1776145486.42421,reply,120.0,64.0,,,,,,,
0,1.0,187,1776145487.412169,reply,121.0,64.0,,,,,,,
0,1.0,188,1776145488.399731,reply,120.0,64.0,,,,,,,
0,1.0,189,1776145489.388024,reply,121.0,64.0,,,,,,,
0,1.0,190,1776145490.375868,reply,120.0,64.0,,,,,,,
0,1.0,191,1776145491.363059,reply,120.0,64.0,,,,,,,
0,1.0,192,1776145492.350646,reply,120.0,64.0,,,,,,,
0,1.0,193,1776145493.338436,reply,120.0,64.0,,,,,,,
0,1.0,194,1776145494.325143,reply,120.0,64.0,,,,,,,
0,1.0,195,1776145495.313014,reply,120.0,64.0,,,,,,,
0,1.0,196,1776145496.298728,reply,120.0,64.0,,,,,,,
0,1.0,197,1776145497.286298,reply,120.0,64.0,,,,,,,
0,1.0,198,1776145498.27376,reply,120.0,64.0,,,,,,,
0,1.0,199,1776145499.261212,reply,120.0,64.0,,,,,,,
0,1.0,200,1776145500.248661,reply,121.0,64.0,,,,,,,
0,1.0,201,1776145501.236634,reply,120.0,64.0,,,,,,,
0,1.0,202,1776145502.224337,reply,120.0,64.0,,,,,,,
0,1.0,203,1776145503.212261,reply,120.0,64.0,,,,,,,
0,1.0,204,1776145504.198976,reply,120.0,64.0,,,,,,,
0,1.0,205,1776145505.185829,reply,120.0,64.0,,,,,,,
0,1.0,206,1776145506.173214,reply,120.0,64.0,,,,,,,
0,1.0,207,1776145507.161549,reply,120.0,64.0,,,,,,,
0,1.0,208,1776145508.148823,reply,120.0,64.0,,,,,,,
0,1.0,209,1776145509.136663,reply,120.0,64.0,,,,,,,
0,1.0,210,1776145510.124692,reply,120.0,64.0,,,,,,,
0,1.0,211,1776145511.111807,reply,120.0,64.0,,,,,,,
0,1.0,212,1776145512.100396,reply,121.0,64.0,,,,,,,
0,1.0,213,1776145513.087459,reply,120.0,64.0,,,,,,,
0,1.0,214,1776145514.074276,reply,120.0,64.0,,,,,,,
0,1.0,215,1776145515.060722,reply,120.0,64.0,,,,,,,
0,1.0,216,1776145516.048429,reply,121.0,64.0,,,,,,,
0,1.0,217,1776145517.036087,reply,120.0,64.0,,,,,,,
0,1.0,218,1776145521.598695,reply,120.0,64.0,,,,,,,
0,1.0,219,1776145522.585576,reply,120.0,64.0,,,,,,,
0,1.0,220,1776145523.57363,reply,120.0,64.0,,,,,,,
0,1.0,221,1776145524.560102,reply,120.0,64.0,,,,,,,
0,1.0,222,1776145525.548443,reply,120.0,64.0,,,,,,,
0,1.0,223,1776145526.53663,reply,120.0,64.0,,,,,,,
0,1.0,224,1776145527.524282,reply,120.0,64.0,,,,,,,
0,1.0,225,1776145528.510651,reply,120.0,64.0,,,,,,,
0,1.0,226,1776145529.498301,reply,120.0,64.0,,,,,,,
0,1.0,227,1776145530.486543,reply,120.0,64.0,,,,,,,
0,1.0,228,1776145531.475079,reply,121.0,64.0,,,,,,,
0,1.0,229,1776145532.462413,reply,121.0,64.0,,,,,,,
0,1.0,230,1776145533.449255,reply,120.0,64.0,,,,,,,
0,1.0,231,1776145534.437617,reply,120.0,64.0,,,,,,,
0,1.0,232,1776145535.42489,reply,120.0,64.0,,,,,,,
0,1.0,233,1776145536.413299,reply,120.0,64.0,,,,,,,
0,1.0,234,1776145537.40105,reply,120.0,64.0,,,,,,,
0,1.0,235,1776145538.387404,reply,120.0,64.0,,,,,,,
0,1.0,236,1776145539.37569,reply,120.0,64.0,,,,,,,
0,1.0,237,1776145540.363111,reply,120.0,64.0,,,,,,,
0,1.0,238,1776145541.350988,reply,120.0,64.0,,,,,,,
0,1.0,239,1776145542.339588,reply,121.0,64.0,,,,,,,
0,1.0,240,1776145543.326256,reply,120.0,64.0,,,,,,,
0,1.0,241,1776145544.314149,reply,120.0,64.0,,,,,,,
0,1.0,242,1776145545.301802,reply,120.0,64.0,,,,,,,
0,1.0,243,1776145546.289971,reply,120.0,64.0,,,,,,,
0,1.0,244,1776145547.277964,reply,120.0,64.0,,,,,,,
0,1.0,245,1776145548.264425,reply,120.0,64.0,,,,,,,
0,1.0,246,1776145549.250834,reply,120.0,64.0,,,,,,,
0,1.0,247,1776145550.238007,reply,120.0,64.0,,,,,,,
0,1.0,248,1776145551.22586,reply,121.0,64.0,,,,,,,
0,1.0,249,1776145552.214083,reply,120.0,64.0,,,,,,,
0,1.0,250,1776145553.201561,reply,120.0,64.0,,,,,,,
0,1.0,251,1776145557.774898,reply,121.0,64.0,,,,,,,
0,1.0,252,1776145558.761545,reply,120.0,64.0,,,,,,,
0,1.0,253,1776145559.748978,reply,121.0,64.0,,,,,,,
0,1.0,254,1776145560.736481,reply,120.0,64.0,,,,,,,
0,1.0,255,1776145561.724982,reply,121.0,64.0,,,,,,,
0,1.0,256,1776145562.71097,reply,120.0,64.0,,,,,,,
0,1.0,257,1776145563.698977,reply,120.0,64.0,,,,,,,
0,1.0,258,1776145564.687154,reply,120.0,64.0,,,,,,,
0,1.0,259,1776145566.620727,reply,120.0,64.0,,,,,,,
0,1.0,260,1776145567.608905,reply,120.0,64.0,,,,,,,
0,1.0,261,1776145568.597186,reply,120.0,64.0,,,,,,,
0,1.0,262,1776145569.585445,reply,120.0,64.0,,,,,,,
0,1.0,263,1776145570.573719,reply,121.0,64.0,,,,,,,
0,1.0,264,1776145571.561098,reply,120.0,64.0,,,,,,,
0,1.0,265,1776145572.548714,reply,121.0,64.0,,,,,,,
0,1.0,266,1776145573.535374,reply,120.0,64.0,,,,,,,
0,1.0,267,1776145574.523828,reply,120.0,64.0,,,,,,,
0,1.0,268,1776145575.511205,reply,120.0,64.0,,,,,,,
0,1.0,269,1776145576.499217,reply,121.0,64.0,,,,,,,
0,1.0,270,1776145577.487471,reply,120.0,64.0,,,,,,,
0,1.0,271,1776145578.474885,reply,120.0,64.0,,,,,,,
0,1.0,272,1776145579.463415,reply,120.0,64.0,,,,,,,
0,1.0,273,1776145580.451477,reply,120.0,64.0,,,,,,,
0,1.0,274,1776145581.438572,reply,120.0,64.0,,,,,,,
0,1.0,275,1776145582.426698,reply,120.0,64.0,,,,,,,
0,1.0,276,1776145583.414341,reply,121.0,64.0,,,,,,,
0,1.0,277,1776145584.402632,reply,121.0,64.0,,,,,,,
0,1.0,278,1776145585.390517,reply,121.0,64.0,,,,,,,
0,1.0,279,1776145586.37792,reply,120.0,64.0,,,,,,,
0,1.0,280,1776145587.365521,reply,120.0,64.0,,,,,,,
0,1.0,281,1776145588.353237,reply,120.0,64.0,,,,,,,
0,1.0,282,1776145589.340497,reply,120.0,64.0,,,,,,,
0,1.0,283,1776145594.851919,reply,120.0,64.0,,,,,,,
0,1.0,284,1776145595.839498,reply,120.0,64.0,,,,,,,
0,1.0,285,1776145596.825886,reply,121.0,64.0,,,,,,,
0,1.0,286,1776145597.812337,reply,120.0,64.0,,,,,,,
0,1.0,287,1776145598.800393,reply,120.0,64.0,,,,,,,
0,1.0,288,1776145599.788511,reply,120.0,64.0,,,,,,,
0,1.0,289,1776145600.776668,reply,121.0,64.0,,,,,,,
0,1.0,290,1776145601.764116,reply,120.0,64.0,,,,,,,
0,1.0,291,1776145602.752234,reply,120.0,64.0,,,,,,,
0,1.0,292,1776145603.739757,reply,120.0,64.0,,,,,,,
0,1.0,293,1776145604.728114,reply,121.0,64.0,,,,,,,
0,1.0,294,1776145605.715391,reply,120.0,64.0,,,,,,,
0,1.0,295,1776145606.70303,reply,120.0,64.0,,,,,,,
0,1.0,296,1776145607.690232,reply,120.0,64.0,,,,,,,
0,1.0,297,1776145608.678435,reply,121.0,64.0,,,,,,,
0,1.0,298,1776145609.666587,reply,120.0,64.0,,,,,,,
0,1.0,299,1776145610.654607,reply,120.0,64.0,,,,,,,
0,1.0,300,1776145611.642248,reply,120.0,64.0,,,,,,,
0,1.0,301,1776145612.631175,reply,121.0,64.0,,,,,,,
0,1.0,302,1776145613.619247,reply,120.0,64.0,,,,,,,
0,1.0,303,1776145614.607322,reply,120.0,64.0,,,,,,,
0,1.0,304,1776145615.595246,reply,121.0,64.0,,,,,,,
0,1.0,305,1776145616.582714,reply,120.0,64.0,,,,,,,
0,1.0,306,1776145617.568945,reply,120.0,64.0,,,,,,,
0,1.0,307,1776145618.557077,reply,120.0,64.0,,,,,,,
0,1.0,308,1776145619.544243,reply,120.0,64.0,,,,,,,
0,1.0,309,1776145620.532486,reply,121.0,64.0,,,,,,,
0,1.0,310,1776145621.519485,reply,120.0,64.0,,,,,,,
0,1.0,311,1776145622.507821,reply,120.0,64.0,,,,,,,
0,1.0,312,1776145623.49627,reply,120.0,64.0,,,,,,,
0,1.0,313,1776145624.483739,reply,121.0,64.0,,,,,,,
0,1.0,314,1776145629.058773,reply,120.0,64.0,,,,,,,
0,1.0,315,1776145630.046633,reply,120.0,64.0,,,,,,,
0,1.0,316,1776145631.033423,reply,120.0,64.0,,,,,,,
0,1.0,317,1776145632.020298,reply,120.0,64.0,,,,,,,
0,1.0,318,1776145633.008469,reply,120.0,64.0,,,,,,,
0,1.0,319,1776145633.996637,reply,121.0,64.0,,,,,,,
0,1.0,320,1776145634.984112,reply,120.0,64.0,,,,,,,
0,1.0,321,1776145635.972459,reply,120.0,64.0,,,,,,,
0,1.0,322,1776145636.960091,reply,120.0,64.0,,,,,,,
0,1.0,323,1776145637.948071,reply,120.0,64.0,,,,,,,
0,1.0,324,1776145638.935856,reply,120.0,64.0,,,,,,,
0,1.0,325,1776145639.923182,reply,120.0,64.0,,,,,,,
0,1.0,326,1776145640.909655,reply,120.0,64.0,,,,,,,
0,1.0,327,1776145641.896546,reply,120.0,64.0,,,,,,,
0,1.0,328,1776145642.884151,reply,120.0,64.0,,,,,,,
0,1.0,329,1776145643.871839,reply,120.0,64.0,,,,,,,
0,1.0,330,1776145644.859774,reply,120.0,64.0,,,,,,,
0,1.0,331,1776145645.848029,reply,121.0,64.0,,,,,,,
0,1.0,332,1776145646.835267,reply,120.0,64.0,,,,,,,
0,1.0,333,1776145647.823448,reply,121.0,64.0,,,,,,,
0,1.0,334,1776145648.810584,reply,120.0,64.0,,,,,,,
0,1.0,335,1776145649.79812,reply,120.0,64.0,,,,,,,
0,1.0,336,1776145650.785967,reply,120.0,64.0,,,,,,,
0,1.0,337,1776145651.772556,reply,120.0,64.0,,,,,,,
0,1.0,338,1776145652.760052,reply,120.0,64.0,,,,,,,
0,1.0,339,1776145653.747617,reply,121.0,64.0,,,,,,,
0,1.0,340,1776145654.734623,reply,120.0,64.0,,,,,,,
0,1.0,341,1776145655.721506,reply,120.0,64.0,,,,,,,
0,1.0,342,1776145656.709162,reply,120.0,64.0,,,,,,,
0,1.0,343,1776145657.696161,reply,120.0,64.0,,,,,,,
0,1.0,344,1776145658.683306,reply,120.0,64.0,,,,,,,
0,1.0,345,1776145659.671415,reply,120.0,64.0,,,,,,,
0,1.0,346,1776145660.659075,reply,120.0,64.0,,,,,,,
0,1.0,347,1776145665.23414,reply,120.0,64.0,,,,,,,
0,1.0,348,1776145666.22234,reply,120.0,64.0,,,,,,,
0,1.0,349,1776145667.209809,reply,120.0,64.0,,,,,,,
0,1.0,350,1776145668.197245,reply,120.0,64.0,,,,,,,
0,1.0,351,1776145669.184679,reply,120.0,64.0,,,,,,,
0,1.0,352,1776145670.173109,reply,120.0,64.0,,,,,,,
0,1.0,353,1776145671.160767,reply,120.0,64.0,,,,,,,
0,1.0,354,1776145672.148373,reply,120.0,64.0,,,,,,,
0,1.0,355,1776145673.135688,reply,120.0,64.0,,,,,,,
0,1.0,356,1776145674.122887,reply,120.0,64.0,,,,,,,
0,1.0,357,1776145675.108795,reply,120.0,64.0,,,,,,,
0,1.0,358,1776145676.095307,reply,120.0,64.0,,,,,,,
0,1.0,359,1776145677.082815,reply,120.0,64.0,,,,,,,
0,1.0,360,1776145678.070277,reply,120.0,64.0,,,,,,,
0,1.0,361,1776145679.05845,reply,120.0,64.0,,,,,,,
0,1.0,362,1776145680.046333,reply,121.0,64.0,,,,,,,
0,1.0,363,1776145681.034215,reply,120.0,64.0,,,,,,,
0,1.0,364,1776145682.022471,reply,120.0,64.0,,,,,,,
0,1.0,365,1776145683.009528,reply,120.0,64.0,,,,,,,
0,1.0,366,1776145683.9973,reply,120.0,64.0,,,,,,,
0,1.0,367,1776145684.984458,reply,120.0,64.0,,,,,,,
0,1.0,368,1776145685.971604,reply,120.0,64.0,,,,,,,
0,1.0,369,1776145686.959371,reply,120.0,64.0,,,,,,,
0,1.0,370,1776145687.947999,reply,121.0,64.0,,,,,,,
0,1.0,371,1776145688.93492,reply,120.0,64.0,,,,,,,
0,1.0,372,1776145689.922655,reply,120.0,64.0,,,,,,,
0,1.0,373,1776145690.910449,reply,121.0,64.0,,,,,,,
0,1.0,374,1776145691.898011,reply,121.0,64.0,,,,,,,
0,1.0,375,1776145692.884959,reply,120.0,64.0,,,,,,,
0,1.0,376,1776145693.87343,reply,120.0,64.0,,,,,,,
0,1.0,377,1776145694.861316,reply,120.0,64.0,,,,,,,
0,1.0,378,1776145695.848057,reply,120.0,64.0,,,,,,,
0,1.0,379,1776145700.419783,reply,3704.0,64.0,,,,,,,
0,1.0,380,1776145701.407645,reply,120.0,64.0,,,,,,,
0,1.0,381,1776145702.395342,reply,120.0,64.0,,,,,,,
0,1.0,382,1776145703.383166,reply,120.0,64.0,,,,,,,
0,1.0,383,1776145704.370231,reply,120.0,64.0,,,,,,,
0,1.0,384,1776145705.357439,reply,120.0,64.0,,,,,,,
0,1.0,385,1776145706.345046,reply,120.0,64.0,,,,,,,
0,1.0,386,1776145707.332263,reply,120.0,64.0,,,,,,,
0,1.0,387,1776145708.319783,reply,120.0,64.0,,,,,,,
0,1.0,388,1776145709.306333,reply,120.0,64.0,,,,,,,
0,1.0,389,1776145710.293262,reply,120.0,64.0,,,,,,,
0,1.0,390,1776145711.280594,reply,120.0,64.0,,,,,,,
0,1.0,391,1776145712.268113,reply,120.0,64.0,,,,,,,
0,1.0,392,1776145713.255909,reply,120.0,64.0,,,,,,,
0,1.0,393,1776145714.243744,reply,121.0,64.0,,,,,,,
0,1.0,394,1776145715.231441,reply,121.0,64.0,,,,,,,
0,1.0,395,1776145716.218668,reply,120.0,64.0,,,,,,,
0,1.0,396,1776145717.20675,reply,120.0,64.0,,,,,,,
0,1.0,397,1776145718.194635,reply,120.0,64.0,,,,,,,
0,1.0,398,1776145719.181802,reply,120.0,64.0,,,,,,,
0,1.0,399,1776145720.168991,reply,120.0,64.0,,,,,,,
0,1.0,400,1776145721.156893,reply,120.0,64.0,,,,,,,
0,1.0,401,1776145722.145036,reply,120.0,64.0,,,,,,,
0,1.0,402,1776145723.132779,reply,120.0,64.0,,,,,,,
0,1.0,403,1776145724.120059,reply,120.0,64.0,,,,,,,
0,1.0,404,1776145725.10769,reply,120.0,64.0,,,,,,,
0,1.0,405,1776145726.095188,reply,120.0,64.0,,,,,,,
0,1.0,406,1776145727.082842,reply,120.0,64.0,,,,,,,
0,1.0,407,1776145728.070267,reply,120.0,64.0,,,,,,,
0,1.0,408,1776145729.058097,reply,120.0,64.0,,,,,,,
0,1.0,409,1776145730.044791,reply,120.0,64.0,,,,,,,
0,1.0,410,1776145731.032868,reply,120.0,64.0,,,,,,,
0,1.0,411,1776145732.02054,reply,120.0,64.0,,,,,,,
0,1.0,412,1776145736.591512,reply,120.0,64.0,,,,,,,
0,1.0,413,1776145737.579126,reply,120.0,64.0,,,,,,,
0,1.0,414,1776145738.566972,reply,120.0,64.0,,,,,,,
0,1.0,415,1776145739.555138,reply,121.0,64.0,,,,,,,
0,1.0,416,1776145740.542625,reply,120.0,64.0,,,,,,,
0,1.0,417,1776145741.529676,reply,120.0,64.0,,,,,,,
0,1.0,418,1776145742.517257,reply,120.0,64.0,,,,,,,
0,1.0,419,1776145743.504194,reply,120.0,64.0,,,,,,,
0,1.0,420,1776145744.492226,reply,120.0,64.0,,,,,,,
0,1.0,421,1776145745.480231,reply,120.0,64.0,,,,,,,
0,1.0,422,1776145746.46806,reply,120.0,64.0,,,,,,,
0,1.0,423,1776145747.455166,reply,121.0,64.0,,,,,,,
0,1.0,424,1776145748.4425,reply,120.0,64.0,,,,,,,
0,1.0,SUMMARY,,summary,,,,,,,,,
0,1.0,1,1776146253.429114,reply,120.0,64.0,,,,,,,
0,1.0,2,1776146254.417314,reply,120.0,64.0,,,,,,,
0,1.0,3,1776146255.405619,reply,120.0,64.0,,,,,,,
0,1.0,4,1776146256.394005,reply,120.0,64.0,,,,,,,
0,1.0,5,1776146257.381173,reply,120.0,64.0,,,,,,,
0,1.0,6,1776146258.368706,reply,120.0,64.0,,,,,,,
0,1.0,7,1776146259.355816,reply,120.0,64.0,,,,,,,
0,1.0,8,1776146260.343822,reply,120.0,64.0,,,,,,,
0,1.0,9,1776146261.332071,reply,120.0,64.0,,,,,,,
0,1.0,10,1776146262.319985,reply,120.0,64.0,,,,,,,
0,1.0,11,1776146263.306835,reply,120.0,64.0,,,,,,,
0,1.0,12,1776146264.294752,reply,120.0,64.0,,,,,,,
0,1.0,13,1776146265.282217,reply,120.0,64.0,,,,,,,
0,1.0,14,1776146266.269375,reply,120.0,64.0,,,,,,,
0,1.0,15,1776146267.257387,reply,120.0,64.0,,,,,,,
0,1.0,16,1776146268.245362,reply,120.0,64.0,,,,,,,
0,1.0,17,1776146272.812326,reply,121.0,64.0,,,,,,,
0,1.0,18,1776146273.798311,reply,120.0,64.0,,,,,,,
0,1.0,19,1776146274.785811,reply,120.0,64.0,,,,,,,
0,1.0,20,1776146275.773834,reply,121.0,64.0,,,,,,,
0,1.0,21,1776146276.760722,reply,120.0,64.0,,,,,,,
0,1.0,22,1776146277.747319,reply,120.0,64.0,,,,,,,
0,1.0,23,1776146278.734909,reply,120.0,64.0,,,,,,,
0,1.0,24,1776146279.722792,reply,120.0,64.0,,,,,,,
0,1.0,25,1776146280.710025,reply,120.0,64.0,,,,,,,
0,1.0,26,1776146281.697435,reply,120.0,64.0,,,,,,,
0,1.0,27,1776146282.684881,reply,120.0,64.0,,,,,,,
0,1.0,28,1776146283.672652,reply,120.0,64.0,,,,,,,
0,1.0,30,1776146285.678289,reply,120.0,64.0,,,,,,,
0,1.0,31,1776146286.66738,reply,122.0,64.0,,,,,,,
0,1.0,32,1776146287.652725,reply,120.0,64.0,,,,,,,
0,1.0,33,1776146288.640799,reply,120.0,64.0,,,,,,,
0,1.0,34,1776146289.628457,reply,120.0,64.0,,,,,,,
0,1.0,35,1776146290.616867,reply,120.0,64.0,,,,,,,
0,1.0,36,1776146291.604132,reply,120.0,64.0,,,,,,,
0,1.0,37,1776146292.592714,reply,120.0,64.0,,,,,,,
0,1.0,38,1776146293.579797,reply,120.0,64.0,,,,,,,
0,1.0,39,1776146294.567854,reply,120.0,64.0,,,,,,,
0,1.0,40,1776146295.555787,reply,120.0,64.0,,,,,,,
0,1.0,41,1776146296.542872,reply,120.0,64.0,,,,,,,
0,1.0,43,1776146298.546632,reply,125.0,64.0,,,,,,,
0,1.0,44,1776146299.530035,reply,120.0,64.0,,,,,,,
0,1.0,45,1776146301.462211,reply,120.0,64.0,,,,,,,
0,1.0,46,1776146302.449332,reply,120.0,64.0,,,,,,,
0,1.0,47,1776146303.436811,reply,120.0,64.0,,,,,,,
0,1.0,48,1776146308.008205,reply,3704.0,64.0,,,,,,,
0,1.0,49,1776146308.995424,reply,120.0,64.0,,,,,,,
0,1.0,50,1776146309.982927,reply,120.0,64.0,,,,,,,
0,1.0,51,1776146310.969329,reply,120.0,64.0,,,,,,,
0,1.0,52,1776146311.956514,reply,120.0,64.0,,,,,,,
0,1.0,53,1776146312.944943,reply,120.0,64.0,,,,,,,
0,1.0,54,1776146313.932066,reply,120.0,64.0,,,,,,,
0,1.0,55,1776146314.919799,reply,120.0,64.0,,,,,,,
0,1.0,57,1776146316.910411,reply,120.0,64.0,,,,,,,
0,1.0,58,1776146317.897871,reply,120.0,64.0,,,,,,,
0,1.0,59,1776146318.885426,reply,120.0,64.0,,,,,,,
0,1.0,60,1776146319.872777,reply,120.0,64.0,,,,,,,
0,1.0,61,1776146320.859873,reply,120.0,64.0,,,,,,,
0,1.0,62,1776146321.850095,reply,122.0,64.0,,,,,,,
0,1.0,64,1776146323.854552,reply,120.0,64.0,,,,,,,
0,1.0,65,1776146324.841874,reply,120.0,64.0,,,,,,,
0,1.0,67,1776146326.83028,reply,120.0,64.0,,,,,,,
0,1.0,68,1776146327.818568,reply,120.0,64.0,,,,,,,
0,1.0,69,1776146328.80667,reply,120.0,64.0,,,,,,,
0,1.0,71,1776146330.798249,reply,120.0,64.0,,,,,,,
0,1.0,72,1776146331.786322,reply,120.0,64.0,,,,,,,
0,1.0,73,1776146332.774084,reply,120.0,64.0,,,,,,,
0,1.0,74,1776146333.762139,reply,120.0,64.0,,,,,,,
0,1.0,75,1776146334.749015,reply,120.0,64.0,,,,,,,
0,1.0,76,1776146335.736174,reply,120.0,64.0,,,,,,,
0,1.0,79,1776146345.166518,reply,120.0,64.0,,,,,,,
0,1.0,80,1776146346.155544,reply,121.0,64.0,,,,,,,
0,1.0,81,1776146347.143062,reply,120.0,64.0,,,,,,,
0,1.0,83,1776146351.022855,reply,120.0,64.0,,,,,,,
0,1.0,84,1776146352.954693,reply,120.0,64.0,,,,,,,
0,1.0,85,1776146353.942657,reply,120.0,64.0,,,,,,,
0,1.0,86,1776146354.930973,reply,120.0,64.0,,,,,,,
0,1.0,89,1776146358.912492,reply,120.0,64.0,,,,,,,
0,1.0,90,1776146359.900859,reply,120.0,64.0,,,,,,,
0,1.0,91,1776146361.831096,reply,121.0,64.0,,,,,,,
0,1.0,92,1776146362.818079,reply,120.0,64.0,,,,,,,
0,1.0,93,1776146364.749543,reply,120.0,64.0,,,,,,,
0,1.0,94,1776146365.739849,reply,122.0,64.0,,,,,,,
0,1.0,95,1776146367.670187,reply,122.0,64.0,,,,,,,
0,1.0,96,1776146368.655555,reply,120.0,64.0,,,,,,,
0,1.0,97,1776146369.643623,reply,121.0,64.0,,,,,,,
0,1.0,98,1776146370.630674,reply,120.0,64.0,,,,,,,
0,1.0,99,1776146371.618896,reply,120.0,64.0,,,,,,,
0,1.0,100,1776146373.553693,reply,123.0,64.0,,,,,,,
0,1.0,101,1776146374.53817,reply,120.0,64.0,,,,,,,
0,1.0,102,1776146375.525913,reply,120.0,64.0,,,,,,,
0,1.0,103,1776146380.110598,reply,120.0,64.0,,,,,,,
0,1.0,104,1776146381.097695,reply,120.0,64.0,,,,,,,
0,1.0,105,1776146383.030165,reply,120.0,64.0,,,,,,,
0,1.0,106,1776146384.018682,reply,120.0,64.0,,,,,,,
0,1.0,107,1776146385.006093,reply,120.0,64.0,,,,,,,
0,1.0,108,1776146386.940245,reply,120.0,64.0,,,,,,,
0,1.0,109,1776146388.872239,reply,120.0,64.0,,,,,,,
0,1.0,110,1776146389.860043,reply,120.0,64.0,,,,,,,
0,1.0,111,1776146391.792464,reply,120.0,64.0,,,,,,,
0,1.0,112,1776146392.780821,reply,120.0,64.0,,,,,,,
0,1.0,113,1776146393.767704,reply,120.0,64.0,,,,,,,
0,1.0,114,1776146395.699885,reply,120.0,64.0,,,,,,,
0,1.0,115,1776146396.686962,reply,120.0,64.0,,,,,,,
0,1.0,116,1776146397.675188,reply,120.0,64.0,,,,,,,
0,1.0,117,1776146399.60637,reply,120.0,64.0,,,,,,,
0,1.0,118,1776146400.595213,reply,120.0,64.0,,,,,,,
0,1.0,119,1776146401.585431,reply,124.0,64.0,,,,,,,
0,1.0,120,1776146403.512797,reply,120.0,64.0,,,,,,,
0,1.0,121,1776146404.499047,reply,120.0,64.0,,,,,,,
0,1.0,123,1776146407.452683,reply,120.0,64.0,,,,,,,
0,1.0,124,1776146409.38512,reply,120.0,64.0,,,,,,,
0,1.0,125,1776146410.372624,reply,120.0,64.0,,,,,,,
0,1.0,126,1776146415.864932,reply,120.0,64.0,,,,,,,
0,1.0,127,1776146417.799385,reply,122.0,64.0,,,,,,,
0,1.0,128,1776146418.784715,reply,120.0,64.0,,,,,,,
0,1.0,129,1776146419.772186,reply,120.0,64.0,,,,,,,
0,1.0,130,1776146420.759603,reply,120.0,64.0,,,,,,,
0,1.0,131,1776146421.747565,reply,120.0,64.0,,,,,,,
0,1.0,132,1776146423.681242,reply,120.0,64.0,,,,,,,
0,1.0,133,1776146424.669374,reply,120.0,64.0,,,,,,,
0,1.0,135,1776146428.565658,reply,120.0,64.0,,,,,,,
0,1.0,136,1776146429.552753,reply,120.0,64.0,,,,,,,
0,1.0,139,1776146432.580918,reply,120.0,64.0,,,,,,,
0,1.0,141,1776146434.602083,reply,121.0,64.0,,,,,,,
0,1.0,142,1776146436.532269,reply,120.0,64.0,,,,,,,
0,1.0,143,1776146438.465174,reply,120.0,64.0,,,,,,,
0,1.0,144,1776146439.453444,reply,120.0,64.0,,,,,,,
0,1.0,145,1776146440.44158,reply,120.0,64.0,,,,,,,
0,1.0,146,1776146441.428222,reply,120.0,64.0,,,,,,,
0,1.0,147,1776146442.415319,reply,120.0,64.0,,,,,,,
0,1.0,148,1776146443.402759,reply,120.0,64.0,,,,,,,
0,1.0,149,1776146444.389712,reply,120.0,64.0,,,,,,,
0,1.0,150,1776146445.377278,reply,120.0,64.0,,,,,,,
0,1.0,151,1776146446.365059,reply,120.0,64.0,,,,,,,
0,1.0,154,1776146452.962132,reply,120.0,64.0,,,,,,,
0,1.0,155,1776146454.892289,reply,120.0,64.0,,,,,,,
0,1.0,156,1776146455.879596,reply,120.0,64.0,,,,,,,
0,1.0,157,1776146456.866999,reply,120.0,64.0,,,,,,,
0,1.0,158,1776146457.855346,reply,120.0,64.0,,,,,,,
0,1.0,159,1776146458.842859,reply,120.0,64.0,,,,,,,
0,1.0,160,1776146459.830057,reply,120.0,64.0,,,,,,,
0,1.0,161,1776146460.818097,reply,120.0,64.0,,,,,,,
0,1.0,162,1776146461.806233,reply,120.0,64.0,,,,,,,
0,1.0,163,1776146462.794182,reply,120.0,64.0,,,,,,,
0,1.0,164,1776146463.782194,reply,120.0,64.0,,,,,,,
0,1.0,165,1776146465.713078,reply,120.0,64.0,,,,,,,
0,1.0,166,1776146466.70054,reply,120.0,64.0,,,,,,,
0,1.0,167,1776146467.688988,reply,120.0,64.0,,,,,,,
0,1.0,168,1776146468.676445,reply,120.0,64.0,,,,,,,
0,1.0,169,1776146470.610363,reply,121.0,64.0,,,,,,,
0,1.0,170,1776146471.596761,reply,120.0,64.0,,,,,,,
0,1.0,171,1776146472.584914,reply,120.0,64.0,,,,,,,
0,1.0,172,1776146473.572061,reply,120.0,64.0,,,,,,,
0,1.0,173,1776146474.560334,reply,120.0,64.0,,,,,,,
0,1.0,177,1776146479.570938,reply,120.0,64.0,,,,,,,
0,1.0,178,1776146480.557973,reply,120.0,64.0,,,,,,,
0,1.0,179,1776146481.546325,reply,120.0,64.0,,,,,,,
0,1.0,180,1776146482.533842,reply,120.0,64.0,,,,,,,
0,1.0,181,1776146487.117109,reply,3716.0,64.0,,,,,,,
0,1.0,183,1776146489.134097,reply,120.0,64.0,,,,,,,
0,1.0,184,1776146490.121327,reply,120.0,64.0,,,,,,,
0,1.0,185,1776146491.110209,reply,121.0,64.0,,,,,,,
0,1.0,186,1776146492.097609,reply,120.0,64.0,,,,,,,
0,1.0,187,1776146493.085062,reply,120.0,64.0,,,,,,,
0,1.0,188,1776146494.073369,reply,120.0,64.0,,,,,,,
0,1.0,189,1776146495.060645,reply,120.0,64.0,,,,,,,
0,1.0,190,1776146496.047725,reply,120.0,64.0,,,,,,,
0,1.0,191,1776146497.035921,reply,120.0,64.0,,,,,,,
0,1.0,192,1776146498.023804,reply,120.0,64.0,,,,,,,
0,1.0,193,1776146499.010728,reply,120.0,64.0,,,,,,,
0,1.0,194,1776146499.999277,reply,121.0,64.0,,,,,,,
0,1.0,195,1776146500.98701,reply,121.0,64.0,,,,,,,
0,1.0,196,1776146501.974818,reply,121.0,64.0,,,,,,,
0,1.0,197,1776146502.962191,reply,120.0,64.0,,,,,,,
0,1.0,198,1776146503.949709,reply,120.0,64.0,,,,,,,
0,1.0,199,1776146504.937092,reply,120.0,64.0,,,,,,,
0,1.0,200,1776146505.925503,reply,121.0,64.0,,,,,,,
0,1.0,201,1776146506.913441,reply,120.0,64.0,,,,,,,
0,1.0,202,1776146507.901187,reply,120.0,64.0,,,,,,,
0,1.0,203,1776146508.887426,reply,120.0,64.0,,,,,,,
0,1.0,204,1776146509.875042,reply,120.0,64.0,,,,,,,
0,1.0,205,1776146510.862251,reply,120.0,64.0,,,,,,,
0,1.0,206,1776146511.849578,reply,120.0,64.0,,,,,,,
0,1.0,207,1776146512.836042,reply,120.0,64.0,,,,,,,
0,1.0,208,1776146513.824097,reply,120.0,64.0,,,,,,,
0,1.0,209,1776146514.812115,reply,120.0,64.0,,,,,,,
0,1.0,210,1776146515.800358,reply,120.0,64.0,,,,,,,
0,1.0,211,1776146516.787135,reply,121.0,64.0,,,,,,,
0,1.0,212,1776146517.774257,reply,120.0,64.0,,,,,,,
0,1.0,213,1776146518.760594,reply,120.0,64.0,,,,,,,
0,1.0,214,1776146523.319588,reply,120.0,64.0,,,,,,,
0,1.0,215,1776146524.307405,reply,120.0,64.0,,,,,,,
0,1.0,216,1776146525.294969,reply,120.0,64.0,,,,,,,
0,1.0,217,1776146526.282661,reply,120.0,64.0,,,,,,,
0,1.0,218,1776146527.270051,reply,120.0,64.0,,,,,,,
0,1.0,219,1776146528.256853,reply,120.0,64.0,,,,,,,
0,1.0,220,1776146529.244527,reply,120.0,64.0,,,,,,,
0,1.0,221,1776146530.23216,reply,120.0,64.0,,,,,,,
0,1.0,222,1776146531.220319,reply,120.0,64.0,,,,,,,
0,1.0,223,1776146532.207595,reply,120.0,64.0,,,,,,,
0,1.0,224,1776146533.194409,reply,120.0,64.0,,,,,,,
0,1.0,225,1776146534.182057,reply,120.0,64.0,,,,,,,
0,1.0,226,1776146535.169027,reply,120.0,64.0,,,,,,,
0,1.0,227,1776146536.156605,reply,120.0,64.0,,,,,,,
0,1.0,228,1776146537.144546,reply,120.0,64.0,,,,,,,
0,1.0,229,1776146538.131859,reply,120.0,64.0,,,,,,,
0,1.0,230,1776146539.119697,reply,120.0,64.0,,,,,,,
0,1.0,231,1776146540.106859,reply,120.0,64.0,,,,,,,
0,1.0,232,1776146541.094624,reply,120.0,64.0,,,,,,,
0,1.0,233,1776146542.082123,reply,120.0,64.0,,,,,,,
0,1.0,234,1776146543.068767,reply,120.0,64.0,,,,,,,
0,1.0,235,1776146544.056194,reply,120.0,64.0,,,,,,,
0,1.0,236,1776146545.044103,reply,120.0,64.0,,,,,,,
0,1.0,237,1776146546.031605,reply,120.0,64.0,,,,,,,
0,1.0,238,1776146547.018583,reply,120.0,64.0,,,,,,,
0,1.0,239,1776146548.006571,reply,120.0,64.0,,,,,,,
0,1.0,240,1776146548.99356,reply,120.0,64.0,,,,,,,
0,1.0,241,1776146549.981039,reply,120.0,64.0,,,,,,,
0,1.0,242,1776146550.969385,reply,120.0,64.0,,,,,,,
0,1.0,243,1776146551.956789,reply,120.0,64.0,,,,,,,
0,1.0,244,1776146552.944112,reply,120.0,64.0,,,,,,,
0,1.0,245,1776146553.932515,reply,120.0,64.0,,,,,,,
0,1.0,246,1776146554.920854,reply,120.0,64.0,,,,,,,
0,1.0,247,1776146559.499038,reply,120.0,64.0,,,,,,,
0,1.0,248,1776146560.486717,reply,120.0,64.0,,,,,,,
0,1.0,249,1776146561.474924,reply,120.0,64.0,,,,,,,
0,1.0,250,1776146562.462956,reply,120.0,64.0,,,,,,,
0,1.0,251,1776146563.451301,reply,121.0,64.0,,,,,,,
0,1.0,252,1776146564.438135,reply,120.0,64.0,,,,,,,
0,1.0,253,1776146565.425614,reply,120.0,64.0,,,,,,,
0,1.0,254,1776146566.412563,reply,120.0,64.0,,,,,,,
0,1.0,255,1776146567.398484,reply,120.0,64.0,,,,,,,
0,1.0,256,1776146568.386024,reply,120.0,64.0,,,,,,,
0,1.0,257,1776146569.374409,reply,121.0,64.0,,,,,,,
0,1.0,258,1776146570.361601,reply,120.0,64.0,,,,,,,
0,1.0,259,1776146571.348203,reply,120.0,64.0,,,,,,,
0,1.0,260,1776146572.336076,reply,120.0,64.0,,,,,,,
0,1.0,261,1776146573.323702,reply,120.0,64.0,,,,,,,
0,1.0,262,1776146574.311948,reply,120.0,64.0,,,,,,,
0,1.0,263,1776146575.299602,reply,120.0,64.0,,,,,,,
0,1.0,264,1776146576.286917,reply,120.0,64.0,,,,,,,
0,1.0,265,1776146577.273293,reply,120.0,64.0,,,,,,,
0,1.0,266,1776146578.261607,reply,120.0,64.0,,,,,,,
0,1.0,267,1776146579.249172,reply,120.0,64.0,,,,,,,
0,1.0,268,1776146580.236998,reply,120.0,64.0,,,,,,,
0,1.0,269,1776146581.225108,reply,120.0,64.0,,,,,,,
0,1.0,270,1776146582.213302,reply,120.0,64.0,,,,,,,
0,1.0,271,1776146583.20094,reply,120.0,64.0,,,,,,,
0,1.0,272,1776146584.188763,reply,121.0,64.0,,,,,,,
0,1.0,273,1776146585.176144,reply,121.0,64.0,,,,,,,
0,1.0,274,1776146586.163812,reply,120.0,64.0,,,,,,,
0,1.0,275,1776146587.151125,reply,120.0,64.0,,,,,,,
0,1.0,276,1776146588.138774,reply,120.0,64.0,,,,,,,
0,1.0,277,1776146589.126729,reply,120.0,64.0,,,,,,,
0,1.0,278,1776146590.114624,reply,120.0,64.0,,,,,,,
0,1.0,279,1776146594.68006,reply,3698.0,64.0,,,,,,,
0,1.0,280,1776146595.667837,reply,120.0,64.0,,,,,,,
0,1.0,281,1776146596.6554,reply,120.0,64.0,,,,,,,
0,1.0,282,1776146597.643438,reply,120.0,64.0,,,,,,,
0,1.0,283,1776146598.631294,reply,120.0,64.0,,,,,,,
0,1.0,284,1776146599.618378,reply,121.0,64.0,,,,,,,
0,1.0,285,1776146600.604682,reply,120.0,64.0,,,,,,,
0,1.0,287,1776146602.594205,reply,120.0,64.0,,,,,,,
0,1.0,288,1776146603.581578,reply,120.0,64.0,,,,,,,
0,1.0,289,1776146604.569152,reply,120.0,64.0,,,,,,,
0,1.0,290,1776146605.556657,reply,120.0,64.0,,,,,,,
0,1.0,291,1776146606.544474,reply,120.0,64.0,,,,,,,
0,1.0,292,1776146607.53252,reply,120.0,64.0,,,,,,,
0,1.0,293,1776146608.52046,reply,120.0,64.0,,,,,,,
0,1.0,294,1776146609.50853,reply,121.0,64.0,,,,,,,
0,1.0,295,1776146610.4946,reply,120.0,64.0,,,,,,,
0,1.0,296,1776146611.481296,reply,120.0,64.0,,,,,,,
0,1.0,297,1776146612.469196,reply,120.0,64.0,,,,,,,
0,1.0,298,1776146613.457588,reply,121.0,64.0,,,,,,,
0,1.0,299,1776146614.445269,reply,120.0,64.0,,,,,,,
0,1.0,300,1776146615.433557,reply,120.0,64.0,,,,,,,
0,1.0,301,1776146616.421278,reply,120.0,64.0,,,,,,,
0,1.0,302,1776146617.409148,reply,120.0,64.0,,,,,,,
0,1.0,303,1776146618.397134,reply,120.0,64.0,,,,,,,
0,1.0,304,1776146619.385336,reply,120.0,64.0,,,,,,,
0,1.0,305,1776146620.373189,reply,121.0,64.0,,,,,,,
0,1.0,306,1776146621.359615,reply,120.0,64.0,,,,,,,
0,1.0,307,1776146622.346667,reply,120.0,64.0,,,,,,,
0,1.0,308,1776146623.333752,reply,120.0,64.0,,,,,,,
0,1.0,309,1776146624.32117,reply,120.0,64.0,,,,,,,
0,1.0,310,1776146625.308654,reply,120.0,64.0,,,,,,,
0,1.0,311,1776146626.295855,reply,120.0,64.0,,,,,,,
0,1.0,312,1776146630.870444,reply,120.0,64.0,,,,,,,
0,1.0,313,1776146631.857761,reply,120.0,64.0,,,,,,,
0,1.0,314,1776146632.845098,reply,120.0,64.0,,,,,,,
0,1.0,315,1776146633.832748,reply,120.0,64.0,,,,,,,
0,1.0,316,1776146634.819132,reply,120.0,64.0,,,,,,,
0,1.0,317,1776146635.806918,reply,120.0,64.0,,,,,,,
0,1.0,318,1776146636.794966,reply,120.0,64.0,,,,,,,
0,1.0,319,1776146637.782499,reply,120.0,64.0,,,,,,,
0,1.0,320,1776146638.769507,reply,120.0,64.0,,,,,,,
0,1.0,321,1776146639.757338,reply,120.0,64.0,,,,,,,
0,1.0,322,1776146640.745869,reply,120.0,64.0,,,,,,,
0,1.0,323,1776146641.733592,reply,120.0,64.0,,,,,,,
0,1.0,324,1776146642.721598,reply,120.0,64.0,,,,,,,
0,1.0,325,1776146643.709722,reply,120.0,64.0,,,,,,,
0,1.0,326,1776146644.696725,reply,120.0,64.0,,,,,,,
0,1.0,327,1776146645.684036,reply,120.0,64.0,,,,,,,
0,1.0,328,1776146646.670918,reply,120.0,64.0,,,,,,,
0,1.0,329,1776146647.658593,reply,120.0,64.0,,,,,,,
0,1.0,330,1776146648.645642,reply,120.0,64.0,,,,,,,
0,1.0,331,1776146649.63329,reply,120.0,64.0,,,,,,,
0,1.0,332,1776146650.620831,reply,120.0,64.0,,,,,,,
0,1.0,333,1776146651.608404,reply,120.0,64.0,,,,,,,
0,1.0,334,1776146652.596432,reply,120.0,64.0,,,,,,,
0,1.0,335,1776146653.583321,reply,120.0,64.0,,,,,,,
0,1.0,336,1776146654.569467,reply,120.0,64.0,,,,,,,
0,1.0,337,1776146655.555932,reply,120.0,64.0,,,,,,,
0,1.0,338,1776146656.54309,reply,120.0,64.0,,,,,,,
0,1.0,339,1776146657.530984,reply,120.0,64.0,,,,,,,
0,1.0,340,1776146658.518899,reply,120.0,64.0,,,,,,,
0,1.0,341,1776146659.506813,reply,120.0,64.0,,,,,,,
0,1.0,342,1776146660.494708,reply,120.0,64.0,,,,,,,
0,1.0,343,1776146661.48284,reply,120.0,64.0,,,,,,,
0,1.0,344,1776146662.470686,reply,120.0,64.0,,,,,,,
0,1.0,345,1776146667.045054,reply,120.0,64.0,,,,,,,
0,1.0,346,1776146668.032907,reply,120.0,64.0,,,,,,,
0,1.0,347,1776146669.018747,reply,120.0,64.0,,,,,,,
0,1.0,348,1776146670.005933,reply,120.0,64.0,,,,,,,
0,1.0,349,1776146670.993872,reply,120.0,64.0,,,,,,,
0,1.0,350,1776146671.981308,reply,120.0,64.0,,,,,,,
0,1.0,351,1776146672.969127,reply,120.0,64.0,,,,,,,
0,1.0,352,1776146673.956723,reply,120.0,64.0,,,,,,,
0,1.0,353,1776146674.944607,reply,121.0,64.0,,,,,,,
0,1.0,354,1776146675.931784,reply,120.0,64.0,,,,,,,
0,1.0,355,1776146676.919175,reply,120.0,64.0,,,,,,,
0,1.0,356,1776146677.906949,reply,120.0,64.0,,,,,,,
0,1.0,357,1776146678.894028,reply,120.0,64.0,,,,,,,
0,1.0,358,1776146679.881668,reply,120.0,64.0,,,,,,,
0,1.0,359,1776146680.869499,reply,120.0,64.0,,,,,,,
0,1.0,360,1776146681.857742,reply,120.0,64.0,,,,,,,
0,1.0,361,1776146682.846103,reply,121.0,64.0,,,,,,,
0,1.0,362,1776146683.833353,reply,121.0,64.0,,,,,,,
0,1.0,363,1776146684.82104,reply,121.0,64.0,,,,,,,
0,1.0,364,1776146685.808524,reply,120.0,64.0,,,,,,,
0,1.0,365,1776146686.796455,reply,121.0,64.0,,,,,,,
0,1.0,366,1776146687.784258,reply,120.0,64.0,,,,,,,
0,1.0,367,1776146688.770603,reply,120.0,64.0,,,,,,,
0,1.0,368,1776146689.757539,reply,120.0,64.0,,,,,,,
0,1.0,369,1776146690.746492,reply,121.0,64.0,,,,,,,
0,1.0,370,1776146691.734399,reply,121.0,64.0,,,,,,,
0,1.0,371,1776146692.721866,reply,120.0,64.0,,,,,,,
0,1.0,372,1776146693.709531,reply,121.0,64.0,,,,,,,
0,1.0,373,1776146694.696945,reply,120.0,64.0,,,,,,,
0,1.0,374,1776146695.684682,reply,120.0,64.0,,,,,,,
0,1.0,375,1776146696.673092,reply,120.0,64.0,,,,,,,
0,1.0,376,1776146697.66143,reply,120.0,64.0,,,,,,,
0,1.0,377,1776146702.235788,reply,120.0,64.0,,,,,,,
0,1.0,378,1776146703.223303,reply,120.0,64.0,,,,,,,
0,1.0,379,1776146704.211395,reply,120.0,64.0,,,,,,,
0,1.0,380,1776146705.200008,reply,120.0,64.0,,,,,,,
0,1.0,381,1776146706.187589,reply,121.0,64.0,,,,,,,
0,1.0,382,1776146707.174177,reply,120.0,64.0,,,,,,,
0,1.0,383,1776146708.160569,reply,120.0,64.0,,,,,,,
0,1.0,384,1776146709.147916,reply,120.0,64.0,,,,,,,
0,1.0,385,1776146710.135426,reply,121.0,64.0,,,,,,,
0,1.0,386,1776146711.12292,reply,120.0,64.0,,,,,,,
0,1.0,387,1776146712.110627,reply,120.0,64.0,,,,,,,
0,1.0,388,1776146713.097154,reply,120.0,64.0,,,,,,,
0,1.0,389,1776146714.085497,reply,121.0,64.0,,,,,,,
0,1.0,390,1776146715.073087,reply,120.0,64.0,,,,,,,
0,1.0,391,1776146716.061057,reply,120.0,64.0,,,,,,,
0,1.0,392,1776146717.0485,reply,120.0,64.0,,,,,,,
0,1.0,393,1776146718.03628,reply,120.0,64.0,,,,,,,
0,1.0,394,1776146719.023245,reply,120.0,64.0,,,,,,,
0,1.0,395,1776146720.010958,reply,120.0,64.0,,,,,,,
0,1.0,396,1776146720.998765,reply,120.0,64.0,,,,,,,
0,1.0,397,1776146721.986376,reply,120.0,64.0,,,,,,,
0,1.0,398,1776146722.972715,reply,120.0,64.0,,,,,,,
0,1.0,399,1776146723.960329,reply,120.0,64.0,,,,,,,
0,1.0,400,1776146724.948217,reply,120.0,64.0,,,,,,,
0,1.0,401,1776146725.935751,reply,120.0,64.0,,,,,,,
0,1.0,402,1776146726.92369,reply,120.0,64.0,,,,,,,
0,1.0,403,1776146727.910882,reply,120.0,64.0,,,,,,,
0,1.0,404,1776146728.898336,reply,120.0,64.0,,,,,,,
0,1.0,405,1776146729.885435,reply,120.0,64.0,,,,,,,
0,1.0,406,1776146730.873245,reply,120.0,64.0,,,,,,,
0,1.0,407,1776146731.861034,reply,120.0,64.0,,,,,,,
0,1.0,408,1776146732.847734,reply,120.0,64.0,,,,,,,
0,1.0,409,1776146733.83424,reply,120.0,64.0,,,,,,,
0,1.0,410,1776146738.402726,reply,121.0,64.0,,,,,,,
0,1.0,411,1776146739.390065,reply,120.0,64.0,,,,,,,
0,1.0,412,1776146740.378393,reply,120.0,64.0,,,,,,,
0,1.0,413,1776146741.365603,reply,120.0,64.0,,,,,,,
0,1.0,414,1776146742.354012,reply,121.0,64.0,,,,,,,
0,1.0,415,1776146743.341386,reply,120.0,64.0,,,,,,,
0,1.0,416,1776146744.329875,reply,121.0,64.0,,,,,,,
0,1.0,417,1776146745.317239,reply,120.0,64.0,,,,,,,
0,1.0,418,1776146746.306077,reply,121.0,64.0,,,,,,,
0,1.0,419,1776146747.29254,reply,120.0,64.0,,,,,,,
0,1.0,420,1776146748.27971,reply,120.0,64.0,,,,,,,
0,1.0,421,1776146749.267841,reply,120.0,64.0,,,,,,,
0,1.0,422,1776146750.256839,reply,121.0,64.0,,,,,,,
0,1.0,423,1776146751.243912,reply,120.0,64.0,,,,,,,
0,1.0,424,1776146752.232093,reply,120.0,64.0,,,,,,,
0,1.0,425,1776146753.219899,reply,121.0,64.0,,,,,,,
0,1.0,SUMMARY,,summary,,,,,,,,,
0,1.0,1,1776147257.984805,reply,120.0,64.0,,,,,,,
0,1.0,2,1776147258.9719,reply,120.0,64.0,,,,,,,
0,1.0,3,1776147259.960064,reply,121.0,64.0,,,,,,,
0,1.0,4,1776147260.947735,reply,121.0,64.0,,,,,,,
0,1.0,5,1776147261.935137,reply,120.0,64.0,,,,,,,
0,1.0,6,1776147262.922896,reply,120.0,64.0,,,,,,,
0,1.0,7,1776147263.91059,reply,120.0,64.0,,,,,,,
0,1.0,8,1776147264.897131,reply,120.0,64.0,,,,,,,
0,1.0,9,1776147265.885146,reply,120.0,64.0,,,,,,,
0,1.0,10,1776147266.873592,reply,120.0,64.0,,,,,,,
0,1.0,11,1776147267.86126,reply,120.0,64.0,,,,,,,
0,1.0,12,1776147268.848337,reply,120.0,64.0,,,,,,,
0,1.0,13,1776147269.835265,reply,120.0,64.0,,,,,,,
0,1.0,14,1776147274.404342,reply,120.0,64.0,,,,,,,
0,1.0,15,1776147275.392364,reply,120.0,64.0,,,,,,,
0,1.0,16,1776147276.379926,reply,120.0,64.0,,,,,,,
0,1.0,17,1776147277.367689,reply,120.0,64.0,,,,,,,
0,1.0,18,1776147278.355394,reply,120.0,64.0,,,,,,,
0,1.0,19,1776147279.343601,reply,120.0,64.0,,,,,,,
0,1.0,20,1776147280.330919,reply,120.0,64.0,,,,,,,
0,1.0,22,1776147282.341566,reply,121.0,64.0,,,,,,,
0,1.0,23,1776147283.329705,reply,121.0,64.0,,,,,,,
0,1.0,25,1776147285.349212,reply,120.0,64.0,,,,,,,
0,1.0,26,1776147286.336311,reply,120.0,64.0,,,,,,,
0,1.0,27,1776147287.323689,reply,120.0,64.0,,,,,,,
0,1.0,28,1776147288.310974,reply,120.0,64.0,,,,,,,
0,1.0,29,1776147289.298242,reply,120.0,64.0,,,,,,,
0,1.0,30,1776147290.286259,reply,120.0,64.0,,,,,,,
0,1.0,31,1776147291.273546,reply,120.0,64.0,,,,,,,
0,1.0,32,1776147292.259999,reply,120.0,64.0,,,,,,,
0,1.0,33,1776147293.24821,reply,120.0,64.0,,,,,,,
0,1.0,34,1776147294.236034,reply,120.0,64.0,,,,,,,
0,1.0,35,1776147295.223989,reply,120.0,64.0,,,,,,,
0,1.0,36,1776147296.211334,reply,120.0,64.0,,,,,,,
0,1.0,37,1776147297.198823,reply,120.0,64.0,,,,,,,
0,1.0,38,1776147298.187244,reply,121.0,64.0,,,,,,,
0,1.0,39,1776147299.174126,reply,120.0,64.0,,,,,,,
0,1.0,40,1776147300.162096,reply,120.0,64.0,,,,,,,
0,1.0,41,1776147301.14963,reply,120.0,64.0,,,,,,,
0,1.0,42,1776147302.136444,reply,120.0,64.0,,,,,,,
0,1.0,43,1776147303.124756,reply,120.0,64.0,,,,,,,
0,1.0,44,1776147305.057108,reply,120.0,64.0,,,,,,,
0,1.0,45,1776147309.633661,reply,3709.0,64.0,,,,,,,
0,1.0,46,1776147310.620388,reply,120.0,64.0,,,,,,,
0,1.0,47,1776147311.607613,reply,120.0,64.0,,,,,,,
0,1.0,49,1776147313.609927,reply,120.0,64.0,,,,,,,
0,1.0,51,1776147315.626155,reply,120.0,64.0,,,,,,,
0,1.0,52,1776147316.61371,reply,120.0,64.0,,,,,,,
0,1.0,53,1776147317.601494,reply,120.0,64.0,,,,,,,
0,1.0,54,1776147318.589076,reply,120.0,64.0,,,,,,,
0,1.0,55,1776147319.576145,reply,120.0,64.0,,,,,,,
0,1.0,56,1776147320.563657,reply,120.0,64.0,,,,,,,
0,1.0,58,1776147323.498047,reply,120.0,64.0,,,,,,,
0,1.0,59,1776147324.486341,reply,120.0,64.0,,,,,,,
0,1.0,62,1776147327.49806,reply,120.0,64.0,,,,,,,
0,1.0,63,1776147328.486214,reply,120.0,64.0,,,,,,,
0,1.0,64,1776147329.474246,reply,120.0,64.0,,,,,,,
0,1.0,65,1776147330.462708,reply,120.0,64.0,,,,,,,
0,1.0,66,1776147331.452245,reply,122.0,64.0,,,,,,,
0,1.0,67,1776147333.381504,reply,120.0,64.0,,,,,,,
0,1.0,68,1776147334.3689,reply,120.0,64.0,,,,,,,
0,1.0,69,1776147335.361996,reply,125.0,64.0,,,,,,,
0,1.0,70,1776147336.342791,reply,120.0,64.0,,,,,,,
0,1.0,72,1776147338.34596,reply,120.0,64.0,,,,,,,
0,1.0,74,1776147340.362009,reply,120.0,64.0,,,,,,,
0,1.0,75,1776147341.35044,reply,120.0,64.0,,,,,,,
0,1.0,76,1776147345.911002,reply,121.0,64.0,,,,,,,
0,1.0,77,1776147346.898212,reply,120.0,64.0,,,,,,,
0,1.0,78,1776147347.886673,reply,120.0,64.0,,,,,,,
0,1.0,79,1776147348.872988,reply,120.0,64.0,,,,,,,
0,1.0,80,1776147349.859989,reply,120.0,64.0,,,,,,,
0,1.0,81,1776147350.846724,reply,120.0,64.0,,,,,,,
0,1.0,82,1776147351.834742,reply,120.0,64.0,,,,,,,
0,1.0,83,1776147354.712776,reply,120.0,64.0,,,,,,,
0,1.0,84,1776147356.645504,reply,121.0,64.0,,,,,,,
0,1.0,85,1776147357.632823,reply,120.0,64.0,,,,,,,
0,1.0,86,1776147358.619898,reply,120.0,64.0,,,,,,,
0,1.0,87,1776147360.551442,reply,120.0,64.0,,,,,,,
0,1.0,88,1776147361.537903,reply,120.0,64.0,,,,,,,
0,1.0,90,1776147363.55022,reply,120.0,64.0,,,,,,,
0,1.0,92,1776147365.566286,reply,120.0,64.0,,,,,,,
0,1.0,93,1776147367.49804,reply,120.0,64.0,,,,,,,
0,1.0,94,1776147368.485656,reply,120.0,64.0,,,,,,,
0,1.0,95,1776147372.306943,reply,120.0,64.0,,,,,,,
0,1.0,97,1776147374.302246,reply,120.0,64.0,,,,,,,
0,1.0,98,1776147376.236624,reply,122.0,64.0,,,,,,,
0,1.0,99,1776147377.222849,reply,120.0,64.0,,,,,,,
0,1.0,100,1776147382.751407,reply,120.0,64.0,,,,,,,
0,1.0,101,1776147384.687009,reply,123.0,64.0,,,,,,,
0,1.0,102,1776147385.670736,reply,120.0,64.0,,,,,,,
0,1.0,103,1776147386.657825,reply,120.0,64.0,,,,,,,
0,1.0,104,1776147387.644457,reply,120.0,64.0,,,,,,,
0,1.0,105,1776147389.578219,reply,120.0,64.0,,,,,,,
0,1.0,106,1776147390.565864,reply,120.0,64.0,,,,,,,
0,1.0,107,1776147391.553846,reply,120.0,64.0,,,,,,,
0,1.0,108,1776147392.54182,reply,120.0,64.0,,,,,,,
0,1.0,109,1776147393.52978,reply,120.0,64.0,,,,,,,
0,1.0,110,1776147394.517938,reply,120.0,64.0,,,,,,,
0,1.0,111,1776147395.506036,reply,120.0,64.0,,,,,,,
0,1.0,112,1776147396.49289,reply,120.0,64.0,,,,,,,
0,1.0,113,1776147397.480205,reply,120.0,64.0,,,,,,,
0,1.0,114,1776147400.356302,reply,120.0,64.0,,,,,,,
0,1.0,116,1776147403.306257,reply,120.0,64.0,,,,,,,
0,1.0,117,1776147405.23835,reply,120.0,64.0,,,,,,,
0,1.0,118,1776147406.226614,reply,120.0,64.0,,,,,,,
0,1.0,119,1776147408.15882,reply,120.0,64.0,,,,,,,
0,1.0,120,1776147410.090501,reply,120.0,64.0,,,,,,,
0,1.0,121,1776147411.078146,reply,120.0,64.0,,,,,,,
0,1.0,122,1776147412.066309,reply,120.0,64.0,,,,,,,
0,1.0,123,1776147413.05368,reply,120.0,64.0,,,,,,,
0,1.0,124,1776147417.625495,reply,120.0,64.0,,,,,,,
0,1.0,125,1776147418.613515,reply,120.0,64.0,,,,,,,
0,1.0,126,1776147419.600968,reply,120.0,64.0,,,,,,,
0,1.0,127,1776147420.58826,reply,120.0,64.0,,,,,,,
0,1.0,128,1776147421.575679,reply,120.0,64.0,,,,,,,
0,1.0,129,1776147422.563056,reply,120.0,64.0,,,,,,,
0,1.0,130,1776147423.549836,reply,120.0,64.0,,,,,,,
0,1.0,131,1776147424.536172,reply,120.0,64.0,,,,,,,
0,1.0,133,1776147426.538019,reply,120.0,64.0,,,,,,,
0,1.0,134,1776147427.525196,reply,120.0,64.0,,,,,,,
0,1.0,135,1776147428.512386,reply,120.0,64.0,,,,,,,
0,1.0,136,1776147429.500126,reply,120.0,64.0,,,,,,,
0,1.0,137,1776147430.487269,reply,120.0,64.0,,,,,,,
0,1.0,138,1776147431.474644,reply,120.0,64.0,,,,,,,
0,1.0,139,1776147432.462793,reply,120.0,64.0,,,,,,,
0,1.0,140,1776147433.44925,reply,120.0,64.0,,,,,,,
0,1.0,141,1776147434.439894,reply,124.0,64.0,,,,,,,
0,1.0,142,1776147435.423012,reply,120.0,64.0,,,,,,,
0,1.0,143,1776147436.411447,reply,120.0,64.0,,,,,,,
0,1.0,144,1776147437.398851,reply,120.0,64.0,,,,,,,
0,1.0,146,1776147439.402078,reply,120.0,64.0,,,,,,,
0,1.0,147,1776147440.389482,reply,120.0,64.0,,,,,,,
0,1.0,148,1776147441.377785,reply,120.0,64.0,,,,,,,
0,1.0,149,1776147442.365751,reply,120.0,64.0,,,,,,,
0,1.0,150,1776147443.352261,reply,120.0,64.0,,,,,,,
0,1.0,151,1776147444.338211,reply,120.0,64.0,,,,,,,
0,1.0,152,1776147445.326637,reply,120.0,64.0,,,,,,,
0,1.0,153,1776147446.314975,reply,120.0,64.0,,,,,,,
0,1.0,154,1776147447.302785,reply,120.0,64.0,,,,,,,
0,1.0,155,1776147448.294432,reply,124.0,64.0,,,,,,,
0,1.0,156,1776147449.277684,reply,120.0,64.0,,,,,,,
0,1.0,157,1776147453.843482,reply,120.0,64.0,,,,,,,
0,1.0,158,1776147454.83105,reply,120.0,64.0,,,,,,,
0,1.0,159,1776147455.818407,reply,120.0,64.0,,,,,,,
0,1.0,160,1776147456.806914,reply,120.0,64.0,,,,,,,
0,1.0,161,1776147457.793605,reply,120.0,64.0,,,,,,,
0,1.0,162,1776147458.781234,reply,120.0,64.0,,,,,,,
0,1.0,163,1776147459.768692,reply,120.0,64.0,,,,,,,
0,1.0,164,1776147460.761337,reply,125.0,64.0,,,,,,,
0,1.0,165,1776147461.744033,reply,120.0,64.0,,,,,,,
0,1.0,166,1776147462.731924,reply,120.0,64.0,,,,,,,
0,1.0,167,1776147463.719678,reply,121.0,64.0,,,,,,,
0,1.0,168,1776147464.707895,reply,120.0,64.0,,,,,,,
0,1.0,170,1776147466.723863,reply,120.0,64.0,,,,,,,
0,1.0,171,1776147467.71075,reply,120.0,64.0,,,,,,,
0,1.0,172,1776147468.698789,reply,120.0,64.0,,,,,,,
0,1.0,173,1776147469.686331,reply,120.0,64.0,,,,,,,
0,1.0,174,1776147470.674362,reply,120.0,64.0,,,,,,,
0,1.0,175,1776147471.661855,reply,120.0,64.0,,,,,,,
0,1.0,176,1776147472.649767,reply,120.0,64.0,,,,,,,
0,1.0,177,1776147473.637352,reply,120.0,64.0,,,,,,,
0,1.0,178,1776147474.624839,reply,120.0,64.0,,,,,,,
0,1.0,179,1776147475.612625,reply,120.0,64.0,,,,,,,
0,1.0,180,1776147476.600465,reply,120.0,64.0,,,,,,,
0,1.0,181,1776147477.587331,reply,120.0,64.0,,,,,,,
0,1.0,182,1776147478.574943,reply,120.0,64.0,,,,,,,
0,1.0,183,1776147479.561836,reply,120.0,64.0,,,,,,,
0,1.0,184,1776147480.549114,reply,120.0,64.0,,,,,,,
0,1.0,185,1776147481.536262,reply,120.0,64.0,,,,,,,
0,1.0,186,1776147482.523611,reply,120.0,64.0,,,,,,,
0,1.0,187,1776147483.511262,reply,120.0,64.0,,,,,,,
0,1.0,188,1776147484.499228,reply,121.0,64.0,,,,,,,
0,1.0,189,1776147489.074009,reply,121.0,64.0,,,,,,,
0,1.0,190,1776147490.061246,reply,120.0,64.0,,,,,,,
0,1.0,191,1776147491.047267,reply,120.0,64.0,,,,,,,
0,1.0,192,1776147492.034644,reply,120.0,64.0,,,,,,,
0,1.0,193,1776147493.022196,reply,120.0,64.0,,,,,,,
0,1.0,194,1776147494.009521,reply,120.0,64.0,,,,,,,
0,1.0,195,1776147494.997078,reply,120.0,64.0,,,,,,,
0,1.0,196,1776147495.98424,reply,120.0,64.0,,,,,,,
0,1.0,197,1776147496.972393,reply,120.0,64.0,,,,,,,
0,1.0,198,1776147497.959866,reply,120.0,64.0,,,,,,,
0,1.0,199,1776147498.947842,reply,120.0,64.0,,,,,,,
0,1.0,200,1776147499.935272,reply,120.0,64.0,,,,,,,
0,1.0,201,1776147500.922704,reply,120.0,64.0,,,,,,,
0,1.0,202,1776147501.909234,reply,120.0,64.0,,,,,,,
0,1.0,203,1776147502.897092,reply,120.0,64.0,,,,,,,
0,1.0,205,1776147504.903271,reply,120.0,64.0,,,,,,,
0,1.0,206,1776147505.890225,reply,120.0,64.0,,,,,,,
0,1.0,207,1776147506.877697,reply,120.0,64.0,,,,,,,
0,1.0,208,1776147507.865612,reply,120.0,64.0,,,,,,,
0,1.0,209,1776147508.853251,reply,121.0,64.0,,,,,,,
0,1.0,210,1776147509.840344,reply,120.0,64.0,,,,,,,
0,1.0,211,1776147510.826376,reply,120.0,64.0,,,,,,,
0,1.0,212,1776147511.812899,reply,120.0,64.0,,,,,,,
0,1.0,213,1776147512.800282,reply,120.0,64.0,,,,,,,
0,1.0,214,1776147513.787647,reply,120.0,64.0,,,,,,,
0,1.0,215,1776147514.775732,reply,121.0,64.0,,,,,,,
0,1.0,217,1776147516.775281,reply,120.0,64.0,,,,,,,
0,1.0,218,1776147517.763397,reply,121.0,64.0,,,,,,,
0,1.0,219,1776147518.750999,reply,120.0,64.0,,,,,,,
0,1.0,220,1776147519.739384,reply,121.0,64.0,,,,,,,
0,1.0,221,1776147520.725943,reply,120.0,64.0,,,,,,,
0,1.0,222,1776147525.279188,reply,120.0,64.0,,,,,,,
0,1.0,223,1776147526.267857,reply,120.0,64.0,,,,,,,
0,1.0,225,1776147528.277819,reply,120.0,64.0,,,,,,,
0,1.0,226,1776147529.265325,reply,120.0,64.0,,,,,,,
0,1.0,227,1776147530.252907,reply,120.0,64.0,,,,,,,
0,1.0,228,1776147531.238009,reply,120.0,64.0,,,,,,,
0,1.0,229,1776147532.225383,reply,120.0,64.0,,,,,,,
0,1.0,230,1776147533.213124,reply,120.0,64.0,,,,,,,
0,1.0,231,1776147534.199301,reply,120.0,64.0,,,,,,,
0,1.0,232,1776147535.185967,reply,120.0,64.0,,,,,,,
0,1.0,233,1776147536.173939,reply,121.0,64.0,,,,,,,
0,1.0,234,1776147537.162039,reply,121.0,64.0,,,,,,,
0,1.0,235,1776147538.14866,reply,120.0,64.0,,,,,,,
0,1.0,236,1776147539.137038,reply,120.0,64.0,,,,,,,
0,1.0,237,1776147540.123852,reply,120.0,64.0,,,,,,,
0,1.0,238,1776147541.111578,reply,120.0,64.0,,,,,,,
0,1.0,239,1776147542.099515,reply,120.0,64.0,,,,,,,
0,1.0,240,1776147543.086529,reply,120.0,64.0,,,,,,,
0,1.0,241,1776147544.073449,reply,120.0,64.0,,,,,,,
0,1.0,242,1776147545.060858,reply,120.0,64.0,,,,,,,
0,1.0,243,1776147546.04927,reply,120.0,64.0,,,,,,,
0,1.0,244,1776147547.037692,reply,120.0,64.0,,,,,,,
0,1.0,245,1776147548.025695,reply,120.0,64.0,,,,,,,
0,1.0,246,1776147549.014108,reply,121.0,64.0,,,,,,,
0,1.0,247,1776147550.001267,reply,120.0,64.0,,,,,,,
0,1.0,248,1776147550.989122,reply,121.0,64.0,,,,,,,
0,1.0,249,1776147551.975596,reply,120.0,64.0,,,,,,,
0,1.0,251,1776147553.973904,reply,120.0,64.0,,,,,,,
0,1.0,252,1776147554.960834,reply,120.0,64.0,,,,,,,
0,1.0,253,1776147555.947941,reply,120.0,64.0,,,,,,,
0,1.0,254,1776147560.529528,reply,3714.0,64.0,,,,,,,
0,1.0,255,1776147561.517091,reply,120.0,64.0,,,,,,,
0,1.0,256,1776147562.504474,reply,120.0,64.0,,,,,,,
0,1.0,257,1776147563.492587,reply,121.0,64.0,,,,,,,
0,1.0,258,1776147564.479431,reply,120.0,64.0,,,,,,,
0,1.0,259,1776147565.466875,reply,120.0,64.0,,,,,,,
0,1.0,260,1776147566.454886,reply,121.0,64.0,,,,,,,
0,1.0,261,1776147567.442899,reply,120.0,64.0,,,,,,,
0,1.0,262,1776147568.429184,reply,120.0,64.0,,,,,,,
0,1.0,263,1776147569.416498,reply,120.0,64.0,,,,,,,
0,1.0,264,1776147570.404106,reply,121.0,64.0,,,,,,,
0,1.0,265,1776147571.391481,reply,120.0,64.0,,,,,,,
0,1.0,266,1776147572.37935,reply,120.0,64.0,,,,,,,
0,1.0,267,1776147573.367257,reply,120.0,64.0,,,,,,,
0,1.0,268,1776147574.353634,reply,120.0,64.0,,,,,,,
0,1.0,269,1776147575.340951,reply,120.0,64.0,,,,,,,
0,1.0,270,1776147576.32887,reply,120.0,64.0,,,,,,,
0,1.0,271,1776147577.31659,reply,120.0,64.0,,,,,,,
0,1.0,272,1776147578.303728,reply,121.0,64.0,,,,,,,
0,1.0,273,1776147579.290432,reply,120.0,64.0,,,,,,,
0,1.0,274,1776147580.27848,reply,120.0,64.0,,,,,,,
0,1.0,275,1776147581.265899,reply,120.0,64.0,,,,,,,
0,1.0,276,1776147582.251869,reply,120.0,64.0,,,,,,,
0,1.0,277,1776147583.239755,reply,120.0,64.0,,,,,,,
0,1.0,278,1776147584.227649,reply,120.0,64.0,,,,,,,
0,1.0,279,1776147585.214897,reply,120.0,64.0,,,,,,,
0,1.0,280,1776147586.202262,reply,120.0,64.0,,,,,,,
0,1.0,281,1776147587.189604,reply,120.0,64.0,,,,,,,
0,1.0,282,1776147588.187999,reply,133.0,64.0,,,,,,,
0,1.0,283,1776147589.160892,reply,120.0,64.0,,,,,,,
0,1.0,284,1776147590.148169,reply,120.0,64.0,,,,,,,
0,1.0,285,1776147591.135552,reply,120.0,64.0,,,,,,,
0,1.0,286,1776147592.123561,reply,120.0,64.0,,,,,,,
0,1.0,287,1776147596.696488,reply,120.0,64.0,,,,,,,
0,1.0,288,1776147597.684258,reply,120.0,64.0,,,,,,,
0,1.0,289,1776147598.67132,reply,120.0,64.0,,,,,,,
0,1.0,290,1776147599.659303,reply,120.0,64.0,,,,,,,
0,1.0,291,1776147600.64655,reply,120.0,64.0,,,,,,,
0,1.0,292,1776147601.634149,reply,120.0,64.0,,,,,,,
0,1.0,293,1776147602.620631,reply,120.0,64.0,,,,,,,
0,1.0,294,1776147603.608254,reply,120.0,64.0,,,,,,,
0,1.0,295,1776147604.596012,reply,120.0,64.0,,,,,,,
0,1.0,296,1776147605.583422,reply,121.0,64.0,,,,,,,
0,1.0,297,1776147606.57069,reply,120.0,64.0,,,,,,,
0,1.0,298,1776147607.557621,reply,120.0,64.0,,,,,,,
0,1.0,299,1776147608.545682,reply,121.0,64.0,,,,,,,
0,1.0,300,1776147609.532613,reply,120.0,64.0,,,,,,,
0,1.0,301,1776147610.520026,reply,120.0,64.0,,,,,,,
0,1.0,302,1776147611.508579,reply,120.0,64.0,,,,,,,
0,1.0,303,1776147612.495354,reply,120.0,64.0,,,,,,,
0,1.0,304,1776147613.483388,reply,120.0,64.0,,,,,,,
0,1.0,305,1776147614.47115,reply,120.0,64.0,,,,,,,
0,1.0,306,1776147615.458855,reply,120.0,64.0,,,,,,,
0,1.0,307,1776147616.447206,reply,121.0,64.0,,,,,,,
0,1.0,308,1776147617.435036,reply,120.0,64.0,,,,,,,
0,1.0,309,1776147618.423075,reply,120.0,64.0,,,,,,,
0,1.0,310,1776147619.411013,reply,121.0,64.0,,,,,,,
0,1.0,311,1776147620.39797,reply,120.0,64.0,,,,,,,
0,1.0,312,1776147621.385048,reply,120.0,64.0,,,,,,,
0,1.0,313,1776147622.37103,reply,120.0,64.0,,,,,,,
0,1.0,314,1776147623.356761,reply,120.0,64.0,,,,,,,
0,1.0,315,1776147624.344725,reply,120.0,64.0,,,,,,,
0,1.0,316,1776147625.332497,reply,120.0,64.0,,,,,,,
0,1.0,317,1776147626.320475,reply,120.0,64.0,,,,,,,
0,1.0,318,1776147627.308991,reply,121.0,64.0,,,,,,,
0,1.0,319,1776147628.297254,reply,121.0,64.0,,,,,,,
0,1.0,320,1776147632.868836,reply,120.0,64.0,,,,,,,
0,1.0,321,1776147633.856672,reply,120.0,64.0,,,,,,,
0,1.0,322,1776147634.84406,reply,120.0,64.0,,,,,,,
0,1.0,323,1776147635.83199,reply,120.0,64.0,,,,,,,
0,1.0,324,1776147636.81822,reply,120.0,64.0,,,,,,,
0,1.0,325,1776147637.805372,reply,120.0,64.0,,,,,,,
0,1.0,326,1776147638.792832,reply,120.0,64.0,,,,,,,
0,1.0,327,1776147639.780686,reply,120.0,64.0,,,,,,,
0,1.0,329,1776147641.792625,reply,120.0,64.0,,,,,,,
0,1.0,330,1776147642.780361,reply,120.0,64.0,,,,,,,
0,1.0,332,1776147644.768471,reply,120.0,64.0,,,,,,,
0,1.0,333,1776147645.754247,reply,120.0,64.0,,,,,,,
0,1.0,334,1776147646.741403,reply,120.0,64.0,,,,,,,
0,1.0,335,1776147647.729124,reply,120.0,64.0,,,,,,,
0,1.0,336,1776147648.717159,reply,120.0,64.0,,,,,,,
0,1.0,337,1776147649.704939,reply,120.0,64.0,,,,,,,
0,1.0,338,1776147650.692474,reply,120.0,64.0,,,,,,,
0,1.0,339,1776147651.680321,reply,120.0,64.0,,,,,,,
0,1.0,340,1776147652.668055,reply,120.0,64.0,,,,,,,
0,1.0,341,1776147653.655755,reply,120.0,64.0,,,,,,,
0,1.0,342,1776147654.643398,reply,120.0,64.0,,,,,,,
0,1.0,343,1776147655.631439,reply,120.0,64.0,,,,,,,
0,1.0,344,1776147656.618231,reply,120.0,64.0,,,,,,,
0,1.0,345,1776147657.606189,reply,120.0,64.0,,,,,,,
0,1.0,346,1776147658.593714,reply,120.0,64.0,,,,,,,
0,1.0,347,1776147659.581985,reply,121.0,64.0,,,,,,,
0,1.0,348,1776147660.570068,reply,120.0,64.0,,,,,,,
0,1.0,349,1776147661.557095,reply,120.0,64.0,,,,,,,
0,1.0,350,1776147662.544525,reply,120.0,64.0,,,,,,,
0,1.0,351,1776147663.532628,reply,120.0,64.0,,,,,,,
0,1.0,352,1776147668.101099,reply,120.0,64.0,,,,,,,
0,1.0,353,1776147669.088282,reply,120.0,64.0,,,,,,,
0,1.0,354,1776147670.075208,reply,120.0,64.0,,,,,,,
0,1.0,355,1776147671.062663,reply,120.0,64.0,,,,,,,
0,1.0,356,1776147672.049985,reply,120.0,64.0,,,,,,,
0,1.0,357,1776147673.037519,reply,120.0,64.0,,,,,,,
0,1.0,358,1776147674.025266,reply,120.0,64.0,,,,,,,
0,1.0,359,1776147675.013008,reply,120.0,64.0,,,,,,,
0,1.0,360,1776147676.000681,reply,120.0,64.0,,,,,,,
0,1.0,361,1776147676.988299,reply,120.0,64.0,,,,,,,
0,1.0,362,1776147677.975575,reply,120.0,64.0,,,,,,,
0,1.0,363,1776147678.963108,reply,120.0,64.0,,,,,,,
0,1.0,364,1776147679.950012,reply,120.0,64.0,,,,,,,
0,1.0,365,1776147680.936758,reply,120.0,64.0,,,,,,,
0,1.0,366,1776147681.923893,reply,120.0,64.0,,,,,,,
0,1.0,367,1776147682.910984,reply,120.0,64.0,,,,,,,
0,1.0,368,1776147683.898128,reply,120.0,64.0,,,,,,,
0,1.0,369,1776147684.885324,reply,120.0,64.0,,,,,,,
0,1.0,370,1776147685.872808,reply,120.0,64.0,,,,,,,
0,1.0,371,1776147686.860351,reply,120.0,64.0,,,,,,,
0,1.0,372,1776147687.848398,reply,121.0,64.0,,,,,,,
0,1.0,373,1776147688.835595,reply,120.0,64.0,,,,,,,
0,1.0,374,1776147689.821558,reply,120.0,64.0,,,,,,,
0,1.0,375,1776147690.807894,reply,120.0,64.0,,,,,,,
0,1.0,376,1776147691.795675,reply,120.0,64.0,,,,,,,
0,1.0,377,1776147692.783008,reply,120.0,64.0,,,,,,,
0,1.0,378,1776147693.770116,reply,120.0,64.0,,,,,,,
0,1.0,379,1776147694.758059,reply,120.0,64.0,,,,,,,
0,1.0,380,1776147695.745877,reply,120.0,64.0,,,,,,,
0,1.0,381,1776147696.733473,reply,120.0,64.0,,,,,,,
0,1.0,382,1776147697.721146,reply,120.0,64.0,,,,,,,
0,1.0,383,1776147698.708748,reply,120.0,64.0,,,,,,,
0,1.0,384,1776147699.696736,reply,120.0,64.0,,,,,,,
0,1.0,385,1776147704.270561,reply,120.0,64.0,,,,,,,
0,1.0,386,1776147705.258622,reply,120.0,64.0,,,,,,,
0,1.0,387,1776147706.246177,reply,120.0,64.0,,,,,,,
0,1.0,388,1776147707.234143,reply,120.0,64.0,,,,,,,
0,1.0,389,1776147708.222294,reply,120.0,64.0,,,,,,,
0,1.0,390,1776147709.20954,reply,120.0,64.0,,,,,,,
0,1.0,391,1776147710.196881,reply,120.0,64.0,,,,,,,
0,1.0,392,1776147711.184698,reply,120.0,64.0,,,,,,,
0,1.0,393,1776147712.172231,reply,120.0,64.0,,,,,,,
0,1.0,394,1776147713.159515,reply,120.0,64.0,,,,,,,
0,1.0,395,1776147714.145961,reply,120.0,64.0,,,,,,,
0,1.0,396,1776147715.133646,reply,120.0,64.0,,,,,,,
0,1.0,397,1776147716.121518,reply,120.0,64.0,,,,,,,
0,1.0,398,1776147717.109176,reply,120.0,64.0,,,,,,,
0,1.0,399,1776147718.096437,reply,120.0,64.0,,,,,,,
0,1.0,400,1776147719.084493,reply,120.0,64.0,,,,,,,
0,1.0,401,1776147720.072192,reply,120.0,64.0,,,,,,,
0,1.0,402,1776147721.05963,reply,120.0,64.0,,,,,,,
0,1.0,403,1776147722.046647,reply,120.0,64.0,,,,,,,
0,1.0,404,1776147723.034074,reply,120.0,64.0,,,,,,,
0,1.0,405,1776147724.020393,reply,120.0,64.0,,,,,,,
0,1.0,406,1776147725.006989,reply,120.0,64.0,,,,,,,
0,1.0,407,1776147725.994615,reply,120.0,64.0,,,,,,,
0,1.0,408,1776147726.982277,reply,120.0,64.0,,,,,,,
0,1.0,409,1776147727.970159,reply,120.0,64.0,,,,,,,
0,1.0,410,1776147728.957441,reply,120.0,64.0,,,,,,,
0,1.0,411,1776147729.944741,reply,120.0,64.0,,,,,,,
0,1.0,412,1776147730.932075,reply,120.0,64.0,,,,,,,
0,1.0,413,1776147731.919836,reply,120.0,64.0,,,,,,,
0,1.0,414,1776147732.90757,reply,120.0,64.0,,,,,,,
0,1.0,415,1776147733.895475,reply,121.0,64.0,,,,,,,
0,1.0,416,1776147734.882229,reply,120.0,64.0,,,,,,,
0,1.0,417,1776147735.869811,reply,120.0,64.0,,,,,,,
0,1.0,418,1776147740.440657,reply,120.0,64.0,,,,,,,
0,1.0,419,1776147741.429009,reply,120.0,64.0,,,,,,,
0,1.0,420,1776147742.416956,reply,120.0,64.0,,,,,,,
0,1.0,421,1776147743.404636,reply,120.0,64.0,,,,,,,
0,1.0,422,1776147744.391783,reply,120.0,64.0,,,,,,,
0,1.0,423,1776147745.380236,reply,120.0,64.0,,,,,,,
0,1.0,424,1776147746.368551,reply,120.0,64.0,,,,,,,
0,1.0,425,1776147747.356358,reply,120.0,64.0,,,,,,,
0,1.0,426,1776147748.343704,reply,120.0,64.0,,,,,,,
0,1.0,427,1776147749.332635,reply,121.0,64.0,,,,,,,
0,1.0,428,1776147750.319647,reply,120.0,64.0,,,,,,,
0,1.0,429,1776147751.308169,reply,120.0,64.0,,,,,,,
0,1.0,430,1776147752.29643,reply,120.0,64.0,,,,,,,
0,1.0,431,1776147753.284737,reply,120.0,64.0,,,,,,,
0,1.0,432,1776147754.272577,reply,120.0,64.0,,,,,,,
0,1.0,433,1776147755.260275,reply,120.0,64.0,,,,,,,
0,1.0,434,1776147756.247795,reply,120.0,64.0,,,,,,,
0,1.0,435,1776147757.235461,reply,120.0,64.0,,,,,,,
0,1.0,436,1776147758.222377,reply,120.0,64.0,,,,,,,
0,1.0,SUMMARY,,summary,,,,,,,,,
0,1.0,1,1776148262.648979,reply,121.0,64.0,,,,,,,
0,1.0,2,1776148263.635897,reply,120.0,64.0,,,,,,,
0,1.0,3,1776148264.623195,reply,120.0,64.0,,,,,,,
0,1.0,4,1776148265.610557,reply,121.0,64.0,,,,,,,
0,1.0,5,1776148266.597456,reply,121.0,64.0,,,,,,,
0,1.0,6,1776148267.585336,reply,120.0,64.0,,,,,,,
0,1.0,7,1776148268.573211,reply,120.0,64.0,,,,,,,
0,1.0,8,1776148269.561493,reply,121.0,64.0,,,,,,,
0,1.0,9,1776148270.548449,reply,120.0,64.0,,,,,,,
0,1.0,10,1776148271.535799,reply,120.0,64.0,,,,,,,
0,1.0,11,1776148276.098037,reply,120.0,64.0,,,,,,,
0,1.0,12,1776148277.084271,reply,120.0,64.0,,,,,,,
0,1.0,13,1776148278.070938,reply,120.0,64.0,,,,,,,
0,1.0,14,1776148279.057961,reply,120.0,64.0,,,,,,,
0,1.0,15,1776148280.045662,reply,120.0,64.0,,,,,,,
0,1.0,16,1776148281.033044,reply,120.0,64.0,,,,,,,
0,1.0,17,1776148282.021284,reply,120.0,64.0,,,,,,,
0,1.0,18,1776148283.009574,reply,120.0,64.0,,,,,,,
0,1.0,19,1776148283.996548,reply,120.0,64.0,,,,,,,
0,1.0,20,1776148284.985089,reply,120.0,64.0,,,,,,,
0,1.0,21,1776148285.97251,reply,120.0,64.0,,,,,,,
0,1.0,22,1776148286.959354,reply,120.0,64.0,,,,,,,
0,1.0,23,1776148287.945889,reply,120.0,64.0,,,,,,,
0,1.0,24,1776148288.93338,reply,120.0,64.0,,,,,,,
0,1.0,25,1776148289.920714,reply,120.0,64.0,,,,,,,
0,1.0,26,1776148290.910563,reply,123.0,64.0,,,,,,,
0,1.0,27,1776148291.895355,reply,120.0,64.0,,,,,,,
0,1.0,28,1776148292.882991,reply,120.0,64.0,,,,,,,
0,1.0,29,1776148293.871323,reply,121.0,64.0,,,,,,,
0,1.0,30,1776148294.858255,reply,120.0,64.0,,,,,,,
0,1.0,31,1776148295.845817,reply,120.0,64.0,,,,,,,
0,1.0,33,1776148297.846659,reply,120.0,64.0,,,,,,,
0,1.0,34,1776148298.834488,reply,121.0,64.0,,,,,,,
0,1.0,35,1776148299.822229,reply,120.0,64.0,,,,,,,
0,1.0,36,1776148300.8098,reply,120.0,64.0,,,,,,,
0,1.0,39,1776148303.830546,reply,120.0,64.0,,,,,,,
0,1.0,40,1776148305.763544,reply,120.0,64.0,,,,,,,
0,1.0,41,1776148311.282528,reply,3708.0,64.0,,,,,,,
0,1.0,42,1776148312.269261,reply,120.0,64.0,,,,,,,
0,1.0,43,1776148313.257002,reply,120.0,64.0,,,,,,,
0,1.0,44,1776148314.244268,reply,120.0,64.0,,,,,,,
0,1.0,46,1776148316.250437,reply,120.0,64.0,,,,,,,
0,1.0,47,1776148317.238816,reply,120.0,64.0,,,,,,,
0,1.0,48,1776148318.225396,reply,120.0,64.0,,,,,,,
0,1.0,49,1776148319.212669,reply,120.0,64.0,,,,,,,
0,1.0,50,1776148321.143844,reply,120.0,64.0,,,,,,,
0,1.0,51,1776148322.131095,reply,120.0,64.0,,,,,,,
0,1.0,52,1776148324.064039,reply,120.0,64.0,,,,,,,
0,1.0,53,1776148325.052247,reply,120.0,64.0,,,,,,,
0,1.0,54,1776148326.040343,reply,120.0,64.0,,,,,,,
0,1.0,55,1776148327.028908,reply,120.0,64.0,,,,,,,
0,1.0,56,1776148328.016405,reply,120.0,64.0,,,,,,,
0,1.0,58,1776148330.010608,reply,120.0,64.0,,,,,,,
0,1.0,59,1776148331.942409,reply,120.0,64.0,,,,,,,
0,1.0,61,1776148333.946295,reply,120.0,64.0,,,,,,,
0,1.0,62,1776148334.934494,reply,120.0,64.0,,,,,,,
0,1.0,63,1776148335.922048,reply,120.0,64.0,,,,,,,
0,1.0,64,1776148336.909297,reply,120.0,64.0,,,,,,,
0,1.0,65,1776148337.897026,reply,120.0,64.0,,,,,,,
0,1.0,66,1776148338.885253,reply,120.0,64.0,,,,,,,
0,1.0,67,1776148339.87352,reply,120.0,64.0,,,,,,,
0,1.0,69,1776148342.827115,reply,120.0,64.0,,,,,,,
0,1.0,70,1776148347.409306,reply,120.0,64.0,,,,,,,
0,1.0,72,1776148349.413343,reply,120.0,64.0,,,,,,,
0,1.0,73,1776148351.343774,reply,120.0,64.0,,,,,,,
0,1.0,74,1776148353.282497,reply,120.0,64.0,,,,,,,
0,1.0,75,1776148354.270102,reply,120.0,64.0,,,,,,,
0,1.0,76,1776148355.257682,reply,120.0,64.0,,,,,,,
0,1.0,77,1776148356.244829,reply,120.0,64.0,,,,,,,
0,1.0,78,1776148357.231732,reply,120.0,64.0,,,,,,,
0,1.0,79,1776148358.219727,reply,120.0,64.0,,,,,,,
0,1.0,80,1776148359.208142,reply,120.0,64.0,,,,,,,
0,1.0,82,1776148361.221354,reply,120.0,64.0,,,,,,,
0,1.0,83,1776148362.208804,reply,120.0,64.0,,,,,,,
0,1.0,84,1776148363.19659,reply,120.0,64.0,,,,,,,
0,1.0,85,1776148364.185076,reply,120.0,64.0,,,,,,,
0,1.0,86,1776148365.173003,reply,120.0,64.0,,,,,,,
0,1.0,87,1776148366.159659,reply,120.0,64.0,,,,,,,
0,1.0,90,1776148370.117206,reply,120.0,64.0,,,,,,,
0,1.0,91,1776148371.105483,reply,120.0,64.0,,,,,,,
0,1.0,92,1776148373.981805,reply,120.0,64.0,,,,,,,
0,1.0,93,1776148374.969676,reply,120.0,64.0,,,,,,,
0,1.0,94,1776148376.901297,reply,120.0,64.0,,,,,,,
0,1.0,95,1776148377.887618,reply,120.0,64.0,,,,,,,
0,1.0,96,1776148378.877051,reply,122.0,64.0,,,,,,,
0,1.0,97,1776148383.441013,reply,120.0,64.0,,,,,,,
0,1.0,98,1776148385.374893,reply,120.0,64.0,,,,,,,
0,1.0,99,1776148386.361945,reply,120.0,64.0,,,,,,,
0,1.0,100,1776148387.350308,reply,120.0,64.0,,,,,,,
0,1.0,101,1776148388.338227,reply,120.0,64.0,,,,,,,
0,1.0,102,1776148389.325505,reply,120.0,64.0,,,,,,,
0,1.0,103,1776148390.313897,reply,120.0,64.0,,,,,,,
0,1.0,104,1776148391.302006,reply,120.0,64.0,,,,,,,
0,1.0,106,1776148394.260252,reply,124.0,64.0,,,,,,,
0,1.0,107,1776148395.243881,reply,120.0,64.0,,,,,,,
0,1.0,108,1776148396.231323,reply,120.0,64.0,,,,,,,
0,1.0,109,1776148397.219148,reply,120.0,64.0,,,,,,,
0,1.0,110,1776148399.152253,reply,121.0,64.0,,,,,,,
0,1.0,111,1776148400.138697,reply,120.0,64.0,,,,,,,
0,1.0,112,1776148401.126458,reply,120.0,64.0,,,,,,,
0,1.0,114,1776148403.135377,reply,120.0,64.0,,,,,,,
0,1.0,115,1776148404.123297,reply,120.0,64.0,,,,,,,
0,1.0,116,1776148406.056363,reply,120.0,64.0,,,,,,,
0,1.0,118,1776148408.06344,reply,120.0,64.0,,,,,,,
0,1.0,119,1776148409.050683,reply,120.0,64.0,,,,,,,
0,1.0,120,1776148410.038942,reply,120.0,64.0,,,,,,,
0,1.0,121,1776148411.029682,reply,123.0,64.0,,,,,,,
0,1.0,122,1776148412.014199,reply,120.0,64.0,,,,,,,
0,1.0,124,1776148414.015334,reply,120.0,64.0,,,,,,,
0,1.0,125,1776148415.0034,reply,120.0,64.0,,,,,,,
0,1.0,126,1776148419.572167,reply,120.0,64.0,,,,,,,
0,1.0,127,1776148421.504691,reply,120.0,64.0,,,,,,,
0,1.0,128,1776148422.494765,reply,122.0,64.0,,,,,,,
0,1.0,129,1776148423.479738,reply,120.0,64.0,,,,,,,
0,1.0,130,1776148424.467832,reply,120.0,64.0,,,,,,,
0,1.0,131,1776148425.455951,reply,120.0,64.0,,,,,,,
0,1.0,132,1776148426.446588,reply,124.0,64.0,,,,,,,
0,1.0,133,1776148429.321606,reply,120.0,64.0,,,,,,,
0,1.0,134,1776148430.308992,reply,120.0,64.0,,,,,,,
0,1.0,135,1776148431.296113,reply,120.0,64.0,,,,,,,
0,1.0,136,1776148432.283872,reply,120.0,64.0,,,,,,,
0,1.0,137,1776148433.271722,reply,120.0,64.0,,,,,,,
0,1.0,138,1776148434.260014,reply,120.0,64.0,,,,,,,
0,1.0,139,1776148435.247872,reply,120.0,64.0,,,,,,,
0,1.0,140,1776148436.236113,reply,120.0,64.0,,,,,,,
0,1.0,141,1776148437.222797,reply,120.0,64.0,,,,,,,
0,1.0,143,1776148439.229319,reply,120.0,64.0,,,,,,,
0,1.0,144,1776148440.216661,reply,120.0,64.0,,,,,,,
0,1.0,145,1776148441.204047,reply,120.0,64.0,,,,,,,
0,1.0,146,1776148442.190931,reply,120.0,64.0,,,,,,,
0,1.0,147,1776148443.178145,reply,120.0,64.0,,,,,,,
0,1.0,148,1776148444.16519,reply,120.0,64.0,,,,,,,
0,1.0,149,1776148445.152311,reply,120.0,64.0,,,,,,,
0,1.0,151,1776148447.165342,reply,120.0,64.0,,,,,,,
0,1.0,152,1776148448.153049,reply,120.0,64.0,,,,,,,
0,1.0,153,1776148454.62005,reply,3710.0,64.0,,,,,,,
0,1.0,154,1776148455.611885,reply,124.0,64.0,,,,,,,
0,1.0,156,1776148457.603101,reply,120.0,64.0,,,,,,,
0,1.0,157,1776148458.590678,reply,120.0,64.0,,,,,,,
0,1.0,159,1776148460.61111,reply,120.0,64.0,,,,,,,
0,1.0,160,1776148461.597317,reply,120.0,64.0,,,,,,,
0,1.0,161,1776148462.584672,reply,120.0,64.0,,,,,,,
0,1.0,162,1776148463.57187,reply,120.0,64.0,,,,,,,
0,1.0,163,1776148464.559812,reply,120.0,64.0,,,,,,,
0,1.0,164,1776148465.547258,reply,120.0,64.0,,,,,,,
0,1.0,165,1776148466.539319,reply,125.0,64.0,,,,,,,
0,1.0,166,1776148467.521466,reply,120.0,64.0,,,,,,,
0,1.0,168,1776148469.539086,reply,120.0,64.0,,,,,,,
0,1.0,169,1776148470.525336,reply,120.0,64.0,,,,,,,
0,1.0,170,1776148471.513588,reply,120.0,64.0,,,,,,,
0,1.0,171,1776148472.501749,reply,120.0,64.0,,,,,,,
0,1.0,172,1776148473.492247,reply,123.0,64.0,,,,,,,
0,1.0,173,1776148474.476686,reply,120.0,64.0,,,,,,,
0,1.0,174,1776148475.464371,reply,120.0,64.0,,,,,,,
0,1.0,175,1776148476.451777,reply,120.0,64.0,,,,,,,
0,1.0,176,1776148477.439229,reply,120.0,64.0,,,,,,,
0,1.0,177,1776148478.429643,reply,122.0,64.0,,,,,,,
0,1.0,178,1776148479.415635,reply,120.0,64.0,,,,,,,
0,1.0,180,1776148481.411527,reply,120.0,64.0,,,,,,,
0,1.0,181,1776148482.399104,reply,120.0,64.0,,,,,,,
0,1.0,182,1776148483.386996,reply,120.0,64.0,,,,,,,
0,1.0,183,1776148486.264427,reply,120.0,64.0,,,,,,,
0,1.0,184,1776148490.824626,reply,120.0,64.0,,,,,,,
0,1.0,185,1776148491.812316,reply,120.0,64.0,,,,,,,
0,1.0,186,1776148492.799488,reply,120.0,64.0,,,,,,,
0,1.0,187,1776148493.787238,reply,120.0,64.0,,,,,,,
0,1.0,188,1776148494.775987,reply,122.0,64.0,,,,,,,
0,1.0,189,1776148495.760378,reply,120.0,64.0,,,,,,,
0,1.0,190,1776148496.748178,reply,120.0,64.0,,,,,,,
0,1.0,191,1776148497.735539,reply,120.0,64.0,,,,,,,
0,1.0,192,1776148498.722987,reply,120.0,64.0,,,,,,,
0,1.0,193,1776148499.710729,reply,120.0,64.0,,,,,,,
0,1.0,194,1776148500.698545,reply,120.0,64.0,,,,,,,
0,1.0,195,1776148501.686027,reply,120.0,64.0,,,,,,,
0,1.0,196,1776148502.673938,reply,120.0,64.0,,,,,,,
0,1.0,197,1776148503.661538,reply,120.0,64.0,,,,,,,
0,1.0,198,1776148504.649191,reply,120.0,64.0,,,,,,,
0,1.0,199,1776148505.63593,reply,121.0,64.0,,,,,,,
0,1.0,200,1776148506.62389,reply,120.0,64.0,,,,,,,
0,1.0,201,1776148507.61143,reply,121.0,64.0,,,,,,,
0,1.0,202,1776148508.599598,reply,120.0,64.0,,,,,,,
0,1.0,203,1776148509.587774,reply,120.0,64.0,,,,,,,
0,1.0,204,1776148510.575985,reply,120.0,64.0,,,,,,,
0,1.0,205,1776148511.563947,reply,120.0,64.0,,,,,,,
0,1.0,206,1776148512.551739,reply,120.0,64.0,,,,,,,
0,1.0,207,1776148513.539887,reply,120.0,64.0,,,,,,,
0,1.0,208,1776148514.52767,reply,120.0,64.0,,,,,,,
0,1.0,209,1776148515.51483,reply,121.0,64.0,,,,,,,
0,1.0,210,1776148516.502489,reply,121.0,64.0,,,,,,,
0,1.0,211,1776148517.489382,reply,120.0,64.0,,,,,,,
0,1.0,212,1776148518.476619,reply,121.0,64.0,,,,,,,
0,1.0,213,1776148519.464363,reply,120.0,64.0,,,,,,,
0,1.0,214,1776148520.451417,reply,120.0,64.0,,,,,,,
0,1.0,215,1776148521.439183,reply,120.0,64.0,,,,,,,
0,1.0,216,1776148522.427341,reply,120.0,64.0,,,,,,,
0,1.0,217,1776148527.001825,reply,121.0,64.0,,,,,,,
0,1.0,218,1776148527.990243,reply,121.0,64.0,,,,,,,
0,1.0,219,1776148528.976826,reply,120.0,64.0,,,,,,,
0,1.0,220,1776148529.964021,reply,120.0,64.0,,,,,,,
0,1.0,221,1776148530.951275,reply,120.0,64.0,,,,,,,
0,1.0,222,1776148531.939001,reply,121.0,64.0,,,,,,,
0,1.0,223,1776148532.927003,reply,120.0,64.0,,,,,,,
0,1.0,224,1776148533.915191,reply,120.0,64.0,,,,,,,
0,1.0,225,1776148534.903285,reply,120.0,64.0,,,,,,,
0,1.0,226,1776148535.891359,reply,120.0,64.0,,,,,,,
0,1.0,227,1776148536.879425,reply,121.0,64.0,,,,,,,
0,1.0,228,1776148537.867053,reply,121.0,64.0,,,,,,,
0,1.0,229,1776148538.853673,reply,120.0,64.0,,,,,,,
0,1.0,230,1776148539.840958,reply,120.0,64.0,,,,,,,
0,1.0,231,1776148540.828345,reply,121.0,64.0,,,,,,,
0,1.0,232,1776148541.815784,reply,120.0,64.0,,,,,,,
0,1.0,233,1776148542.803987,reply,120.0,64.0,,,,,,,
0,1.0,234,1776148543.79259,reply,121.0,64.0,,,,,,,
0,1.0,235,1776148544.780294,reply,121.0,64.0,,,,,,,
0,1.0,236,1776148545.767808,reply,121.0,64.0,,,,,,,
0,1.0,238,1776148547.77083,reply,121.0,64.0,,,,,,,
0,1.0,239,1776148548.757386,reply,120.0,64.0,,,,,,,
0,1.0,240,1776148549.743922,reply,120.0,64.0,,,,,,,
0,1.0,241,1776148550.732535,reply,121.0,64.0,,,,,,,
0,1.0,242,1776148551.720492,reply,121.0,64.0,,,,,,,
0,1.0,243,1776148552.707963,reply,120.0,64.0,,,,,,,
0,1.0,244,1776148553.696555,reply,120.0,64.0,,,,,,,
0,1.0,245,1776148554.684427,reply,120.0,64.0,,,,,,,
0,1.0,246,1776148555.672956,reply,120.0,64.0,,,,,,,
0,1.0,247,1776148556.660103,reply,120.0,64.0,,,,,,,
0,1.0,248,1776148557.647145,reply,121.0,64.0,,,,,,,
0,1.0,249,1776148562.221648,reply,121.0,64.0,,,,,,,
0,1.0,250,1776148563.207983,reply,120.0,64.0,,,,,,,
0,1.0,251,1776148564.195209,reply,120.0,64.0,,,,,,,
0,1.0,252,1776148565.182611,reply,120.0,64.0,,,,,,,
0,1.0,253,1776148566.1701,reply,120.0,64.0,,,,,,,
0,1.0,254,1776148567.156747,reply,120.0,64.0,,,,,,,
0,1.0,255,1776148568.144521,reply,120.0,64.0,,,,,,,
0,1.0,256,1776148569.131919,reply,120.0,64.0,,,,,,,
0,1.0,257,1776148570.119617,reply,121.0,64.0,,,,,,,
0,1.0,258,1776148571.10744,reply,121.0,64.0,,,,,,,
0,1.0,259,1776148572.094607,reply,120.0,64.0,,,,,,,
0,1.0,260,1776148573.081569,reply,120.0,64.0,,,,,,,
0,1.0,261,1776148574.070036,reply,120.0,64.0,,,,,,,
0,1.0,262,1776148575.057196,reply,121.0,64.0,,,,,,,
0,1.0,263,1776148576.044007,reply,120.0,64.0,,,,,,,
0,1.0,264,1776148577.031768,reply,120.0,64.0,,,,,,,
0,1.0,265,1776148578.019389,reply,120.0,64.0,,,,,,,
0,1.0,266,1776148579.007947,reply,121.0,64.0,,,,,,,
0,1.0,267,1776148579.995703,reply,120.0,64.0,,,,,,,
0,1.0,269,1776148582.013553,reply,120.0,64.0,,,,,,,
0,1.0,270,1776148583.001003,reply,120.0,64.0,,,,,,,
0,1.0,271,1776148583.988753,reply,121.0,64.0,,,,,,,
0,1.0,272,1776148584.975943,reply,120.0,64.0,,,,,,,
0,1.0,273,1776148585.963584,reply,120.0,64.0,,,,,,,
0,1.0,274,1776148586.951587,reply,120.0,64.0,,,,,,,
0,1.0,275,1776148587.939294,reply,120.0,64.0,,,,,,,
0,1.0,276,1776148588.927206,reply,120.0,64.0,,,,,,,
0,1.0,277,1776148589.914239,reply,120.0,64.0,,,,,,,
0,1.0,278,1776148590.902659,reply,120.0,64.0,,,,,,,
0,1.0,279,1776148591.890616,reply,120.0,64.0,,,,,,,
0,1.0,280,1776148592.877571,reply,120.0,64.0,,,,,,,
0,1.0,281,1776148593.865491,reply,120.0,64.0,,,,,,,
0,1.0,282,1776148598.431428,reply,120.0,64.0,,,,,,,
0,1.0,283,1776148599.41981,reply,121.0,64.0,,,,,,,
0,1.0,284,1776148600.407647,reply,120.0,64.0,,,,,,,
0,1.0,285,1776148601.395025,reply,120.0,64.0,,,,,,,
0,1.0,286,1776148602.382526,reply,120.0,64.0,,,,,,,
0,1.0,287,1776148603.370058,reply,120.0,64.0,,,,,,,
0,1.0,288,1776148604.357553,reply,120.0,64.0,,,,,,,
0,1.0,289,1776148605.345147,reply,120.0,64.0,,,,,,,
0,1.0,290,1776148606.33246,reply,120.0,64.0,,,,,,,
0,1.0,291,1776148607.319264,reply,120.0,64.0,,,,,,,
0,1.0,292,1776148608.307772,reply,120.0,64.0,,,,,,,
0,1.0,293,1776148609.295384,reply,120.0,64.0,,,,,,,
0,1.0,294,1776148610.282965,reply,120.0,64.0,,,,,,,
0,1.0,295,1776148611.270546,reply,120.0,64.0,,,,,,,
0,1.0,296,1776148612.258466,reply,120.0,64.0,,,,,,,
0,1.0,297,1776148613.246406,reply,120.0,64.0,,,,,,,
0,1.0,298,1776148615.178512,reply,120.0,64.0,,,,,,,
0,1.0,299,1776148616.165875,reply,120.0,64.0,,,,,,,
0,1.0,300,1776148617.151888,reply,120.0,64.0,,,,,,,
0,1.0,301,1776148618.139305,reply,120.0,64.0,,,,,,,
0,1.0,302,1776148619.126846,reply,120.0,64.0,,,,,,,
0,1.0,304,1776148621.143322,reply,120.0,64.0,,,,,,,
0,1.0,305,1776148622.130508,reply,120.0,64.0,,,,,,,
0,1.0,306,1776148623.118317,reply,120.0,64.0,,,,,,,
0,1.0,307,1776148624.105692,reply,120.0,64.0,,,,,,,
0,1.0,308,1776148625.093562,reply,120.0,64.0,,,,,,,
0,1.0,309,1776148626.081196,reply,121.0,64.0,,,,,,,
0,1.0,310,1776148627.067921,reply,120.0,64.0,,,,,,,
0,1.0,311,1776148628.055168,reply,120.0,64.0,,,,,,,
0,1.0,312,1776148629.043574,reply,120.0,64.0,,,,,,,
0,1.0,313,1776148630.031076,reply,120.0,64.0,,,,,,,
0,1.0,314,1776148634.607014,reply,120.0,64.0,,,,,,,
0,1.0,315,1776148635.598,reply,124.0,64.0,,,,,,,
0,1.0,316,1776148636.581782,reply,120.0,64.0,,,,,,,
0,1.0,318,1776148638.587529,reply,120.0,64.0,,,,,,,
0,1.0,319,1776148639.574593,reply,120.0,64.0,,,,,,,
0,1.0,320,1776148640.561001,reply,120.0,64.0,,,,,,,
0,1.0,321,1776148641.548877,reply,120.0,64.0,,,,,,,
0,1.0,322,1776148642.536458,reply,120.0,64.0,,,,,,,
0,1.0,323,1776148643.518424,reply,120.0,64.0,,,,,,,
0,1.0,324,1776148644.506037,reply,120.0,64.0,,,,,,,
0,1.0,325,1776148645.494536,reply,120.0,64.0,,,,,,,
0,1.0,326,1776148646.481492,reply,120.0,64.0,,,,,,,
0,1.0,327,1776148647.468514,reply,120.0,64.0,,,,,,,
0,1.0,328,1776148648.456059,reply,120.0,64.0,,,,,,,
0,1.0,329,1776148649.443258,reply,120.0,64.0,,,,,,,
0,1.0,330,1776148650.429834,reply,120.0,64.0,,,,,,,
0,1.0,331,1776148651.416319,reply,120.0,64.0,,,,,,,
0,1.0,332,1776148652.403284,reply,120.0,64.0,,,,,,,
0,1.0,333,1776148653.391465,reply,120.0,64.0,,,,,,,
0,1.0,334,1776148654.378996,reply,120.0,64.0,,,,,,,
0,1.0,335,1776148655.366348,reply,120.0,64.0,,,,,,,
0,1.0,336,1776148656.353691,reply,120.0,64.0,,,,,,,
0,1.0,337,1776148657.342093,reply,120.0,64.0,,,,,,,
0,1.0,338,1776148658.329902,reply,121.0,64.0,,,,,,,
0,1.0,339,1776148659.317278,reply,121.0,64.0,,,,,,,
0,1.0,340,1776148660.303565,reply,121.0,64.0,,,,,,,
0,1.0,341,1776148661.290384,reply,120.0,64.0,,,,,,,
0,1.0,342,1776148662.278212,reply,120.0,64.0,,,,,,,
0,1.0,343,1776148663.266201,reply,120.0,64.0,,,,,,,
0,1.0,344,1776148664.25423,reply,120.0,64.0,,,,,,,
0,1.0,345,1776148665.242698,reply,121.0,64.0,,,,,,,
0,1.0,346,1776148669.81088,reply,120.0,64.0,,,,,,,
0,1.0,347,1776148670.798356,reply,120.0,64.0,,,,,,,
0,1.0,348,1776148671.787342,reply,121.0,64.0,,,,,,,
0,1.0,349,1776148672.773765,reply,120.0,64.0,,,,,,,
0,1.0,350,1776148673.76122,reply,120.0,64.0,,,,,,,
0,1.0,351,1776148674.747485,reply,120.0,64.0,,,,,,,
0,1.0,352,1776148675.735311,reply,120.0,64.0,,,,,,,
0,1.0,353,1776148676.723407,reply,120.0,64.0,,,,,,,
0,1.0,354,1776148677.709546,reply,120.0,64.0,,,,,,,
0,1.0,355,1776148678.697442,reply,120.0,64.0,,,,,,,
0,1.0,356,1776148679.684301,reply,120.0,64.0,,,,,,,
0,1.0,357,1776148680.671632,reply,120.0,64.0,,,,,,,
0,1.0,358,1776148681.65944,reply,120.0,64.0,,,,,,,
0,1.0,359,1776148682.647621,reply,120.0,64.0,,,,,,,
0,1.0,360,1776148683.635832,reply,120.0,64.0,,,,,,,
0,1.0,361,1776148684.621641,reply,120.0,64.0,,,,,,,
0,1.0,362,1776148685.609564,reply,120.0,64.0,,,,,,,
0,1.0,363,1776148686.597404,reply,120.0,64.0,,,,,,,
0,1.0,364,1776148687.5848,reply,120.0,64.0,,,,,,,
0,1.0,365,1776148688.572663,reply,120.0,64.0,,,,,,,
0,1.0,366,1776148689.560205,reply,120.0,64.0,,,,,,,
0,1.0,367,1776148690.548226,reply,120.0,64.0,,,,,,,
0,1.0,368,1776148691.535928,reply,120.0,64.0,,,,,,,
0,1.0,369,1776148692.52386,reply,121.0,64.0,,,,,,,
0,1.0,370,1776148693.511448,reply,120.0,64.0,,,,,,,
0,1.0,371,1776148694.49841,reply,120.0,64.0,,,,,,,
0,1.0,372,1776148695.485361,reply,120.0,64.0,,,,,,,
0,1.0,373,1776148696.472906,reply,120.0,64.0,,,,,,,
0,1.0,374,1776148697.460274,reply,120.0,64.0,,,,,,,
0,1.0,375,1776148698.447829,reply,120.0,64.0,,,,,,,
0,1.0,376,1776148699.435755,reply,120.0,64.0,,,,,,,
0,1.0,377,1776148700.42355,reply,120.0,64.0,,,,,,,
0,1.0,378,1776148701.41125,reply,120.0,64.0,,,,,,,
0,1.0,379,1776148705.981664,reply,120.0,64.0,,,,,,,
0,1.0,380,1776148706.969257,reply,120.0,64.0,,,,,,,
0,1.0,381,1776148707.957029,reply,121.0,64.0,,,,,,,
0,1.0,382,1776148708.944029,reply,120.0,64.0,,,,,,,
0,1.0,383,1776148709.93176,reply,120.0,64.0,,,,,,,
0,1.0,384,1776148710.920423,reply,121.0,64.0,,,,,,,
0,1.0,385,1776148711.908129,reply,121.0,64.0,,,,,,,
0,1.0,386,1776148712.895674,reply,120.0,64.0,,,,,,,
0,1.0,387,1776148713.882983,reply,120.0,64.0,,,,,,,
0,1.0,388,1776148714.870419,reply,121.0,64.0,,,,,,,
0,1.0,389,1776148715.857627,reply,120.0,64.0,,,,,,,
0,1.0,390,1776148716.845345,reply,120.0,64.0,,,,,,,
0,1.0,391,1776148717.833011,reply,120.0,64.0,,,,,,,
0,1.0,392,1776148718.820001,reply,121.0,64.0,,,,,,,
0,1.0,393,1776148719.807611,reply,121.0,64.0,,,,,,,
0,1.0,394,1776148720.794618,reply,120.0,64.0,,,,,,,
0,1.0,395,1776148721.782212,reply,120.0,64.0,,,,,,,
0,1.0,396,1776148722.770497,reply,120.0,64.0,,,,,,,
0,1.0,397,1776148723.758456,reply,120.0,64.0,,,,,,,
0,1.0,398,1776148724.746446,reply,120.0,64.0,,,,,,,
0,1.0,399,1776148725.733588,reply,120.0,64.0,,,,,,,
0,1.0,400,1776148726.721134,reply,121.0,64.0,,,,,,,
0,1.0,401,1776148727.708736,reply,120.0,64.0,,,,,,,
0,1.0,402,1776148728.695632,reply,120.0,64.0,,,,,,,
0,1.0,403,1776148729.683042,reply,120.0,64.0,,,,,,,
0,1.0,404,1776148730.671378,reply,121.0,64.0,,,,,,,
0,1.0,405,1776148731.658974,reply,121.0,64.0,,,,,,,
0,1.0,406,1776148732.645855,reply,120.0,64.0,,,,,,,
0,1.0,407,1776148733.633603,reply,120.0,64.0,,,,,,,
0,1.0,408,1776148734.621715,reply,120.0,64.0,,,,,,,
0,1.0,409,1776148735.609136,reply,120.0,64.0,,,,,,,
0,1.0,410,1776148736.597546,reply,121.0,64.0,,,,,,,
0,1.0,411,1776148737.58464,reply,120.0,64.0,,,,,,,
0,1.0,412,1776148742.144094,reply,120.0,64.0,,,,,,,
0,1.0,413,1776148743.130465,reply,120.0,64.0,,,,,,,
0,1.0,414,1776148744.118031,reply,120.0,64.0,,,,,,,
0,1.0,415,1776148745.105863,reply,120.0,64.0,,,,,,,
0,1.0,416,1776148746.093536,reply,120.0,64.0,,,,,,,
0,1.0,417,1776148747.081344,reply,120.0,64.0,,,,,,,
0,1.0,418,1776148748.068937,reply,120.0,64.0,,,,,,,
0,1.0,419,1776148749.056552,reply,120.0,64.0,,,,,,,
0,1.0,420,1776148750.043531,reply,120.0,64.0,,,,,,,
0,1.0,421,1776148751.03131,reply,120.0,64.0,,,,,,,
0,1.0,422,1776148752.019236,reply,120.0,64.0,,,,,,,
0,1.0,423,1776148753.006097,reply,120.0,64.0,,,,,,,
0,1.0,424,1776148753.994058,reply,120.0,64.0,,,,,,,
0,1.0,425,1776148754.981832,reply,120.0,64.0,,,,,,,
0,1.0,426,1776148755.970095,reply,120.0,64.0,,,,,,,
0,1.0,427,1776148756.957993,reply,120.0,64.0,,,,,,,
0,1.0,428,1776148757.946127,reply,121.0,64.0,,,,,,,
0,1.0,429,1776148758.933833,reply,120.0,64.0,,,,,,,
0,1.0,430,1776148759.92185,reply,120.0,64.0,,,,,,,
0,1.0,431,1776148760.909737,reply,120.0,64.0,,,,,,,
0,1.0,432,1776148761.897112,reply,120.0,64.0,,,,,,,
0,1.0,433,1776148762.883624,reply,120.0,64.0,,,,,,,
0,1.0,SUMMARY,,summary,,,,,,,,,
0,1.0,1,1776149267.398519,reply,120.0,64.0,,,,,,,
0,1.0,2,1776149268.386068,reply,120.0,64.0,,,,,,,
0,1.0,3,1776149269.374349,reply,120.0,64.0,,,,,,,
0,1.0,4,1776149270.362431,reply,120.0,64.0,,,,,,,
0,1.0,5,1776149271.35536,reply,125.0,64.0,,,,,,,
0,1.0,6,1776149272.337913,reply,120.0,64.0,,,,,,,
0,1.0,7,1776149273.324374,reply,120.0,64.0,,,,,,,
0,1.0,8,1776149278.85089,reply,120.0,64.0,,,,,,,
0,1.0,9,1776149279.838355,reply,120.0,64.0,,,,,,,
0,1.0,10,1776149280.826945,reply,120.0,64.0,,,,,,,
0,1.0,11,1776149281.812885,reply,120.0,64.0,,,,,,,
0,1.0,13,1776149283.830538,reply,120.0,64.0,,,,,,,
0,1.0,14,1776149284.818875,reply,120.0,64.0,,,,,,,
0,1.0,15,1776149285.80606,reply,120.0,64.0,,,,,,,
0,1.0,16,1776149286.794281,reply,120.0,64.0,,,,,,,
0,1.0,17,1776149287.78172,reply,120.0,64.0,,,,,,,
0,1.0,19,1776149289.782463,reply,120.0,64.0,,,,,,,
0,1.0,20,1776149290.769694,reply,120.0,64.0,,,,,,,
0,1.0,21,1776149291.757908,reply,120.0,64.0,,,,,,,
0,1.0,22,1776149292.745454,reply,120.0,64.0,,,,,,,
0,1.0,23,1776149293.73247,reply,120.0,64.0,,,,,,,
0,1.0,24,1776149294.720384,reply,121.0,64.0,,,,,,,
0,1.0,25,1776149295.707317,reply,120.0,64.0,,,,,,,
0,1.0,26,1776149296.694077,reply,120.0,64.0,,,,,,,
0,1.0,27,1776149297.681751,reply,120.0,64.0,,,,,,,
0,1.0,28,1776149298.668864,reply,120.0,64.0,,,,,,,
0,1.0,29,1776149299.656127,reply,120.0,64.0,,,,,,,
0,1.0,31,1776149301.654586,reply,120.0,64.0,,,,,,,
0,1.0,32,1776149302.64191,reply,120.0,64.0,,,,,,,
0,1.0,33,1776149303.630338,reply,120.0,64.0,,,,,,,
0,1.0,34,1776149304.618659,reply,120.0,64.0,,,,,,,
0,1.0,35,1776149305.606008,reply,120.0,64.0,,,,,,,
0,1.0,36,1776149306.594338,reply,120.0,64.0,,,,,,,
0,1.0,37,1776149307.582659,reply,120.0,64.0,,,,,,,
0,1.0,38,1776149308.570341,reply,120.0,64.0,,,,,,,
0,1.0,39,1776149314.085324,reply,120.0,64.0,,,,,,,
0,1.0,40,1776149315.072604,reply,120.0,64.0,,,,,,,
0,1.0,41,1776149316.060043,reply,120.0,64.0,,,,,,,
0,1.0,42,1776149317.047538,reply,120.0,64.0,,,,,,,
0,1.0,43,1776149318.979729,reply,120.0,64.0,,,,,,,
0,1.0,44,1776149319.967786,reply,120.0,64.0,,,,,,,
0,1.0,45,1776149320.955793,reply,120.0,64.0,,,,,,,
0,1.0,46,1776149321.943716,reply,120.0,64.0,,,,,,,
0,1.0,47,1776149322.932039,reply,120.0,64.0,,,,,,,
0,1.0,48,1776149323.923659,reply,124.0,64.0,,,,,,,
0,1.0,50,1776149325.909898,reply,120.0,64.0,,,,,,,
0,1.0,51,1776149326.897985,reply,120.0,64.0,,,,,,,
0,1.0,52,1776149327.885853,reply,120.0,64.0,,,,,,,
0,1.0,55,1776149330.901897,reply,120.0,64.0,,,,,,,
0,1.0,56,1776149331.890141,reply,120.0,64.0,,,,,,,
0,1.0,57,1776149332.877869,reply,120.0,64.0,,,,,,,
0,1.0,58,1776149333.866095,reply,120.0,64.0,,,,,,,
0,1.0,60,1776149337.751571,reply,120.0,64.0,,,,,,,
0,1.0,61,1776149338.739926,reply,120.0,64.0,,,,,,,
0,1.0,62,1776149340.67315,reply,120.0,64.0,,,,,,,
0,1.0,64,1776149344.550677,reply,120.0,64.0,,,,,,,
0,1.0,68,1776149354.072093,reply,120.0,64.0,,,,,,,
0,1.0,69,1776149355.060533,reply,120.0,64.0,,,,,,,
0,1.0,70,1776149356.048827,reply,121.0,64.0,,,,,,,
0,1.0,72,1776149358.038294,reply,120.0,64.0,,,,,,,
0,1.0,73,1776149359.026315,reply,120.0,64.0,,,,,,,
0,1.0,74,1776149360.013211,reply,120.0,64.0,,,,,,,
0,1.0,75,1776149362.8902,reply,120.0,64.0,,,,,,,
0,1.0,76,1776149363.878233,reply,120.0,64.0,,,,,,,
0,1.0,77,1776149364.866508,reply,120.0,64.0,,,,,,,
0,1.0,78,1776149365.854444,reply,120.0,64.0,,,,,,,
0,1.0,79,1776149368.730645,reply,120.0,64.0,,,,,,,
0,1.0,80,1776149369.718423,reply,120.0,64.0,,,,,,,
0,1.0,81,1776149370.706654,reply,120.0,64.0,,,,,,,
0,1.0,82,1776149371.694763,reply,120.0,64.0,,,,,,,
0,1.0,83,1776149373.629522,reply,123.0,64.0,,,,,,,
0,1.0,84,1776149374.613386,reply,120.0,64.0,,,,,,,
0,1.0,85,1776149375.601435,reply,120.0,64.0,,,,,,,
0,1.0,86,1776149377.53435,reply,120.0,64.0,,,,,,,
0,1.0,87,1776149378.521968,reply,120.0,64.0,,,,,,,
0,1.0,88,1776149380.454293,reply,120.0,64.0,,,,,,,
0,1.0,89,1776149385.019931,reply,120.0,64.0,,,,,,,
0,1.0,90,1776149386.008419,reply,120.0,64.0,,,,,,,
0,1.0,91,1776149386.995245,reply,120.0,64.0,,,,,,,
0,1.0,92,1776149387.98182,reply,120.0,64.0,,,,,,,
0,1.0,93,1776149388.968856,reply,120.0,64.0,,,,,,,
0,1.0,97,1776149394.879945,reply,120.0,64.0,,,,,,,
0,1.0,98,1776149395.867146,reply,120.0,64.0,,,,,,,
0,1.0,99,1776149397.797911,reply,120.0,64.0,,,,,,,
0,1.0,100,1776149399.730699,reply,120.0,64.0,,,,,,,
0,1.0,101,1776149400.717486,reply,120.0,64.0,,,,,,,
0,1.0,102,1776149401.705032,reply,120.0,64.0,,,,,,,
0,1.0,103,1776149402.69212,reply,120.0,64.0,,,,,,,
0,1.0,104,1776149403.678307,reply,120.0,64.0,,,,,,,
0,1.0,105,1776149404.66526,reply,120.0,64.0,,,,,,,
0,1.0,107,1776149409.488135,reply,120.0,64.0,,,,,,,
0,1.0,108,1776149411.420225,reply,121.0,64.0,,,,,,,
0,1.0,110,1776149414.369584,reply,120.0,64.0,,,,,,,
0,1.0,111,1776149415.357952,reply,120.0,64.0,,,,,,,
0,1.0,112,1776149416.346335,reply,120.0,64.0,,,,,,,
0,1.0,114,1776149422.857961,reply,120.0,64.0,,,,,,,
0,1.0,115,1776149423.845212,reply,120.0,64.0,,,,,,,
0,1.0,116,1776149424.831899,reply,120.0,64.0,,,,,,,
0,1.0,117,1776149425.821614,reply,122.0,64.0,,,,,,,
0,1.0,118,1776149426.806999,reply,120.0,64.0,,,,,,,
0,1.0,119,1776149427.793741,reply,120.0,64.0,,,,,,,
0,1.0,121,1776149430.729975,reply,120.0,64.0,,,,,,,
0,1.0,122,1776149431.717518,reply,120.0,64.0,,,,,,,
0,1.0,123,1776149432.705978,reply,120.0,64.0,,,,,,,
0,1.0,124,1776149433.693938,reply,120.0,64.0,,,,,,,
0,1.0,125,1776149434.680338,reply,120.0,64.0,,,,,,,
0,1.0,127,1776149436.682003,reply,120.0,64.0,,,,,,,
0,1.0,128,1776149438.614078,reply,121.0,64.0,,,,,,,
0,1.0,129,1776149439.601201,reply,120.0,64.0,,,,,,,
0,1.0,130,1776149441.532938,reply,120.0,64.0,,,,,,,
0,1.0,131,1776149442.520501,reply,120.0,64.0,,,,,,,
0,1.0,132,1776149443.508376,reply,120.0,64.0,,,,,,,
0,1.0,134,1776149445.513913,reply,120.0,64.0,,,,,,,
0,1.0,135,1776149446.501715,reply,120.0,64.0,,,,,,,
0,1.0,136,1776149447.489231,reply,120.0,64.0,,,,,,,
0,1.0,137,1776149448.477434,reply,120.0,64.0,,,,,,,
0,1.0,138,1776149449.464403,reply,120.0,64.0,,,,,,,
0,1.0,139,1776149450.452631,reply,120.0,64.0,,,,,,,
0,1.0,140,1776149451.439873,reply,120.0,64.0,,,,,,,
0,1.0,141,1776149452.426776,reply,120.0,64.0,,,,,,,
0,1.0,142,1776149457.005497,reply,120.0,64.0,,,,,,,
0,1.0,143,1776149457.993247,reply,120.0,64.0,,,,,,,
0,1.0,145,1776149459.985701,reply,120.0,64.0,,,,,,,
0,1.0,147,1776149462.001766,reply,120.0,64.0,,,,,,,
0,1.0,148,1776149462.989597,reply,120.0,64.0,,,,,,,
0,1.0,149,1776149463.977422,reply,120.0,64.0,,,,,,,
0,1.0,150,1776149464.964919,reply,120.0,64.0,,,,,,,
0,1.0,151,1776149465.952656,reply,120.0,64.0,,,,,,,
0,1.0,152,1776149466.940959,reply,121.0,64.0,,,,,,,
0,1.0,153,1776149467.92734,reply,120.0,64.0,,,,,,,
0,1.0,154,1776149468.913877,reply,120.0,64.0,,,,,,,
0,1.0,155,1776149469.902272,reply,120.0,64.0,,,,,,,
0,1.0,156,1776149470.89056,reply,120.0,64.0,,,,,,,
0,1.0,157,1776149471.877684,reply,120.0,64.0,,,,,,,
0,1.0,158,1776149472.864999,reply,120.0,64.0,,,,,,,
0,1.0,159,1776149473.853378,reply,120.0,64.0,,,,,,,
0,1.0,160,1776149474.840907,reply,120.0,64.0,,,,,,,
0,1.0,161,1776149475.82778,reply,121.0,64.0,,,,,,,
0,1.0,162,1776149476.814769,reply,120.0,64.0,,,,,,,
0,1.0,163,1776149477.803123,reply,120.0,64.0,,,,,,,
0,1.0,164,1776149478.789853,reply,120.0,64.0,,,,,,,
0,1.0,165,1776149479.77822,reply,120.0,64.0,,,,,,,
0,1.0,166,1776149480.764962,reply,120.0,64.0,,,,,,,
0,1.0,167,1776149481.752318,reply,120.0,64.0,,,,,,,
0,1.0,168,1776149482.739924,reply,120.0,64.0,,,,,,,
0,1.0,169,1776149483.727804,reply,120.0,64.0,,,,,,,
0,1.0,170,1776149484.71555,reply,120.0,64.0,,,,,,,
0,1.0,172,1776149486.705778,reply,120.0,64.0,,,,,,,
0,1.0,173,1776149487.693791,reply,120.0,64.0,,,,,,,
0,1.0,174,1776149492.258721,reply,120.0,64.0,,,,,,,
0,1.0,175,1776149493.24531,reply,120.0,64.0,,,,,,,
0,1.0,176,1776149494.232926,reply,120.0,64.0,,,,,,,
0,1.0,177,1776149495.221145,reply,120.0,64.0,,,,,,,
0,1.0,178,1776149496.208152,reply,120.0,64.0,,,,,,,
0,1.0,179,1776149497.19627,reply,120.0,64.0,,,,,,,
0,1.0,180,1776149498.184526,reply,120.0,64.0,,,,,,,
0,1.0,181,1776149499.172573,reply,120.0,64.0,,,,,,,
0,1.0,182,1776149500.160757,reply,120.0,64.0,,,,,,,
0,1.0,183,1776149501.148105,reply,120.0,64.0,,,,,,,
0,1.0,184,1776149502.134601,reply,120.0,64.0,,,,,,,
0,1.0,185,1776149503.12163,reply,121.0,64.0,,,,,,,
0,1.0,186,1776149504.108444,reply,120.0,64.0,,,,,,,
0,1.0,187,1776149505.096474,reply,120.0,64.0,,,,,,,
0,1.0,188,1776149506.084391,reply,120.0,64.0,,,,,,,
0,1.0,189,1776149507.072546,reply,120.0,64.0,,,,,,,
0,1.0,190,1776149508.060531,reply,120.0,64.0,,,,,,,
0,1.0,191,1776149509.048407,reply,120.0,64.0,,,,,,,
0,1.0,192,1776149510.036251,reply,120.0,64.0,,,,,,,
0,1.0,193,1776149511.023922,reply,121.0,64.0,,,,,,,
0,1.0,194,1776149512.011066,reply,120.0,64.0,,,,,,,
0,1.0,195,1776149512.998307,reply,120.0,64.0,,,,,,,
0,1.0,196,1776149513.986179,reply,120.0,64.0,,,,,,,
0,1.0,197,1776149514.974314,reply,120.0,64.0,,,,,,,
0,1.0,198,1776149515.961866,reply,120.0,64.0,,,,,,,
0,1.0,199,1776149516.949734,reply,120.0,64.0,,,,,,,
0,1.0,200,1776149517.937779,reply,120.0,64.0,,,,,,,
0,1.0,201,1776149518.925509,reply,120.0,64.0,,,,,,,
0,1.0,202,1776149519.912886,reply,120.0,64.0,,,,,,,
0,1.0,203,1776149520.9001,reply,120.0,64.0,,,,,,,
0,1.0,204,1776149521.887838,reply,120.0,64.0,,,,,,,
0,1.0,205,1776149522.87515,reply,120.0,64.0,,,,,,,
0,1.0,206,1776149523.862184,reply,120.0,64.0,,,,,,,
0,1.0,207,1776149528.441988,reply,120.0,64.0,,,,,,,
0,1.0,208,1776149529.429847,reply,120.0,64.0,,,,,,,
0,1.0,209,1776149530.418008,reply,120.0,64.0,,,,,,,
0,1.0,210,1776149531.405515,reply,120.0,64.0,,,,,,,
0,1.0,211,1776149532.39331,reply,120.0,64.0,,,,,,,
0,1.0,212,1776149533.381801,reply,120.0,64.0,,,,,,,
0,1.0,213,1776149534.36962,reply,120.0,64.0,,,,,,,
0,1.0,214,1776149535.357894,reply,121.0,64.0,,,,,,,
0,1.0,215,1776149536.345197,reply,120.0,64.0,,,,,,,
0,1.0,216,1776149537.332591,reply,120.0,64.0,,,,,,,
0,1.0,217,1776149538.320895,reply,120.0,64.0,,,,,,,
0,1.0,218,1776149539.308712,reply,120.0,64.0,,,,,,,
0,1.0,219,1776149540.296735,reply,120.0,64.0,,,,,,,
0,1.0,220,1776149541.283682,reply,120.0,64.0,,,,,,,
0,1.0,221,1776149542.271561,reply,120.0,64.0,,,,,,,
0,1.0,222,1776149543.259459,reply,121.0,64.0,,,,,,,
0,1.0,223,1776149544.247136,reply,120.0,64.0,,,,,,,
0,1.0,224,1776149545.234673,reply,120.0,64.0,,,,,,,
0,1.0,225,1776149546.22181,reply,120.0,64.0,,,,,,,
0,1.0,226,1776149547.208312,reply,120.0,64.0,,,,,,,
0,1.0,227,1776149548.196263,reply,120.0,64.0,,,,,,,
0,1.0,228,1776149549.184448,reply,120.0,64.0,,,,,,,
0,1.0,229,1776149550.171222,reply,120.0,64.0,,,,,,,
0,1.0,230,1776149551.159331,reply,121.0,64.0,,,,,,,
0,1.0,231,1776149552.14711,reply,120.0,64.0,,,,,,,
0,1.0,232,1776149553.135064,reply,120.0,64.0,,,,,,,
0,1.0,233,1776149554.122988,reply,120.0,64.0,,,,,,,
0,1.0,234,1776149555.110372,reply,120.0,64.0,,,,,,,
0,1.0,235,1776149556.097803,reply,120.0,64.0,,,,,,,
0,1.0,236,1776149557.084265,reply,120.0,64.0,,,,,,,
0,1.0,237,1776149558.0724,reply,120.0,64.0,,,,,,,
0,1.0,238,1776149559.060148,reply,120.0,64.0,,,,,,,
0,1.0,240,1776149564.656804,reply,120.0,64.0,,,,,,,
0,1.0,241,1776149565.643805,reply,120.0,64.0,,,,,,,
0,1.0,242,1776149566.631207,reply,120.0,64.0,,,,,,,
0,1.0,243,1776149567.618308,reply,120.0,64.0,,,,,,,
0,1.0,244,1776149568.605217,reply,120.0,64.0,,,,,,,
0,1.0,245,1776149569.592748,reply,120.0,64.0,,,,,,,
0,1.0,246,1776149570.579127,reply,120.0,64.0,,,,,,,
0,1.0,247,1776149571.566562,reply,120.0,64.0,,,,,,,
0,1.0,248,1776149572.554776,reply,120.0,64.0,,,,,,,
0,1.0,249,1776149573.542882,reply,120.0,64.0,,,,,,,
0,1.0,250,1776149574.530104,reply,120.0,64.0,,,,,,,
0,1.0,251,1776149575.517637,reply,120.0,64.0,,,,,,,
0,1.0,252,1776149576.505441,reply,121.0,64.0,,,,,,,
0,1.0,253,1776149577.493058,reply,120.0,64.0,,,,,,,
0,1.0,254,1776149578.480703,reply,120.0,64.0,,,,,,,
0,1.0,255,1776149579.468825,reply,120.0,64.0,,,,,,,
0,1.0,256,1776149580.45568,reply,120.0,64.0,,,,,,,
0,1.0,257,1776149581.443076,reply,120.0,64.0,,,,,,,
0,1.0,258,1776149582.430965,reply,120.0,64.0,,,,,,,
0,1.0,259,1776149583.418636,reply,120.0,64.0,,,,,,,
0,1.0,260,1776149584.406848,reply,120.0,64.0,,,,,,,
0,1.0,261,1776149585.394942,reply,120.0,64.0,,,,,,,
0,1.0,262,1776149586.382369,reply,120.0,64.0,,,,,,,
0,1.0,263,1776149587.369813,reply,120.0,64.0,,,,,,,
0,1.0,264,1776149588.35772,reply,120.0,64.0,,,,,,,
0,1.0,265,1776149589.345079,reply,120.0,64.0,,,,,,,
0,1.0,266,1776149590.331625,reply,120.0,64.0,,,,,,,
0,1.0,267,1776149591.318839,reply,121.0,64.0,,,,,,,
0,1.0,268,1776149592.305279,reply,120.0,64.0,,,,,,,
0,1.0,269,1776149593.292905,reply,120.0,64.0,,,,,,,
0,1.0,270,1776149594.28051,reply,120.0,64.0,,,,,,,
0,1.0,271,1776149595.268179,reply,120.0,64.0,,,,,,,
0,1.0,272,1776149599.849799,reply,120.0,64.0,,,,,,,
0,1.0,275,1776149602.87461,reply,120.0,64.0,,,,,,,
0,1.0,276,1776149603.860914,reply,120.0,64.0,,,,,,,
0,1.0,277,1776149604.848897,reply,120.0,64.0,,,,,,,
0,1.0,278,1776149605.835963,reply,120.0,64.0,,,,,,,
0,1.0,279,1776149606.823985,reply,120.0,64.0,,,,,,,
0,1.0,280,1776149607.811909,reply,120.0,64.0,,,,,,,
0,1.0,281,1776149608.799782,reply,120.0,64.0,,,,,,,
0,1.0,282,1776149609.787524,reply,120.0,64.0,,,,,,,
0,1.0,283,1776149610.775505,reply,120.0,64.0,,,,,,,
0,1.0,284,1776149611.763242,reply,120.0,64.0,,,,,,,
0,1.0,285,1776149612.751223,reply,120.0,64.0,,,,,,,
0,1.0,286,1776149613.737191,reply,120.0,64.0,,,,,,,
0,1.0,287,1776149614.724798,reply,120.0,64.0,,,,,,,
0,1.0,288,1776149615.712165,reply,120.0,64.0,,,,,,,
0,1.0,289,1776149616.699585,reply,120.0,64.0,,,,,,,
0,1.0,290,1776149617.688025,reply,120.0,64.0,,,,,,,
0,1.0,291,1776149618.67561,reply,120.0,64.0,,,,,,,
0,1.0,292,1776149619.663259,reply,120.0,64.0,,,,,,,
0,1.0,293,1776149620.650936,reply,120.0,64.0,,,,,,,
0,1.0,294,1776149621.639455,reply,121.0,64.0,,,,,,,
0,1.0,295,1776149622.626576,reply,120.0,64.0,,,,,,,
0,1.0,296,1776149623.61391,reply,120.0,64.0,,,,,,,
0,1.0,297,1776149624.60146,reply,121.0,64.0,,,,,,,
0,1.0,298,1776149625.589303,reply,121.0,64.0,,,,,,,
0,1.0,299,1776149626.57702,reply,121.0,64.0,,,,,,,
0,1.0,300,1776149627.565292,reply,120.0,64.0,,,,,,,
0,1.0,301,1776149628.553657,reply,120.0,64.0,,,,,,,
0,1.0,302,1776149629.541402,reply,120.0,64.0,,,,,,,
0,1.0,303,1776149630.528983,reply,120.0,64.0,,,,,,,
0,1.0,304,1776149631.517121,reply,120.0,64.0,,,,,,,
0,1.0,305,1776149636.072255,reply,120.0,64.0,,,,,,,
0,1.0,307,1776149638.090048,reply,120.0,64.0,,,,,,,
0,1.0,308,1776149639.077736,reply,120.0,64.0,,,,,,,
0,1.0,309,1776149640.065665,reply,120.0,64.0,,,,,,,
0,1.0,310,1776149641.053379,reply,121.0,64.0,,,,,,,
0,1.0,311,1776149642.039902,reply,120.0,64.0,,,,,,,
0,1.0,312,1776149643.027481,reply,120.0,64.0,,,,,,,
0,1.0,313,1776149644.015512,reply,121.0,64.0,,,,,,,
0,1.0,314,1776149645.002921,reply,121.0,64.0,,,,,,,
0,1.0,315,1776149645.990343,reply,120.0,64.0,,,,,,,
0,1.0,316,1776149646.976762,reply,120.0,64.0,,,,,,,
0,1.0,317,1776149647.963387,reply,120.0,64.0,,,,,,,
0,1.0,318,1776149648.951865,reply,121.0,64.0,,,,,,,
0,1.0,319,1776149649.940379,reply,121.0,64.0,,,,,,,
0,1.0,320,1776149650.927575,reply,120.0,64.0,,,,,,,
0,1.0,321,1776149651.915103,reply,120.0,64.0,,,,,,,
0,1.0,322,1776149652.903465,reply,120.0,64.0,,,,,,,
0,1.0,323,1776149653.891809,reply,120.0,64.0,,,,,,,
0,1.0,324,1776149654.879139,reply,120.0,64.0,,,,,,,
0,1.0,325,1776149655.865665,reply,120.0,64.0,,,,,,,
0,1.0,326,1776149656.85371,reply,120.0,64.0,,,,,,,
0,1.0,327,1776149657.84019,reply,120.0,64.0,,,,,,,
0,1.0,328,1776149658.827568,reply,120.0,64.0,,,,,,,
0,1.0,329,1776149659.815626,reply,120.0,64.0,,,,,,,
0,1.0,330,1776149660.802843,reply,120.0,64.0,,,,,,,
0,1.0,331,1776149661.79054,reply,121.0,64.0,,,,,,,
0,1.0,332,1776149662.778765,reply,121.0,64.0,,,,,,,
0,1.0,333,1776149663.766512,reply,121.0,64.0,,,,,,,
0,1.0,334,1776149664.754525,reply,121.0,64.0,,,,,,,
0,1.0,335,1776149665.741525,reply,120.0,64.0,,,,,,,
0,1.0,336,1776149666.729095,reply,120.0,64.0,,,,,,,
0,1.0,337,1776149671.308463,reply,3713.0,64.0,,,,,,,
0,1.0,338,1776149672.296475,reply,120.0,64.0,,,,,,,
0,1.0,339,1776149673.284421,reply,120.0,64.0,,,,,,,
0,1.0,340,1776149674.271573,reply,120.0,64.0,,,,,,,
0,1.0,341,1776149675.259108,reply,120.0,64.0,,,,,,,
0,1.0,342,1776149676.247127,reply,121.0,64.0,,,,,,,
0,1.0,343,1776149677.234179,reply,120.0,64.0,,,,,,,
0,1.0,344,1776149678.222234,reply,120.0,64.0,,,,,,,
0,1.0,345,1776149679.209216,reply,120.0,64.0,,,,,,,
0,1.0,346,1776149680.196976,reply,121.0,64.0,,,,,,,
0,1.0,347,1776149681.183327,reply,120.0,64.0,,,,,,,
0,1.0,348,1776149682.170163,reply,120.0,64.0,,,,,,,
0,1.0,349,1776149683.157418,reply,120.0,64.0,,,,,,,
0,1.0,350,1776149684.146153,reply,121.0,64.0,,,,,,,
0,1.0,351,1776149685.133385,reply,120.0,64.0,,,,,,,
0,1.0,352,1776149686.121801,reply,120.0,64.0,,,,,,,
0,1.0,353,1776149687.109563,reply,120.0,64.0,,,,,,,
0,1.0,354,1776149688.097121,reply,120.0,64.0,,,,,,,
0,1.0,355,1776149689.084791,reply,120.0,64.0,,,,,,,
0,1.0,356,1776149690.073,reply,120.0,64.0,,,,,,,
0,1.0,357,1776149691.060545,reply,120.0,64.0,,,,,,,
0,1.0,358,1776149692.046739,reply,120.0,64.0,,,,,,,
0,1.0,359,1776149693.034149,reply,120.0,64.0,,,,,,,
0,1.0,360,1776149694.021328,reply,120.0,64.0,,,,,,,
0,1.0,361,1776149695.00801,reply,120.0,64.0,,,,,,,
0,1.0,362,1776149695.995211,reply,120.0,64.0,,,,,,,
0,1.0,363,1776149696.982707,reply,120.0,64.0,,,,,,,
0,1.0,364,1776149697.970548,reply,120.0,64.0,,,,,,,
0,1.0,365,1776149698.957944,reply,120.0,64.0,,,,,,,
0,1.0,366,1776149699.946357,reply,121.0,64.0,,,,,,,
0,1.0,367,1776149700.933737,reply,120.0,64.0,,,,,,,
0,1.0,368,1776149701.920896,reply,120.0,64.0,,,,,,,
0,1.0,369,1776149702.909198,reply,120.0,64.0,,,,,,,
0,1.0,370,1776149707.483438,reply,121.0,64.0,,,,,,,
0,1.0,371,1776149708.469992,reply,120.0,64.0,,,,,,,
0,1.0,372,1776149709.458016,reply,120.0,64.0,,,,,,,
0,1.0,373,1776149710.44551,reply,120.0,64.0,,,,,,,
0,1.0,374,1776149711.433584,reply,121.0,64.0,,,,,,,
0,1.0,375,1776149712.420638,reply,120.0,64.0,,,,,,,
0,1.0,376,1776149713.408572,reply,120.0,64.0,,,,,,,
0,1.0,377,1776149714.396381,reply,120.0,64.0,,,,,,,
0,1.0,378,1776149715.384024,reply,121.0,64.0,,,,,,,
0,1.0,379,1776149716.371745,reply,120.0,64.0,,,,,,,
0,1.0,380,1776149717.358334,reply,120.0,64.0,,,,,,,
0,1.0,381,1776149718.345744,reply,120.0,64.0,,,,,,,
0,1.0,382,1776149719.333115,reply,120.0,64.0,,,,,,,
0,1.0,383,1776149720.320061,reply,120.0,64.0,,,,,,,
0,1.0,384,1776149721.307881,reply,121.0,64.0,,,,,,,
0,1.0,385,1776149722.295119,reply,120.0,64.0,,,,,,,
0,1.0,386,1776149723.282217,reply,120.0,64.0,,,,,,,
0,1.0,387,1776149724.270064,reply,120.0,64.0,,,,,,,
0,1.0,388,1776149725.257373,reply,121.0,64.0,,,,,,,
0,1.0,389,1776149726.244318,reply,120.0,64.0,,,,,,,
0,1.0,390,1776149727.232927,reply,121.0,64.0,,,,,,,
0,1.0,391,1776149728.219854,reply,120.0,64.0,,,,,,,
0,1.0,392,1776149729.207199,reply,120.0,64.0,,,,,,,
0,1.0,393,1776149730.194331,reply,120.0,64.0,,,,,,,
0,1.0,394,1776149731.182117,reply,120.0,64.0,,,,,,,
0,1.0,395,1776149732.170174,reply,120.0,64.0,,,,,,,
0,1.0,396,1776149733.157424,reply,120.0,64.0,,,,,,,
0,1.0,397,1776149734.145581,reply,121.0,64.0,,,,,,,
0,1.0,398,1776149735.132888,reply,120.0,64.0,,,,,,,
0,1.0,399,1776149736.119909,reply,120.0,64.0,,,,,,,
0,1.0,400,1776149737.108464,reply,120.0,64.0,,,,,,,
0,1.0,401,1776149738.095688,reply,120.0,64.0,,,,,,,
0,1.0,402,1776149739.083846,reply,120.0,64.0,,,,,,,
0,1.0,403,1776149743.640366,reply,120.0,64.0,,,,,,,
0,1.0,404,1776149744.6284,reply,120.0,64.0,,,,,,,
0,1.0,405,1776149745.616273,reply,121.0,64.0,,,,,,,
0,1.0,406,1776149746.603988,reply,121.0,64.0,,,,,,,
0,1.0,407,1776149747.591281,reply,120.0,64.0,,,,,,,
0,1.0,408,1776149748.578678,reply,120.0,64.0,,,,,,,
0,1.0,409,1776149749.56491,reply,120.0,64.0,,,,,,,
0,1.0,410,1776149750.552748,reply,121.0,64.0,,,,,,,
0,1.0,411,1776149751.540249,reply,120.0,64.0,,,,,,,
0,1.0,412,1776149752.528293,reply,120.0,64.0,,,,,,,
0,1.0,413,1776149753.515779,reply,120.0,64.0,,,,,,,
0,1.0,414,1776149754.503575,reply,120.0,64.0,,,,,,,
0,1.0,415,1776149755.491183,reply,120.0,64.0,,,,,,,
0,1.0,416,1776149756.479079,reply,120.0,64.0,,,,,,,
0,1.0,417,1776149757.466752,reply,120.0,64.0,,,,,,,
0,1.0,418,1776149758.454344,reply,120.0,64.0,,,,,,,
0,1.0,419,1776149759.441514,reply,121.0,64.0,,,,,,,
0,1.0,420,1776149760.427929,reply,121.0,64.0,,,,,,,
0,1.0,421,1776149761.415684,reply,120.0,64.0,,,,,,,
0,1.0,422,1776149762.404108,reply,120.0,64.0,,,,,,,
0,1.0,423,1776149763.392738,reply,121.0,64.0,,,,,,,
0,1.0,424,1776149764.380304,reply,120.0,64.0,,,,,,,
0,1.0,425,1776149765.368438,reply,120.0,64.0,,,,,,,
0,1.0,426,1776149766.356094,reply,120.0,64.0,,,,,,,
0,1.0,427,1776149767.343695,reply,121.0,64.0,,,,,,,
0,1.0,SUMMARY,,summary,,,,,,,,,
0,1.0,1,1776150271.90098,reply,120.0,64.0,,,,,,,
0,1.0,2,1776150272.888567,reply,121.0,64.0,,,,,,,
0,1.0,3,1776150273.875575,reply,120.0,64.0,,,,,,,
0,1.0,4,1776150274.862741,reply,121.0,64.0,,,,,,,
0,1.0,5,1776150279.444338,reply,120.0,64.0,,,,,,,
0,1.0,6,1776150280.4323,reply,120.0,64.0,,,,,,,
0,1.0,7,1776150281.419545,reply,120.0,64.0,,,,,,,
0,1.0,8,1776150282.406821,reply,120.0,64.0,,,,,,,
0,1.0,9,1776150283.39353,reply,120.0,64.0,,,,,,,
0,1.0,10,1776150284.382042,reply,120.0,64.0,,,,,,,
0,1.0,11,1776150285.369512,reply,120.0,64.0,,,,,,,
0,1.0,12,1776150286.356885,reply,120.0,64.0,,,,,,,
0,1.0,13,1776150287.343636,reply,120.0,64.0,,,,,,,
0,1.0,14,1776150288.331726,reply,120.0,64.0,,,,,,,
0,1.0,15,1776150289.318553,reply,120.0,64.0,,,,,,,
0,1.0,17,1776150291.312356,reply,120.0,64.0,,,,,,,
0,1.0,18,1776150292.300035,reply,120.0,64.0,,,,,,,
0,1.0,19,1776150293.286717,reply,120.0,64.0,,,,,,,
0,1.0,20,1776150294.2746,reply,120.0,64.0,,,,,,,
0,1.0,21,1776150295.261667,reply,120.0,64.0,,,,,,,
0,1.0,22,1776150296.249488,reply,120.0,64.0,,,,,,,
0,1.0,23,1776150297.236145,reply,120.0,64.0,,,,,,,
0,1.0,24,1776150298.222593,reply,120.0,64.0,,,,,,,
0,1.0,25,1776150299.209996,reply,120.0,64.0,,,,,,,
0,1.0,26,1776150300.197446,reply,120.0,64.0,,,,,,,
0,1.0,27,1776150301.184897,reply,120.0,64.0,,,,,,,
0,1.0,28,1776150302.172727,reply,120.0,64.0,,,,,,,
0,1.0,29,1776150303.163834,reply,124.0,64.0,,,,,,,
0,1.0,30,1776150304.147168,reply,120.0,64.0,,,,,,,
0,1.0,31,1776150305.135176,reply,120.0,64.0,,,,,,,
0,1.0,32,1776150306.122421,reply,120.0,64.0,,,,,,,
0,1.0,33,1776150307.109487,reply,120.0,64.0,,,,,,,
0,1.0,34,1776150308.096559,reply,121.0,64.0,,,,,,,
0,1.0,35,1776150309.083541,reply,120.0,64.0,,,,,,,
0,1.0,36,1776150310.071264,reply,120.0,64.0,,,,,,,
0,1.0,37,1776150314.640806,reply,3702.0,64.0,,,,,,,
0,1.0,38,1776150315.627216,reply,120.0,64.0,,,,,,,
0,1.0,39,1776150317.558715,reply,120.0,64.0,,,,,,,
0,1.0,40,1776150318.546847,reply,120.0,64.0,,,,,,,
0,1.0,41,1776150319.534771,reply,120.0,64.0,,,,,,,
0,1.0,42,1776150320.522394,reply,120.0,64.0,,,,,,,
0,1.0,43,1776150321.509313,reply,120.0,64.0,,,,,,,
0,1.0,44,1776150322.495846,reply,120.0,64.0,,,,,,,
0,1.0,45,1776150323.483189,reply,120.0,64.0,,,,,,,
0,1.0,46,1776150324.470759,reply,120.0,64.0,,,,,,,
0,1.0,47,1776150325.458939,reply,120.0,64.0,,,,,,,
0,1.0,48,1776150326.446181,reply,120.0,64.0,,,,,,,
0,1.0,49,1776150327.43331,reply,120.0,64.0,,,,,,,
0,1.0,50,1776150328.421591,reply,120.0,64.0,,,,,,,
0,1.0,51,1776150329.408971,reply,120.0,64.0,,,,,,,
0,1.0,53,1776150331.406153,reply,120.0,64.0,,,,,,,
0,1.0,54,1776150332.393601,reply,120.0,64.0,,,,,,,
0,1.0,55,1776150333.383177,reply,122.0,64.0,,,,,,,
0,1.0,57,1776150335.374101,reply,120.0,64.0,,,,,,,
0,1.0,59,1776150337.390195,reply,120.0,64.0,,,,,,,
0,1.0,60,1776150338.377435,reply,120.0,64.0,,,,,,,
0,1.0,61,1776150339.364581,reply,122.0,64.0,,,,,,,
0,1.0,62,1776150340.34967,reply,120.0,64.0,,,,,,,
0,1.0,63,1776150341.336873,reply,120.0,64.0,,,,,,,
0,1.0,64,1776150342.325027,reply,120.0,64.0,,,,,,,
0,1.0,65,1776150343.313968,reply,121.0,64.0,,,,,,,
0,1.0,66,1776150344.300536,reply,120.0,64.0,,,,,,,
0,1.0,67,1776150345.28893,reply,120.0,64.0,,,,,,,
0,1.0,68,1776150346.276214,reply,120.0,64.0,,,,,,,
0,1.0,70,1776150352.8013,reply,120.0,64.0,,,,,,,
0,1.0,72,1776150354.817343,reply,120.0,64.0,,,,,,,
0,1.0,74,1776150357.76134,reply,120.0,64.0,,,,,,,
0,1.0,75,1776150358.749655,reply,120.0,64.0,,,,,,,
0,1.0,76,1776150359.736818,reply,120.0,64.0,,,,,,,
0,1.0,77,1776150360.725224,reply,120.0,64.0,,,,,,,
0,1.0,78,1776150361.71264,reply,120.0,64.0,,,,,,,
0,1.0,79,1776150363.645215,reply,120.0,64.0,,,,,,,
0,1.0,80,1776150364.633658,reply,120.0,64.0,,,,,,,
0,1.0,81,1776150365.620933,reply,120.0,64.0,,,,,,,
0,1.0,82,1776150366.608656,reply,120.0,64.0,,,,,,,
0,1.0,83,1776150367.596793,reply,120.0,64.0,,,,,,,
0,1.0,84,1776150368.584469,reply,120.0,64.0,,,,,,,
0,1.0,85,1776150369.572273,reply,120.0,64.0,,,,,,,
0,1.0,86,1776150370.55985,reply,120.0,64.0,,,,,,,
0,1.0,87,1776150371.547994,reply,120.0,64.0,,,,,,,
0,1.0,88,1776150372.535918,reply,120.0,64.0,,,,,,,
0,1.0,90,1776150375.473932,reply,120.0,64.0,,,,,,,
0,1.0,91,1776150376.46135,reply,120.0,64.0,,,,,,,
0,1.0,93,1776150382.244906,reply,120.0,64.0,,,,,,,
0,1.0,94,1776150386.829947,reply,120.0,64.0,,,,,,,
0,1.0,95,1776150387.817479,reply,120.0,64.0,,,,,,,
0,1.0,96,1776150388.804273,reply,120.0,64.0,,,,,,,
0,1.0,97,1776150390.735449,reply,120.0,64.0,,,,,,,
0,1.0,98,1776150392.666569,reply,120.0,64.0,,,,,,,
0,1.0,99,1776150393.654368,reply,120.0,64.0,,,,,,,
0,1.0,100,1776150395.587943,reply,120.0,64.0,,,,,,,
0,1.0,101,1776150396.575236,reply,120.0,64.0,,,,,,,
0,1.0,102,1776150397.562798,reply,120.0,64.0,,,,,,,
0,1.0,103,1776150398.549535,reply,120.0,64.0,,,,,,,
0,1.0,105,1776150400.561791,reply,123.0,64.0,,,,,,,
0,1.0,106,1776150404.382913,reply,120.0,64.0,,,,,,,
0,1.0,107,1776150405.370548,reply,120.0,64.0,,,,,,,
0,1.0,108,1776150406.358466,reply,120.0,64.0,,,,,,,
0,1.0,110,1776150408.367479,reply,120.0,64.0,,,,,,,
0,1.0,111,1776150409.355619,reply,120.0,64.0,,,,,,,
0,1.0,112,1776150411.287302,reply,120.0,64.0,,,,,,,
0,1.0,113,1776150412.274652,reply,120.0,64.0,,,,,,,
0,1.0,114,1776150414.206415,reply,120.0,64.0,,,,,,,
0,1.0,115,1776150415.193638,reply,120.0,64.0,,,,,,,
0,1.0,117,1776150417.199502,reply,120.0,64.0,,,,,,,
0,1.0,118,1776150418.187535,reply,120.0,64.0,,,,,,,
0,1.0,119,1776150424.635196,reply,120.0,64.0,,,,,,,
0,1.0,120,1776150425.623442,reply,120.0,64.0,,,,,,,
0,1.0,121,1776150426.611697,reply,120.0,64.0,,,,,,,
0,1.0,122,1776150427.599019,reply,120.0,64.0,,,,,,,
0,1.0,123,1776150428.584654,reply,120.0,64.0,,,,,,,
0,1.0,124,1776150429.571528,reply,120.0,64.0,,,,,,,
0,1.0,125,1776150430.558682,reply,120.0,64.0,,,,,,,
0,1.0,126,1776150431.546086,reply,120.0,64.0,,,,,,,
0,1.0,127,1776150435.367045,reply,120.0,64.0,,,,,,,
0,1.0,128,1776150436.354058,reply,120.0,64.0,,,,,,,
0,1.0,130,1776150438.370494,reply,120.0,64.0,,,,,,,
0,1.0,132,1776150440.386583,reply,120.0,64.0,,,,,,,
0,1.0,133,1776150441.373683,reply,120.0,64.0,,,,,,,
0,1.0,134,1776150443.306061,reply,120.0,64.0,,,,,,,
0,1.0,135,1776150444.293546,reply,120.0,64.0,,,,,,,
0,1.0,136,1776150446.22616,reply,120.0,64.0,,,,,,,
0,1.0,137,1776150450.046957,reply,121.0,64.0,,,,,,,
0,1.0,138,1776150451.03288,reply,120.0,64.0,,,,,,,
0,1.0,139,1776150452.01911,reply,120.0,64.0,,,,,,,
0,1.0,140,1776150453.952211,reply,120.0,64.0,,,,,,,
0,1.0,142,1776150459.552691,reply,120.0,64.0,,,,,,,
0,1.0,144,1776150461.568832,reply,120.0,64.0,,,,,,,
0,1.0,145,1776150462.556126,reply,120.0,64.0,,,,,,,
0,1.0,146,1776150463.543702,reply,120.0,64.0,,,,,,,
0,1.0,148,1776150465.536748,reply,120.0,64.0,,,,,,,
0,1.0,149,1776150466.524187,reply,120.0,64.0,,,,,,,
0,1.0,150,1776150467.511737,reply,120.0,64.0,,,,,,,
0,1.0,152,1776150469.504703,reply,120.0,64.0,,,,,,,
0,1.0,153,1776150470.492695,reply,120.0,64.0,,,,,,,
0,1.0,154,1776150471.480225,reply,120.0,64.0,,,,,,,
0,1.0,156,1776150473.472848,reply,120.0,64.0,,,,,,,
0,1.0,157,1776150474.460119,reply,121.0,64.0,,,,,,,
0,1.0,158,1776150475.446625,reply,120.0,64.0,,,,,,,
0,1.0,159,1776150476.435494,reply,122.0,64.0,,,,,,,
0,1.0,160,1776150477.42081,reply,120.0,64.0,,,,,,,
0,1.0,161,1776150478.409175,reply,121.0,64.0,,,,,,,
0,1.0,162,1776150479.395605,reply,120.0,64.0,,,,,,,
0,1.0,163,1776150480.384379,reply,121.0,64.0,,,,,,,
0,1.0,164,1776150481.370938,reply,120.0,64.0,,,,,,,
0,1.0,165,1776150482.358523,reply,120.0,64.0,,,,,,,
0,1.0,166,1776150483.34588,reply,120.0,64.0,,,,,,,
0,1.0,167,1776150484.332363,reply,120.0,64.0,,,,,,,
0,1.0,168,1776150485.318561,reply,120.0,64.0,,,,,,,
0,1.0,169,1776150486.306734,reply,120.0,64.0,,,,,,,
0,1.0,170,1776150487.295142,reply,120.0,64.0,,,,,,,
0,1.0,171,1776150488.284304,reply,122.0,64.0,,,,,,,
0,1.0,172,1776150489.270965,reply,120.0,64.0,,,,,,,
0,1.0,173,1776150493.856055,reply,3718.0,64.0,,,,,,,
0,1.0,174,1776150494.843782,reply,120.0,64.0,,,,,,,
0,1.0,175,1776150495.830974,reply,120.0,64.0,,,,,,,
0,1.0,176,1776150496.821952,reply,124.0,64.0,,,,,,,
0,1.0,177,1776150497.803919,reply,120.0,64.0,,,,,,,
0,1.0,178,1776150498.790179,reply,120.0,64.0,,,,,,,
0,1.0,179,1776150499.777131,reply,120.0,64.0,,,,,,,
0,1.0,180,1776150500.764927,reply,120.0,64.0,,,,,,,
0,1.0,181,1776150501.751718,reply,120.0,64.0,,,,,,,
0,1.0,182,1776150502.739643,reply,120.0,64.0,,,,,,,
0,1.0,184,1776150504.751026,reply,120.0,64.0,,,,,,,
0,1.0,185,1776150505.738719,reply,120.0,64.0,,,,,,,
0,1.0,186,1776150506.726617,reply,121.0,64.0,,,,,,,
0,1.0,187,1776150507.71383,reply,120.0,64.0,,,,,,,
0,1.0,188,1776150508.700813,reply,120.0,64.0,,,,,,,
0,1.0,189,1776150509.689122,reply,120.0,64.0,,,,,,,
0,1.0,190,1776150510.676004,reply,120.0,64.0,,,,,,,
0,1.0,192,1776150513.6309,reply,120.0,64.0,,,,,,,
0,1.0,193,1776150514.618805,reply,120.0,64.0,,,,,,,
0,1.0,194,1776150515.606375,reply,120.0,64.0,,,,,,,
0,1.0,195,1776150516.593588,reply,120.0,64.0,,,,,,,
0,1.0,196,1776150517.580577,reply,120.0,64.0,,,,,,,
0,1.0,197,1776150518.567245,reply,120.0,64.0,,,,,,,
0,1.0,198,1776150519.555109,reply,120.0,64.0,,,,,,,
0,1.0,199,1776150520.542897,reply,120.0,64.0,,,,,,,
0,1.0,200,1776150521.53088,reply,120.0,64.0,,,,,,,
0,1.0,201,1776150522.518966,reply,120.0,64.0,,,,,,,
0,1.0,202,1776150523.506876,reply,120.0,64.0,,,,,,,
0,1.0,203,1776150524.494781,reply,120.0,64.0,,,,,,,
0,1.0,204,1776150525.482652,reply,120.0,64.0,,,,,,,
0,1.0,205,1776150530.043431,reply,120.0,64.0,,,,,,,
0,1.0,206,1776150531.031123,reply,120.0,64.0,,,,,,,
0,1.0,207,1776150532.017948,reply,120.0,64.0,,,,,,,
0,1.0,208,1776150533.006109,reply,120.0,64.0,,,,,,,
0,1.0,209,1776150533.994114,reply,120.0,64.0,,,,,,,
0,1.0,210,1776150534.981379,reply,120.0,64.0,,,,,,,
0,1.0,211,1776150535.968763,reply,120.0,64.0,,,,,,,
0,1.0,212,1776150536.956034,reply,120.0,64.0,,,,,,,
0,1.0,213,1776150537.943163,reply,120.0,64.0,,,,,,,
0,1.0,214,1776150538.93054,reply,120.0,64.0,,,,,,,
0,1.0,215,1776150539.918302,reply,120.0,64.0,,,,,,,
0,1.0,216,1776150540.906037,reply,120.0,64.0,,,,,,,
0,1.0,217,1776150541.892937,reply,120.0,64.0,,,,,,,
0,1.0,218,1776150542.879497,reply,120.0,64.0,,,,,,,
0,1.0,219,1776150543.867404,reply,120.0,64.0,,,,,,,
0,1.0,220,1776150544.855583,reply,121.0,64.0,,,,,,,
0,1.0,221,1776150545.842945,reply,120.0,64.0,,,,,,,
0,1.0,222,1776150546.830754,reply,120.0,64.0,,,,,,,
0,1.0,223,1776150547.81851,reply,120.0,64.0,,,,,,,
0,1.0,224,1776150548.806708,reply,120.0,64.0,,,,,,,
0,1.0,225,1776150549.793922,reply,120.0,64.0,,,,,,,
0,1.0,226,1776150550.781656,reply,120.0,64.0,,,,,,,
0,1.0,227,1776150551.764595,reply,120.0,64.0,,,,,,,
0,1.0,228,1776150552.751506,reply,120.0,64.0,,,,,,,
0,1.0,229,1776150553.739316,reply,120.0,64.0,,,,,,,
0,1.0,230,1776150554.726377,reply,120.0,64.0,,,,,,,
0,1.0,231,1776150555.713252,reply,120.0,64.0,,,,,,,
0,1.0,232,1776150556.700405,reply,120.0,64.0,,,,,,,
0,1.0,233,1776150557.687971,reply,120.0,64.0,,,,,,,
0,1.0,234,1776150558.675109,reply,120.0,64.0,,,,,,,
0,1.0,235,1776150559.662143,reply,120.0,64.0,,,,,,,
0,1.0,236,1776150560.649781,reply,120.0,64.0,,,,,,,
0,1.0,237,1776150561.637216,reply,120.0,64.0,,,,,,,
0,1.0,238,1776150566.214824,reply,120.0,64.0,,,,,,,
0,1.0,239,1776150567.202494,reply,121.0,64.0,,,,,,,
0,1.0,240,1776150568.189741,reply,120.0,64.0,,,,,,,
0,1.0,241,1776150569.177743,reply,120.0,64.0,,,,,,,
0,1.0,242,1776150570.165688,reply,120.0,64.0,,,,,,,
0,1.0,243,1776150571.154116,reply,121.0,64.0,,,,,,,
0,1.0,244,1776150572.141766,reply,121.0,64.0,,,,,,,
0,1.0,245,1776150573.129007,reply,120.0,64.0,,,,,,,
0,1.0,246,1776150574.11721,reply,120.0,64.0,,,,,,,
0,1.0,247,1776150575.104522,reply,120.0,64.0,,,,,,,
0,1.0,248,1776150576.091326,reply,120.0,64.0,,,,,,,
0,1.0,249,1776150577.078381,reply,120.0,64.0,,,,,,,
0,1.0,250,1776150578.06578,reply,120.0,64.0,,,,,,,
0,1.0,251,1776150579.053463,reply,120.0,64.0,,,,,,,
0,1.0,252,1776150580.041229,reply,120.0,64.0,,,,,,,
0,1.0,253,1776150581.02888,reply,120.0,64.0,,,,,,,
0,1.0,254,1776150582.016397,reply,120.0,64.0,,,,,,,
0,1.0,255,1776150583.004319,reply,121.0,64.0,,,,,,,
0,1.0,256,1776150583.992044,reply,120.0,64.0,,,,,,,
0,1.0,257,1776150584.979985,reply,120.0,64.0,,,,,,,
0,1.0,258,1776150585.967726,reply,120.0,64.0,,,,,,,
0,1.0,259,1776150586.95436,reply,120.0,64.0,,,,,,,
0,1.0,260,1776150587.942044,reply,120.0,64.0,,,,,,,
0,1.0,261,1776150588.930212,reply,120.0,64.0,,,,,,,
0,1.0,262,1776150589.918164,reply,120.0,64.0,,,,,,,
0,1.0,263,1776150590.9063,reply,121.0,64.0,,,,,,,
0,1.0,264,1776150592.837694,reply,120.0,64.0,,,,,,,
0,1.0,265,1776150593.825543,reply,120.0,64.0,,,,,,,
0,1.0,266,1776150594.813429,reply,120.0,64.0,,,,,,,
0,1.0,267,1776150595.801072,reply,120.0,64.0,,,,,,,
0,1.0,268,1776150596.786817,reply,120.0,64.0,,,,,,,
0,1.0,269,1776150601.345757,reply,3693.0,64.0,,,,,,,
0,1.0,270,1776150602.332661,reply,120.0,64.0,,,,,,,
0,1.0,271,1776150603.320248,reply,120.0,64.0,,,,,,,
0,1.0,272,1776150604.307475,reply,120.0,64.0,,,,,,,
0,1.0,273,1776150605.294951,reply,120.0,64.0,,,,,,,
0,1.0,274,1776150606.282316,reply,120.0,64.0,,,,,,,
0,1.0,275,1776150607.270009,reply,120.0,64.0,,,,,,,
0,1.0,276,1776150608.257416,reply,120.0,64.0,,,,,,,
0,1.0,277,1776150609.244475,reply,120.0,64.0,,,,,,,
0,1.0,278,1776150610.232149,reply,120.0,64.0,,,,,,,
0,1.0,279,1776150611.218218,reply,120.0,64.0,,,,,,,
0,1.0,280,1776150612.205965,reply,120.0,64.0,,,,,,,
0,1.0,281,1776150613.193967,reply,120.0,64.0,,,,,,,
0,1.0,282,1776150614.181329,reply,120.0,64.0,,,,,,,
0,1.0,283,1776150615.169321,reply,120.0,64.0,,,,,,,
0,1.0,284,1776150616.157379,reply,121.0,64.0,,,,,,,
0,1.0,285,1776150617.145017,reply,120.0,64.0,,,,,,,
0,1.0,286,1776150618.133248,reply,121.0,64.0,,,,,,,
0,1.0,287,1776150619.12062,reply,120.0,64.0,,,,,,,
0,1.0,288,1776150620.108472,reply,120.0,64.0,,,,,,,
0,1.0,289,1776150621.09535,reply,120.0,64.0,,,,,,,
0,1.0,290,1776150622.08322,reply,120.0,64.0,,,,,,,
0,1.0,291,1776150623.071057,reply,120.0,64.0,,,,,,,
0,1.0,292,1776150624.059004,reply,120.0,64.0,,,,,,,
0,1.0,293,1776150625.046563,reply,120.0,64.0,,,,,,,
0,1.0,294,1776150626.034321,reply,120.0,64.0,,,,,,,
0,1.0,295,1776150627.02185,reply,120.0,64.0,,,,,,,
0,1.0,296,1776150628.010001,reply,120.0,64.0,,,,,,,
0,1.0,297,1776150628.99778,reply,120.0,64.0,,,,,,,
0,1.0,298,1776150629.985947,reply,120.0,64.0,,,,,,,
0,1.0,299,1776150630.972947,reply,120.0,64.0,,,,,,,
0,1.0,300,1776150631.959107,reply,120.0,64.0,,,,,,,
0,1.0,301,1776150632.946226,reply,120.0,64.0,,,,,,,
0,1.0,302,1776150637.521401,reply,120.0,64.0,,,,,,,
0,1.0,303,1776150638.508335,reply,120.0,64.0,,,,,,,
0,1.0,304,1776150639.49651,reply,120.0,64.0,,,,,,,
0,1.0,305,1776150640.483643,reply,120.0,64.0,,,,,,,
0,1.0,306,1776150641.470674,reply,120.0,64.0,,,,,,,
0,1.0,307,1776150642.458581,reply,120.0,64.0,,,,,,,
0,1.0,308,1776150643.44664,reply,120.0,64.0,,,,,,,
0,1.0,309,1776150644.433438,reply,121.0,64.0,,,,,,,
0,1.0,310,1776150645.420367,reply,120.0,64.0,,,,,,,
0,1.0,311,1776150646.407796,reply,120.0,64.0,,,,,,,
0,1.0,312,1776150647.395523,reply,120.0,64.0,,,,,,,
0,1.0,313,1776150648.382933,reply,120.0,64.0,,,,,,,
0,1.0,314,1776150649.370433,reply,120.0,64.0,,,,,,,
0,1.0,315,1776150650.358315,reply,120.0,64.0,,,,,,,
0,1.0,316,1776150651.34576,reply,120.0,64.0,,,,,,,
0,1.0,317,1776150652.333416,reply,120.0,64.0,,,,,,,
0,1.0,318,1776150653.320528,reply,120.0,64.0,,,,,,,
0,1.0,319,1776150654.307549,reply,120.0,64.0,,,,,,,
0,1.0,320,1776150655.294357,reply,120.0,64.0,,,,,,,
0,1.0,321,1776150656.282267,reply,120.0,64.0,,,,,,,
0,1.0,322,1776150657.270226,reply,120.0,64.0,,,,,,,
0,1.0,323,1776150658.257622,reply,120.0,64.0,,,,,,,
0,1.0,324,1776150659.246063,reply,120.0,64.0,,,,,,,
0,1.0,325,1776150660.233514,reply,120.0,64.0,,,,,,,
0,1.0,326,1776150661.221201,reply,120.0,64.0,,,,,,,
0,1.0,327,1776150662.209082,reply,120.0,64.0,,,,,,,
0,1.0,328,1776150663.196581,reply,120.0,64.0,,,,,,,
0,1.0,330,1776150665.185787,reply,120.0,64.0,,,,,,,
0,1.0,331,1776150666.173702,reply,120.0,64.0,,,,,,,
0,1.0,332,1776150667.161486,reply,120.0,64.0,,,,,,,
0,1.0,333,1776150668.149042,reply,120.0,64.0,,,,,,,
0,1.0,334,1776150669.13639,reply,120.0,64.0,,,,,,,
0,1.0,335,1776150673.715044,reply,120.0,64.0,,,,,,,
0,1.0,336,1776150674.702481,reply,120.0,64.0,,,,,,,
0,1.0,337,1776150675.690221,reply,120.0,64.0,,,,,,,
0,1.0,338,1776150676.67708,reply,120.0,64.0,,,,,,,
0,1.0,339,1776150677.664619,reply,120.0,64.0,,,,,,,
0,1.0,340,1776150678.651031,reply,120.0,64.0,,,,,,,
0,1.0,341,1776150679.63524,reply,120.0,64.0,,,,,,,
0,1.0,342,1776150680.622735,reply,120.0,64.0,,,,,,,
0,1.0,343,1776150681.610255,reply,120.0,64.0,,,,,,,
0,1.0,344,1776150682.597882,reply,120.0,64.0,,,,,,,
0,1.0,345,1776150683.585566,reply,120.0,64.0,,,,,,,
0,1.0,346,1776150684.573263,reply,120.0,64.0,,,,,,,
0,1.0,347,1776150685.560851,reply,120.0,64.0,,,,,,,
0,1.0,348,1776150686.547809,reply,120.0,64.0,,,,,,,
0,1.0,349,1776150687.535362,reply,120.0,64.0,,,,,,,
0,1.0,350,1776150688.52287,reply,120.0,64.0,,,,,,,
0,1.0,351,1776150689.509232,reply,120.0,64.0,,,,,,,
0,1.0,352,1776150690.496899,reply,120.0,64.0,,,,,,,
0,1.0,353,1776150691.484607,reply,120.0,64.0,,,,,,,
0,1.0,354,1776150692.472224,reply,120.0,64.0,,,,,,,
0,1.0,355,1776150693.45985,reply,120.0,64.0,,,,,,,
0,1.0,356,1776150694.447354,reply,120.0,64.0,,,,,,,
0,1.0,357,1776150695.434549,reply,120.0,64.0,,,,,,,
0,1.0,358,1776150696.422218,reply,120.0,64.0,,,,,,,
0,1.0,359,1776150697.40977,reply,120.0,64.0,,,,,,,
0,1.0,360,1776150698.397803,reply,120.0,64.0,,,,,,,
0,1.0,361,1776150699.384799,reply,120.0,64.0,,,,,,,
0,1.0,362,1776150700.372631,reply,120.0,64.0,,,,,,,
0,1.0,363,1776150701.360929,reply,121.0,64.0,,,,,,,
0,1.0,364,1776150702.347822,reply,120.0,64.0,,,,,,,
0,1.0,365,1776150703.335339,reply,120.0,64.0,,,,,,,
0,1.0,366,1776150704.323664,reply,120.0,64.0,,,,,,,
0,1.0,367,1776150708.894804,reply,120.0,64.0,,,,,,,
0,1.0,368,1776150709.882743,reply,120.0,64.0,,,,,,,
0,1.0,369,1776150710.870745,reply,120.0,64.0,,,,,,,
0,1.0,370,1776150711.858299,reply,120.0,64.0,,,,,,,
0,1.0,371,1776150712.844655,reply,120.0,64.0,,,,,,,
0,1.0,372,1776150713.833,reply,120.0,64.0,,,,,,,
0,1.0,373,1776150714.821481,reply,120.0,64.0,,,,,,,
0,1.0,374,1776150715.808722,reply,120.0,64.0,,,,,,,
0,1.0,375,1776150716.796231,reply,120.0,64.0,,,,,,,
0,1.0,376,1776150717.783665,reply,120.0,64.0,,,,,,,
0,1.0,377,1776150718.77133,reply,120.0,64.0,,,,,,,
0,1.0,378,1776150719.758376,reply,120.0,64.0,,,,,,,
0,1.0,379,1776150720.74691,reply,121.0,64.0,,,,,,,
0,1.0,380,1776150721.734494,reply,120.0,64.0,,,,,,,
0,1.0,381,1776150722.721406,reply,120.0,64.0,,,,,,,
0,1.0,382,1776150723.708017,reply,120.0,64.0,,,,,,,
0,1.0,383,1776150724.694841,reply,120.0,64.0,,,,,,,
0,1.0,384,1776150725.681905,reply,120.0,64.0,,,,,,,
0,1.0,385,1776150726.669785,reply,120.0,64.0,,,,,,,
0,1.0,386,1776150727.657071,reply,120.0,64.0,,,,,,,
0,1.0,387,1776150728.64416,reply,120.0,64.0,,,,,,,
0,1.0,388,1776150729.631337,reply,120.0,64.0,,,,,,,
0,1.0,389,1776150730.618791,reply,120.0,64.0,,,,,,,
0,1.0,390,1776150731.606092,reply,120.0,64.0,,,,,,,
0,1.0,391,1776150732.593478,reply,120.0,64.0,,,,,,,
0,1.0,392,1776150733.580644,reply,121.0,64.0,,,,,,,
0,1.0,393,1776150734.568639,reply,120.0,64.0,,,,,,,
0,1.0,394,1776150735.556742,reply,120.0,64.0,,,,,,,
0,1.0,395,1776150736.544738,reply,120.0,64.0,,,,,,,
0,1.0,396,1776150737.532575,reply,120.0,64.0,,,,,,,
0,1.0,397,1776150738.520057,reply,120.0,64.0,,,,,,,
0,1.0,398,1776150739.507608,reply,120.0,64.0,,,,,,,
0,1.0,399,1776150740.49522,reply,120.0,64.0,,,,,,,
0,1.0,400,1776150745.05644,reply,120.0,64.0,,,,,,,
0,1.0,401,1776150746.044184,reply,120.0,64.0,,,,,,,
0,1.0,402,1776150747.030311,reply,120.0,64.0,,,,,,,
0,1.0,403,1776150748.018038,reply,120.0,64.0,,,,,,,
0,1.0,404,1776150749.006441,reply,120.0,64.0,,,,,,,
0,1.0,405,1776150749.994409,reply,120.0,64.0,,,,,,,
0,1.0,406,1776150750.981901,reply,120.0,64.0,,,,,,,
0,1.0,407,1776150751.969164,reply,120.0,64.0,,,,,,,
0,1.0,408,1776150752.956828,reply,120.0,64.0,,,,,,,
0,1.0,409,1776150753.94469,reply,120.0,64.0,,,,,,,
0,1.0,410,1776150754.93243,reply,120.0,64.0,,,,,,,
0,1.0,411,1776150755.920214,reply,120.0,64.0,,,,,,,
0,1.0,412,1776150756.907076,reply,120.0,64.0,,,,,,,
0,1.0,413,1776150757.893657,reply,120.0,64.0,,,,,,,
0,1.0,414,1776150758.881577,reply,120.0,64.0,,,,,,,
0,1.0,415,1776150759.869295,reply,120.0,64.0,,,,,,,
0,1.0,416,1776150760.856956,reply,120.0,64.0,,,,,,,
0,1.0,417,1776150761.844251,reply,120.0,64.0,,,,,,,
0,1.0,418,1776150762.831314,reply,120.0,64.0,,,,,,,
0,1.0,419,1776150763.819083,reply,120.0,64.0,,,,,,,
0,1.0,420,1776150764.807,reply,120.0,64.0,,,,,,,
0,1.0,421,1776150765.794617,reply,120.0,64.0,,,,,,,
0,1.0,422,1776150766.78148,reply,120.0,64.0,,,,,,,
0,1.0,423,1776150767.768118,reply,120.0,64.0,,,,,,,
0,1.0,424,1776150768.756178,reply,120.0,64.0,,,,,,,
0,1.0,425,1776150769.744,reply,120.0,64.0,,,,,,,
0,1.0,426,1776150770.731192,reply,120.0,64.0,,,,,,,
0,1.0,427,1776150771.71867,reply,120.0,64.0,,,,,,,
0,1.0,SUMMARY,,summary,,,,,,,,,
0,1.0,1,1776151276.484166,reply,120.0,64.0,,,,,,,
0,1.0,2,1776151281.063521,reply,120.0,64.0,,,,,,,
0,1.0,3,1776151282.050842,reply,120.0,64.0,,,,,,,
0,1.0,4,1776151283.037909,reply,120.0,64.0,,,,,,,
0,1.0,5,1776151284.025721,reply,120.0,64.0,,,,,,,
0,1.0,6,1776151285.012797,reply,120.0,64.0,,,,,,,
0,1.0,8,1776151287.01404,reply,120.0,64.0,,,,,,,
0,1.0,9,1776151288.001431,reply,120.0,64.0,,,,,,,
0,1.0,10,1776151288.989176,reply,120.0,64.0,,,,,,,
0,1.0,11,1776151289.976642,reply,120.0,64.0,,,,,,,
0,1.0,12,1776151290.964461,reply,120.0,64.0,,,,,,,
0,1.0,13,1776151291.953215,reply,121.0,64.0,,,,,,,
0,1.0,14,1776151292.939785,reply,120.0,64.0,,,,,,,
0,1.0,15,1776151293.928387,reply,121.0,64.0,,,,,,,
0,1.0,18,1776151296.965796,reply,120.0,64.0,,,,,,,
0,1.0,19,1776151298.898616,reply,120.0,64.0,,,,,,,
0,1.0,20,1776151299.885645,reply,120.0,64.0,,,,,,,
0,1.0,22,1776151301.893942,reply,120.0,64.0,,,,,,,
0,1.0,23,1776151302.880654,reply,120.0,64.0,,,,,,,
0,1.0,24,1776151303.868216,reply,120.0,64.0,,,,,,,
0,1.0,25,1776151304.855527,reply,120.0,64.0,,,,,,,
0,1.0,26,1776151305.843098,reply,120.0,64.0,,,,,,,
0,1.0,28,1776151307.845922,reply,120.0,64.0,,,,,,,
0,1.0,29,1776151308.83332,reply,120.0,64.0,,,,,,,
0,1.0,30,1776151309.820677,reply,120.0,64.0,,,,,,,
0,1.0,31,1776151310.811026,reply,123.0,64.0,,,,,,,
0,1.0,32,1776151311.794431,reply,120.0,64.0,,,,,,,
0,1.0,33,1776151316.35958,reply,3699.0,64.0,,,,,,,
0,1.0,34,1776151317.351513,reply,124.0,64.0,,,,,,,
0,1.0,35,1776151318.335468,reply,120.0,64.0,,,,,,,
0,1.0,36,1776151319.323375,reply,120.0,64.0,,,,,,,
0,1.0,37,1776151320.311749,reply,120.0,64.0,,,,,,,
0,1.0,38,1776151321.299563,reply,120.0,64.0,,,,,,,
0,1.0,39,1776151322.286593,reply,120.0,64.0,,,,,,,
0,1.0,40,1776151323.274179,reply,120.0,64.0,,,,,,,
0,1.0,41,1776151325.209683,reply,124.0,64.0,,,,,,,
0,1.0,42,1776151326.191363,reply,120.0,64.0,,,,,,,
0,1.0,44,1776151328.192456,reply,120.0,64.0,,,,,,,
0,1.0,45,1776151329.180933,reply,120.0,64.0,,,,,,,
0,1.0,46,1776151330.167756,reply,120.0,64.0,,,,,,,
0,1.0,47,1776151331.154515,reply,120.0,64.0,,,,,,,
0,1.0,48,1776151333.08664,reply,120.0,64.0,,,,,,,
0,1.0,49,1776151335.018793,reply,120.0,64.0,,,,,,,
0,1.0,50,1776151336.006313,reply,120.0,64.0,,,,,,,
0,1.0,51,1776151336.993609,reply,120.0,64.0,,,,,,,
0,1.0,52,1776151337.981893,reply,120.0,64.0,,,,,,,
0,1.0,53,1776151338.970859,reply,122.0,64.0,,,,,,,
0,1.0,54,1776151339.957145,reply,120.0,64.0,,,,,,,
0,1.0,55,1776151340.944273,reply,120.0,64.0,,,,,,,
0,1.0,56,1776151341.932498,reply,120.0,64.0,,,,,,,
0,1.0,58,1776151343.93656,reply,120.0,64.0,,,,,,,
0,1.0,60,1776151346.8805,reply,120.0,64.0,,,,,,,
0,1.0,61,1776151347.867289,reply,120.0,64.0,,,,,,,
0,1.0,62,1776151353.38872,reply,120.0,64.0,,,,,,,
0,1.0,63,1776151354.377132,reply,120.0,64.0,,,,,,,
0,1.0,65,1776151356.388962,reply,120.0,64.0,,,,,,,
0,1.0,66,1776151357.376799,reply,120.0,64.0,,,,,,,
0,1.0,67,1776151358.364731,reply,120.0,64.0,,,,,,,
0,1.0,68,1776151359.352089,reply,120.0,64.0,,,,,,,
0,1.0,69,1776151362.227902,reply,120.0,64.0,,,,,,,
0,1.0,70,1776151364.160853,reply,120.0,64.0,,,,,,,
0,1.0,71,1776151365.151195,reply,122.0,64.0,,,,,,,
0,1.0,73,1776151367.140972,reply,120.0,64.0,,,,,,,
0,1.0,74,1776151369.073084,reply,120.0,64.0,,,,,,,
0,1.0,75,1776151371.950081,reply,120.0,64.0,,,,,,,
0,1.0,76,1776151372.938201,reply,120.0,64.0,,,,,,,
0,1.0,77,1776151373.925043,reply,120.0,64.0,,,,,,,
0,1.0,78,1776151374.912598,reply,120.0,64.0,,,,,,,
0,1.0,79,1776151375.900679,reply,120.0,64.0,,,,,,,
0,1.0,80,1776151376.8898,reply,121.0,64.0,,,,,,,
0,1.0,81,1776151378.821754,reply,120.0,64.0,,,,,,,
0,1.0,82,1776151379.808467,reply,120.0,64.0,,,,,,,
0,1.0,83,1776151380.796093,reply,120.0,64.0,,,,,,,
0,1.0,84,1776151381.784632,reply,120.0,64.0,,,,,,,
0,1.0,85,1776151388.233499,reply,120.0,64.0,,,,,,,
0,1.0,86,1776151390.166327,reply,120.0,64.0,,,,,,,
0,1.0,88,1776151393.099161,reply,120.0,64.0,,,,,,,
0,1.0,89,1776151394.087027,reply,120.0,64.0,,,,,,,
0,1.0,90,1776151395.07655,reply,122.0,64.0,,,,,,,
0,1.0,92,1776151397.081894,reply,120.0,64.0,,,,,,,
0,1.0,95,1776151400.121872,reply,120.0,64.0,,,,,,,
0,1.0,96,1776151401.108882,reply,120.0,64.0,,,,,,,
0,1.0,97,1776151402.096954,reply,120.0,64.0,,,,,,,
0,1.0,98,1776151403.084798,reply,120.0,64.0,,,,,,,
0,1.0,99,1776151404.072935,reply,120.0,64.0,,,,,,,
0,1.0,101,1776151406.073896,reply,120.0,64.0,,,,,,,
0,1.0,102,1776151407.061904,reply,120.0,64.0,,,,,,,
0,1.0,103,1776151408.994164,reply,120.0,64.0,,,,,,,
0,1.0,104,1776151409.981917,reply,120.0,64.0,,,,,,,
0,1.0,105,1776151411.916215,reply,121.0,64.0,,,,,,,
0,1.0,106,1776151412.904446,reply,122.0,64.0,,,,,,,
0,1.0,107,1776151417.668534,reply,120.0,64.0,,,,,,,
0,1.0,108,1776151418.656094,reply,120.0,64.0,,,,,,,
0,1.0,109,1776151425.118731,reply,120.0,64.0,,,,,,,
0,1.0,110,1776151426.104806,reply,120.0,64.0,,,,,,,
0,1.0,111,1776151428.037705,reply,120.0,64.0,,,,,,,
0,1.0,112,1776151429.026113,reply,120.0,64.0,,,,,,,
0,1.0,113,1776151430.013833,reply,120.0,64.0,,,,,,,
0,1.0,114,1776151432.889445,reply,120.0,64.0,,,,,,,
0,1.0,115,1776151433.877226,reply,120.0,64.0,,,,,,,
0,1.0,116,1776151434.865045,reply,120.0,64.0,,,,,,,
0,1.0,117,1776151435.852818,reply,120.0,64.0,,,,,,,
0,1.0,118,1776151437.784589,reply,120.0,64.0,,,,,,,
0,1.0,119,1776151438.772879,reply,120.0,64.0,,,,,,,
0,1.0,120,1776151439.760783,reply,120.0,64.0,,,,,,,
0,1.0,121,1776151440.748919,reply,120.0,64.0,,,,,,,
0,1.0,122,1776151442.680771,reply,120.0,64.0,,,,,,,
0,1.0,124,1776151444.699755,reply,120.0,64.0,,,,,,,
0,1.0,126,1776151446.715811,reply,120.0,64.0,,,,,,,
0,1.0,127,1776151447.702105,reply,120.0,64.0,,,,,,,
0,1.0,129,1776151450.637271,reply,120.0,64.0,,,,,,,
0,1.0,130,1776151451.624816,reply,120.0,64.0,,,,,,,
0,1.0,131,1776151452.613073,reply,120.0,64.0,,,,,,,
0,1.0,132,1776151453.599968,reply,120.0,64.0,,,,,,,
0,1.0,133,1776151454.588641,reply,122.0,64.0,,,,,,,
0,1.0,134,1776151455.574731,reply,120.0,64.0,,,,,,,
0,1.0,136,1776151461.153372,reply,120.0,64.0,,,,,,,
0,1.0,137,1776151463.086473,reply,120.0,64.0,,,,,,,
0,1.0,138,1776151464.074121,reply,120.0,64.0,,,,,,,
0,1.0,139,1776151465.062277,reply,120.0,64.0,,,,,,,
0,1.0,140,1776151466.049578,reply,120.0,64.0,,,,,,,
0,1.0,141,1776151467.037863,reply,120.0,64.0,,,,,,,
0,1.0,142,1776151468.025349,reply,120.0,64.0,,,,,,,
0,1.0,143,1776151469.013432,reply,120.0,64.0,,,,,,,
0,1.0,145,1776151471.015319,reply,122.0,64.0,,,,,,,
0,1.0,146,1776151471.999536,reply,120.0,64.0,,,,,,,
0,1.0,147,1776151472.987748,reply,121.0,64.0,,,,,,,
0,1.0,149,1776151475.937359,reply,120.0,64.0,,,,,,,
0,1.0,150,1776151476.925705,reply,120.0,64.0,,,,,,,
0,1.0,151,1776151477.912683,reply,120.0,64.0,,,,,,,
0,1.0,152,1776151478.900885,reply,120.0,64.0,,,,,,,
0,1.0,154,1776151480.897532,reply,120.0,64.0,,,,,,,
0,1.0,155,1776151481.883527,reply,120.0,64.0,,,,,,,
0,1.0,156,1776151482.870617,reply,120.0,64.0,,,,,,,
0,1.0,157,1776151483.858393,reply,120.0,64.0,,,,,,,
0,1.0,158,1776151484.846459,reply,120.0,64.0,,,,,,,
0,1.0,159,1776151485.834443,reply,120.0,64.0,,,,,,,
0,1.0,160,1776151486.821983,reply,120.0,64.0,,,,,,,
0,1.0,161,1776151487.80999,reply,120.0,64.0,,,,,,,
0,1.0,162,1776151488.797829,reply,120.0,64.0,,,,,,,
0,1.0,163,1776151489.786304,reply,121.0,64.0,,,,,,,
0,1.0,164,1776151490.773614,reply,120.0,64.0,,,,,,,
0,1.0,165,1776151491.760846,reply,120.0,64.0,,,,,,,
0,1.0,166,1776151496.325005,reply,120.0,64.0,,,,,,,
0,1.0,167,1776151497.312531,reply,120.0,64.0,,,,,,,
0,1.0,168,1776151498.300009,reply,120.0,64.0,,,,,,,
0,1.0,169,1776151499.287728,reply,120.0,64.0,,,,,,,
0,1.0,170,1776151500.275587,reply,121.0,64.0,,,,,,,
0,1.0,171,1776151501.263874,reply,120.0,64.0,,,,,,,
0,1.0,172,1776151502.251798,reply,120.0,64.0,,,,,,,
0,1.0,173,1776151503.239658,reply,120.0,64.0,,,,,,,
0,1.0,174,1776151504.227244,reply,120.0,64.0,,,,,,,
0,1.0,175,1776151505.213997,reply,120.0,64.0,,,,,,,
0,1.0,176,1776151506.202644,reply,120.0,64.0,,,,,,,
0,1.0,177,1776151507.190483,reply,120.0,64.0,,,,,,,
0,1.0,178,1776151508.178011,reply,120.0,64.0,,,,,,,
0,1.0,179,1776151509.165468,reply,120.0,64.0,,,,,,,
0,1.0,180,1776151510.153183,reply,120.0,64.0,,,,,,,
0,1.0,181,1776151511.141137,reply,120.0,64.0,,,,,,,
0,1.0,182,1776151512.128917,reply,120.0,64.0,,,,,,,
0,1.0,183,1776151513.116539,reply,120.0,64.0,,,,,,,
0,1.0,184,1776151514.104156,reply,120.0,64.0,,,,,,,
0,1.0,185,1776151515.090811,reply,120.0,64.0,,,,,,,
0,1.0,186,1776151516.077626,reply,120.0,64.0,,,,,,,
0,1.0,187,1776151517.06575,reply,120.0,64.0,,,,,,,
0,1.0,188,1776151518.052817,reply,120.0,64.0,,,,,,,
0,1.0,189,1776151519.039842,reply,120.0,64.0,,,,,,,
0,1.0,190,1776151520.026943,reply,120.0,64.0,,,,,,,
0,1.0,191,1776151521.014365,reply,120.0,64.0,,,,,,,
0,1.0,192,1776151522.001945,reply,120.0,64.0,,,,,,,
0,1.0,193,1776151522.98971,reply,120.0,64.0,,,,,,,
0,1.0,194,1776151523.97746,reply,120.0,64.0,,,,,,,
0,1.0,195,1776151524.964235,reply,120.0,64.0,,,,,,,
0,1.0,196,1776151525.950906,reply,120.0,64.0,,,,,,,
0,1.0,197,1776151526.938525,reply,120.0,64.0,,,,,,,
0,1.0,198,1776151531.511383,reply,120.0,64.0,,,,,,,
0,1.0,199,1776151532.499738,reply,120.0,64.0,,,,,,,
0,1.0,200,1776151533.488043,reply,120.0,64.0,,,,,,,
0,1.0,201,1776151534.476009,reply,120.0,64.0,,,,,,,
0,1.0,202,1776151535.4635,reply,120.0,64.0,,,,,,,
0,1.0,203,1776151536.451021,reply,121.0,64.0,,,,,,,
0,1.0,204,1776151537.438752,reply,121.0,64.0,,,,,,,
0,1.0,205,1776151538.426788,reply,120.0,64.0,,,,,,,
0,1.0,206,1776151539.413822,reply,120.0,64.0,,,,,,,
0,1.0,207,1776151540.402078,reply,120.0,64.0,,,,,,,
0,1.0,208,1776151541.389801,reply,121.0,64.0,,,,,,,
0,1.0,209,1776151542.377226,reply,120.0,64.0,,,,,,,
0,1.0,210,1776151543.365611,reply,120.0,64.0,,,,,,,
0,1.0,211,1776151544.353835,reply,120.0,64.0,,,,,,,
0,1.0,212,1776151545.340618,reply,120.0,64.0,,,,,,,
0,1.0,213,1776151546.328172,reply,120.0,64.0,,,,,,,
0,1.0,214,1776151547.315895,reply,120.0,64.0,,,,,,,
0,1.0,215,1776151548.304016,reply,120.0,64.0,,,,,,,
0,1.0,216,1776151549.290534,reply,120.0,64.0,,,,,,,
0,1.0,217,1776151550.278276,reply,120.0,64.0,,,,,,,
0,1.0,218,1776151551.265597,reply,120.0,64.0,,,,,,,
0,1.0,219,1776151552.251883,reply,120.0,64.0,,,,,,,
0,1.0,220,1776151553.239435,reply,120.0,64.0,,,,,,,
0,1.0,221,1776151554.226893,reply,120.0,64.0,,,,,,,
0,1.0,222,1776151555.214688,reply,120.0,64.0,,,,,,,
0,1.0,223,1776151556.203341,reply,121.0,64.0,,,,,,,
0,1.0,224,1776151557.191068,reply,120.0,64.0,,,,,,,
0,1.0,225,1776151558.178836,reply,120.0,64.0,,,,,,,
0,1.0,226,1776151559.165816,reply,121.0,64.0,,,,,,,
0,1.0,227,1776151560.152345,reply,120.0,64.0,,,,,,,
0,1.0,228,1776151561.1396,reply,120.0,64.0,,,,,,,
0,1.0,229,1776151562.127372,reply,120.0,64.0,,,,,,,
0,1.0,230,1776151563.114825,reply,120.0,64.0,,,,,,,
0,1.0,231,1776151567.689458,reply,120.0,64.0,,,,,,,
0,1.0,232,1776151568.676972,reply,120.0,64.0,,,,,,,
0,1.0,233,1776151569.664974,reply,120.0,64.0,,,,,,,
0,1.0,234,1776151570.65296,reply,120.0,64.0,,,,,,,
0,1.0,235,1776151571.639849,reply,120.0,64.0,,,,,,,
0,1.0,236,1776151572.62679,reply,120.0,64.0,,,,,,,
0,1.0,237,1776151573.613031,reply,120.0,64.0,,,,,,,
0,1.0,238,1776151574.600597,reply,120.0,64.0,,,,,,,
0,1.0,239,1776151575.588235,reply,120.0,64.0,,,,,,,
0,1.0,240,1776151576.576776,reply,120.0,64.0,,,,,,,
0,1.0,241,1776151577.565182,reply,120.0,64.0,,,,,,,
0,1.0,242,1776151578.553591,reply,121.0,64.0,,,,,,,
0,1.0,243,1776151579.540625,reply,120.0,64.0,,,,,,,
0,1.0,244,1776151580.528335,reply,120.0,64.0,,,,,,,
0,1.0,245,1776151581.515383,reply,120.0,64.0,,,,,,,
0,1.0,246,1776151582.502873,reply,120.0,64.0,,,,,,,
0,1.0,247,1776151583.488786,reply,120.0,64.0,,,,,,,
0,1.0,248,1776151584.477018,reply,120.0,64.0,,,,,,,
0,1.0,249,1776151585.464874,reply,120.0,64.0,,,,,,,
0,1.0,250,1776151586.452202,reply,120.0,64.0,,,,,,,
0,1.0,251,1776151587.440107,reply,121.0,64.0,,,,,,,
0,1.0,252,1776151588.427045,reply,120.0,64.0,,,,,,,
0,1.0,253,1776151589.414574,reply,120.0,64.0,,,,,,,
0,1.0,254,1776151590.402493,reply,120.0,64.0,,,,,,,
0,1.0,255,1776151591.390314,reply,120.0,64.0,,,,,,,
0,1.0,256,1776151592.378346,reply,120.0,64.0,,,,,,,
0,1.0,257,1776151593.365048,reply,120.0,64.0,,,,,,,
0,1.0,258,1776151594.351444,reply,120.0,64.0,,,,,,,
0,1.0,259,1776151595.339066,reply,120.0,64.0,,,,,,,
0,1.0,260,1776151596.326378,reply,120.0,64.0,,,,,,,
0,1.0,261,1776151597.314156,reply,120.0,64.0,,,,,,,
0,1.0,262,1776151598.301954,reply,120.0,64.0,,,,,,,
0,1.0,263,1776151599.289483,reply,120.0,64.0,,,,,,,
0,1.0,264,1776151603.869059,reply,120.0,64.0,,,,,,,
0,1.0,265,1776151604.857026,reply,120.0,64.0,,,,,,,
0,1.0,266,1776151605.845054,reply,120.0,64.0,,,,,,,
0,1.0,267,1776151606.831719,reply,120.0,64.0,,,,,,,
0,1.0,268,1776151607.818614,reply,120.0,64.0,,,,,,,
0,1.0,269,1776151608.806538,reply,121.0,64.0,,,,,,,
0,1.0,270,1776151609.794815,reply,120.0,64.0,,,,,,,
0,1.0,271,1776151610.782529,reply,120.0,64.0,,,,,,,
0,1.0,272,1776151611.770525,reply,120.0,64.0,,,,,,,
0,1.0,273,1776151612.75896,reply,121.0,64.0,,,,,,,
0,1.0,274,1776151613.746444,reply,120.0,64.0,,,,,,,
0,1.0,275,1776151614.734525,reply,120.0,64.0,,,,,,,
0,1.0,276,1776151615.722564,reply,120.0,64.0,,,,,,,
0,1.0,277,1776151616.710966,reply,121.0,64.0,,,,,,,
0,1.0,278,1776151617.697628,reply,120.0,64.0,,,,,,,
0,1.0,279,1776151618.685025,reply,120.0,64.0,,,,,,,
0,1.0,280,1776151619.672529,reply,120.0,64.0,,,,,,,
0,1.0,281,1776151620.660831,reply,121.0,64.0,,,,,,,
0,1.0,282,1776151621.647961,reply,120.0,64.0,,,,,,,
0,1.0,283,1776151622.635988,reply,120.0,64.0,,,,,,,
0,1.0,284,1776151623.623774,reply,120.0,64.0,,,,,,,
0,1.0,285,1776151624.611643,reply,120.0,64.0,,,,,,,
0,1.0,286,1776151625.59887,reply,120.0,64.0,,,,,,,
0,1.0,287,1776151626.586555,reply,120.0,64.0,,,,,,,
0,1.0,288,1776151627.573241,reply,120.0,64.0,,,,,,,
0,1.0,289,1776151628.561708,reply,120.0,64.0,,,,,,,
0,1.0,290,1776151629.550122,reply,120.0,64.0,,,,,,,
0,1.0,291,1776151630.538105,reply,120.0,64.0,,,,,,,
0,1.0,292,1776151631.525749,reply,120.0,64.0,,,,,,,
0,1.0,293,1776151632.513489,reply,120.0,64.0,,,,,,,
0,1.0,294,1776151633.500857,reply,120.0,64.0,,,,,,,
0,1.0,295,1776151634.48849,reply,120.0,64.0,,,,,,,
0,1.0,296,1776151639.054548,reply,120.0,64.0,,,,,,,
0,1.0,297,1776151640.042432,reply,120.0,64.0,,,,,,,
0,1.0,298,1776151641.028859,reply,120.0,64.0,,,,,,,
0,1.0,299,1776151642.015316,reply,120.0,64.0,,,,,,,
0,1.0,300,1776151643.002107,reply,120.0,64.0,,,,,,,
0,1.0,301,1776151643.990521,reply,120.0,64.0,,,,,,,
0,1.0,302,1776151644.977094,reply,121.0,64.0,,,,,,,
0,1.0,303,1776151645.964786,reply,120.0,64.0,,,,,,,
0,1.0,304,1776151646.95246,reply,120.0,64.0,,,,,,,
0,1.0,305,1776151647.940321,reply,120.0,64.0,,,,,,,
0,1.0,306,1776151648.928061,reply,121.0,64.0,,,,,,,
0,1.0,307,1776151649.915396,reply,120.0,64.0,,,,,,,
0,1.0,308,1776151650.903298,reply,120.0,64.0,,,,,,,
0,1.0,309,1776151651.890356,reply,120.0,64.0,,,,,,,
0,1.0,310,1776151652.877513,reply,120.0,64.0,,,,,,,
0,1.0,311,1776151653.86429,reply,120.0,64.0,,,,,,,
0,1.0,312,1776151654.851902,reply,120.0,64.0,,,,,,,
0,1.0,313,1776151655.839861,reply,120.0,64.0,,,,,,,
0,1.0,314,1776151656.827731,reply,120.0,64.0,,,,,,,
0,1.0,315,1776151657.815393,reply,120.0,64.0,,,,,,,
0,1.0,316,1776151658.802315,reply,120.0,64.0,,,,,,,
0,1.0,317,1776151659.790283,reply,120.0,64.0,,,,,,,
0,1.0,318,1776151660.777582,reply,120.0,64.0,,,,,,,
0,1.0,319,1776151661.764236,reply,120.0,64.0,,,,,,,
0,1.0,320,1776151662.752321,reply,120.0,64.0,,,,,,,
0,1.0,321,1776151663.740132,reply,120.0,64.0,,,,,,,
0,1.0,322,1776151664.727771,reply,120.0,64.0,,,,,,,
0,1.0,323,1776151665.715722,reply,120.0,64.0,,,,,,,
0,1.0,324,1776151666.703406,reply,120.0,64.0,,,,,,,
0,1.0,325,1776151667.691146,reply,121.0,64.0,,,,,,,
0,1.0,326,1776151668.67901,reply,120.0,64.0,,,,,,,
0,1.0,327,1776151669.666962,reply,120.0,64.0,,,,,,,
0,1.0,328,1776151670.653816,reply,120.0,64.0,,,,,,,
0,1.0,329,1776151675.222055,reply,120.0,64.0,,,,,,,
0,1.0,330,1776151676.209201,reply,120.0,64.0,,,,,,,
0,1.0,331,1776151677.19539,reply,120.0,64.0,,,,,,,
0,1.0,332,1776151678.183081,reply,120.0,64.0,,,,,,,
0,1.0,333,1776151679.170806,reply,120.0,64.0,,,,,,,
0,1.0,334,1776151680.159063,reply,120.0,64.0,,,,,,,
0,1.0,335,1776151681.146531,reply,120.0,64.0,,,,,,,
0,1.0,336,1776151682.133456,reply,120.0,64.0,,,,,,,
0,1.0,337,1776151683.120959,reply,120.0,64.0,,,,,,,
0,1.0,338,1776151684.108005,reply,120.0,64.0,,,,,,,
0,1.0,339,1776151685.09438,reply,120.0,64.0,,,,,,,
0,1.0,340,1776151686.081055,reply,120.0,64.0,,,,,,,
0,1.0,341,1776151687.068699,reply,120.0,64.0,,,,,,,
0,1.0,342,1776151688.056769,reply,120.0,64.0,,,,,,,
0,1.0,343,1776151689.04352,reply,120.0,64.0,,,,,,,
0,1.0,344,1776151690.031148,reply,120.0,64.0,,,,,,,
0,1.0,345,1776151691.018656,reply,120.0,64.0,,,,,,,
0,1.0,346,1776151692.00576,reply,120.0,64.0,,,,,,,
0,1.0,347,1776151692.993254,reply,120.0,64.0,,,,,,,
0,1.0,348,1776151693.980501,reply,120.0,64.0,,,,,,,
0,1.0,349,1776151694.967992,reply,120.0,64.0,,,,,,,
0,1.0,350,1776151695.955003,reply,120.0,64.0,,,,,,,
0,1.0,351,1776151696.942817,reply,120.0,64.0,,,,,,,
0,1.0,352,1776151697.930548,reply,120.0,64.0,,,,,,,
0,1.0,353,1776151698.918222,reply,120.0,64.0,,,,,,,
0,1.0,354,1776151699.905894,reply,120.0,64.0,,,,,,,
0,1.0,355,1776151700.893413,reply,120.0,64.0,,,,,,,
0,1.0,356,1776151701.8815,reply,120.0,64.0,,,,,,,
0,1.0,357,1776151702.869003,reply,120.0,64.0,,,,,,,
0,1.0,358,1776151703.856305,reply,120.0,64.0,,,,,,,
0,1.0,359,1776151704.844336,reply,120.0,64.0,,,,,,,
0,1.0,360,1776151705.829971,reply,120.0,64.0,,,,,,,
0,1.0,361,1776151706.817825,reply,120.0,64.0,,,,,,,
0,1.0,362,1776151711.390157,reply,120.0,64.0,,,,,,,
0,1.0,363,1776151712.377186,reply,121.0,64.0,,,,,,,
0,1.0,364,1776151713.363672,reply,120.0,64.0,,,,,,,
0,1.0,365,1776151714.350988,reply,120.0,64.0,,,,,,,
0,1.0,366,1776151715.338621,reply,120.0,64.0,,,,,,,
0,1.0,367,1776151716.325978,reply,120.0,64.0,,,,,,,
0,1.0,368,1776151717.313155,reply,120.0,64.0,,,,,,,
0,1.0,369,1776151718.301669,reply,120.0,64.0,,,,,,,
0,1.0,370,1776151719.287653,reply,120.0,64.0,,,,,,,
0,1.0,371,1776151720.274472,reply,121.0,64.0,,,,,,,
0,1.0,372,1776151721.261823,reply,120.0,64.0,,,,,,,
0,1.0,373,1776151722.24935,reply,120.0,64.0,,,,,,,
0,1.0,374,1776151723.236816,reply,120.0,64.0,,,,,,,
0,1.0,375,1776151724.224529,reply,121.0,64.0,,,,,,,
0,1.0,376,1776151725.213024,reply,121.0,64.0,,,,,,,
0,1.0,377,1776151726.200192,reply,120.0,64.0,,,,,,,
0,1.0,378,1776151727.188518,reply,120.0,64.0,,,,,,,
0,1.0,379,1776151728.175568,reply,121.0,64.0,,,,,,,
0,1.0,380,1776151729.162938,reply,120.0,64.0,,,,,,,
0,1.0,381,1776151730.149231,reply,120.0,64.0,,,,,,,
0,1.0,382,1776151731.137166,reply,120.0,64.0,,,,,,,
0,1.0,383,1776151732.125028,reply,120.0,64.0,,,,,,,
0,1.0,384,1776151733.112605,reply,120.0,64.0,,,,,,,
0,1.0,385,1776151734.099992,reply,120.0,64.0,,,,,,,
0,1.0,386,1776151735.087598,reply,120.0,64.0,,,,,,,
0,1.0,387,1776151736.075443,reply,120.0,64.0,,,,,,,
0,1.0,388,1776151737.062905,reply,120.0,64.0,,,,,,,
0,1.0,389,1776151738.050335,reply,120.0,64.0,,,,,,,
0,1.0,390,1776151739.037901,reply,120.0,64.0,,,,,,,
0,1.0,391,1776151740.024988,reply,120.0,64.0,,,,,,,
0,1.0,392,1776151741.012898,reply,120.0,64.0,,,,,,,
0,1.0,393,1776151742.001128,reply,121.0,64.0,,,,,,,
0,1.0,394,1776151746.575143,reply,120.0,64.0,,,,,,,
0,1.0,395,1776151747.56306,reply,120.0,64.0,,,,,,,
0,1.0,396,1776151748.551636,reply,121.0,64.0,,,,,,,
0,1.0,397,1776151749.539167,reply,120.0,64.0,,,,,,,
0,1.0,398,1776151750.527135,reply,120.0,64.0,,,,,,,
0,1.0,399,1776151751.514962,reply,120.0,64.0,,,,,,,
0,1.0,400,1776151752.502643,reply,120.0,64.0,,,,,,,
0,1.0,401,1776151753.488767,reply,120.0,64.0,,,,,,,
0,1.0,402,1776151754.476458,reply,120.0,64.0,,,,,,,
0,1.0,403,1776151755.464421,reply,120.0,64.0,,,,,,,
0,1.0,404,1776151756.452098,reply,121.0,64.0,,,,,,,
0,1.0,405,1776151757.439057,reply,120.0,64.0,,,,,,,
0,1.0,406,1776151758.426124,reply,120.0,64.0,,,,,,,
0,1.0,407,1776151759.414073,reply,120.0,64.0,,,,,,,
0,1.0,408,1776151760.401763,reply,120.0,64.0,,,,,,,
0,1.0,409,1776151761.389533,reply,120.0,64.0,,,,,,,
0,1.0,410,1776151762.376999,reply,120.0,64.0,,,,,,,
0,1.0,411,1776151763.36385,reply,120.0,64.0,,,,,,,
0,1.0,412,1776151764.35095,reply,120.0,64.0,,,,,,,
0,1.0,413,1776151765.338409,reply,120.0,64.0,,,,,,,
0,1.0,414,1776151766.325683,reply,120.0,64.0,,,,,,,
0,1.0,415,1776151767.312846,reply,120.0,64.0,,,,,,,
0,1.0,416,1776151768.300446,reply,121.0,64.0,,,,,,,
0,1.0,417,1776151769.287381,reply,120.0,64.0,,,,,,,
0,1.0,418,1776151770.275338,reply,120.0,64.0,,,,,,,
0,1.0,419,1776151771.26368,reply,120.0,64.0,,,,,,,
0,1.0,420,1776151772.25188,reply,120.0,64.0,,,,,,,
0,1.0,421,1776151773.240434,reply,121.0,64.0,,,,,,,
0,1.0,422,1776151774.226222,reply,120.0,64.0,,,,,,,
0,1.0,423,1776151775.213338,reply,120.0,64.0,,,,,,,
0,1.0,424,1776151776.20163,reply,120.0,64.0,,,,,,,
0,1.0,SUMMARY,,summary,,,,,,,,,
0,1.0,1,1776152284.601364,reply,120.0,64.0,,,,,,,
0,1.0,2,1776152285.588755,reply,121.0,64.0,,,,,,,
0,1.0,3,1776152286.577038,reply,121.0,64.0,,,,,,,
0,1.0,4,1776152287.565699,reply,121.0,64.0,,,,,,,
0,1.0,5,1776152288.552048,reply,120.0,64.0,,,,,,,
0,1.0,6,1776152289.539217,reply,120.0,64.0,,,,,,,
0,1.0,7,1776152290.526612,reply,120.0,64.0,,,,,,,
0,1.0,8,1776152291.51496,reply,121.0,64.0,,,,,,,
0,1.0,9,1776152292.501972,reply,120.0,64.0,,,,,,,
0,1.0,10,1776152293.490137,reply,120.0,64.0,,,,,,,
0,1.0,11,1776152294.47839,reply,121.0,64.0,,,,,,,
0,1.0,12,1776152295.466004,reply,120.0,64.0,,,,,,,
0,1.0,13,1776152296.454172,reply,120.0,64.0,,,,,,,
0,1.0,14,1776152297.442174,reply,120.0,64.0,,,,,,,
0,1.0,15,1776152298.430105,reply,120.0,64.0,,,,,,,
0,1.0,16,1776152299.416576,reply,121.0,64.0,,,,,,,
0,1.0,17,1776152300.404691,reply,121.0,64.0,,,,,,,
0,1.0,18,1776152301.39225,reply,120.0,64.0,,,,,,,
0,1.0,19,1776152302.380365,reply,120.0,64.0,,,,,,,
0,1.0,20,1776152303.368483,reply,120.0,64.0,,,,,,,
0,1.0,21,1776152304.356299,reply,120.0,64.0,,,,,,,
0,1.0,22,1776152305.344235,reply,120.0,64.0,,,,,,,
0,1.0,23,1776152306.33231,reply,120.0,64.0,,,,,,,
0,1.0,24,1776152307.320594,reply,120.0,64.0,,,,,,,
0,1.0,25,1776152308.308113,reply,120.0,64.0,,,,,,,
0,1.0,26,1776152309.294923,reply,121.0,64.0,,,,,,,
0,1.0,27,1776152310.283118,reply,120.0,64.0,,,,,,,
0,1.0,28,1776152311.270426,reply,120.0,64.0,,,,,,,
0,1.0,29,1776152312.257753,reply,120.0,64.0,,,,,,,
0,1.0,30,1776152313.245187,reply,121.0,64.0,,,,,,,
0,1.0,31,1776152314.23244,reply,120.0,64.0,,,,,,,
0,1.0,32,1776152318.799106,reply,120.0,64.0,,,,,,,
0,1.0,33,1776152319.787084,reply,120.0,64.0,,,,,,,
0,1.0,34,1776152320.774803,reply,120.0,64.0,,,,,,,
0,1.0,35,1776152321.763025,reply,121.0,64.0,,,,,,,
0,1.0,36,1776152322.749221,reply,120.0,64.0,,,,,,,
0,1.0,37,1776152323.737534,reply,121.0,64.0,,,,,,,
0,1.0,38,1776152324.724399,reply,120.0,64.0,,,,,,,
0,1.0,39,1776152325.712429,reply,120.0,64.0,,,,,,,
0,1.0,40,1776152326.700839,reply,120.0,64.0,,,,,,,
0,1.0,41,1776152327.688399,reply,120.0,64.0,,,,,,,
0,1.0,42,1776152328.675838,reply,120.0,64.0,,,,,,,
0,1.0,43,1776152329.662934,reply,120.0,64.0,,,,,,,
0,1.0,44,1776152330.650565,reply,120.0,64.0,,,,,,,
0,1.0,45,1776152331.638713,reply,120.0,64.0,,,,,,,
0,1.0,46,1776152332.625865,reply,120.0,64.0,,,,,,,
0,1.0,47,1776152333.612163,reply,120.0,64.0,,,,,,,
0,1.0,48,1776152334.600247,reply,121.0,64.0,,,,,,,
0,1.0,49,1776152335.587903,reply,120.0,64.0,,,,,,,
0,1.0,50,1776152336.575426,reply,120.0,64.0,,,,,,,
0,1.0,51,1776152337.562621,reply,120.0,64.0,,,,,,,
0,1.0,52,1776152338.550714,reply,120.0,64.0,,,,,,,
0,1.0,53,1776152339.538119,reply,120.0,64.0,,,,,,,
0,1.0,54,1776152341.471707,reply,121.0,64.0,,,,,,,
0,1.0,55,1776152342.458944,reply,120.0,64.0,,,,,,,
0,1.0,56,1776152343.446428,reply,120.0,64.0,,,,,,,
0,1.0,57,1776152344.434389,reply,121.0,64.0,,,,,,,
0,1.0,58,1776152345.420537,reply,120.0,64.0,,,,,,,
0,1.0,59,1776152346.408557,reply,120.0,64.0,,,,,,,
0,1.0,60,1776152347.395803,reply,120.0,64.0,,,,,,,
0,1.0,61,1776152349.327498,reply,120.0,64.0,,,,,,,
0,1.0,62,1776152353.900817,reply,120.0,64.0,,,,,,,
0,1.0,63,1776152354.888186,reply,120.0,64.0,,,,,,,
0,1.0,64,1776152356.820428,reply,120.0,64.0,,,,,,,
0,1.0,66,1776152359.762237,reply,123.0,64.0,,,,,,,
0,1.0,67,1776152361.692244,reply,120.0,64.0,,,,,,,
0,1.0,68,1776152362.680491,reply,120.0,64.0,,,,,,,
0,1.0,69,1776152363.668271,reply,120.0,64.0,,,,,,,
0,1.0,70,1776152364.65618,reply,120.0,64.0,,,,,,,
0,1.0,71,1776152365.644538,reply,120.0,64.0,,,,,,,
0,1.0,72,1776152366.632256,reply,120.0,64.0,,,,,,,
0,1.0,73,1776152367.620309,reply,120.0,64.0,,,,,,,
0,1.0,74,1776152368.607495,reply,120.0,64.0,,,,,,,
0,1.0,75,1776152370.539392,reply,120.0,64.0,,,,,,,
0,1.0,76,1776152371.527497,reply,120.0,64.0,,,,,,,
0,1.0,77,1776152373.460762,reply,121.0,64.0,,,,,,,
0,1.0,78,1776152374.448117,reply,120.0,64.0,,,,,,,
0,1.0,79,1776152376.382116,reply,121.0,64.0,,,,,,,
0,1.0,80,1776152377.368284,reply,120.0,64.0,,,,,,,
0,1.0,81,1776152378.35655,reply,120.0,64.0,,,,,,,
0,1.0,82,1776152379.344541,reply,120.0,64.0,,,,,,,
0,1.0,83,1776152382.220912,reply,120.0,64.0,,,,,,,
0,1.0,84,1776152383.208568,reply,120.0,64.0,,,,,,,
0,1.0,85,1776152384.196796,reply,120.0,64.0,,,,,,,
0,1.0,86,1776152389.717606,reply,120.0,64.0,,,,,,,
0,1.0,87,1776152390.7055,reply,120.0,64.0,,,,,,,
0,1.0,88,1776152391.69239,reply,120.0,64.0,,,,,,,
0,1.0,89,1776152392.680437,reply,120.0,64.0,,,,,,,
0,1.0,90,1776152393.668383,reply,120.0,64.0,,,,,,,
0,1.0,91,1776152394.656705,reply,120.0,64.0,,,,,,,
0,1.0,92,1776152396.588404,reply,120.0,64.0,,,,,,,
0,1.0,93,1776152398.522253,reply,120.0,64.0,,,,,,,
0,1.0,94,1776152401.400013,reply,120.0,64.0,,,,,,,
0,1.0,96,1776152404.350489,reply,120.0,64.0,,,,,,,
0,1.0,97,1776152405.338295,reply,120.0,64.0,,,,,,,
0,1.0,98,1776152406.326326,reply,120.0,64.0,,,,,,,
0,1.0,99,1776152407.313373,reply,120.0,64.0,,,,,,,
0,1.0,100,1776152409.245393,reply,120.0,64.0,,,,,,,
0,1.0,101,1776152410.233252,reply,120.0,64.0,,,,,,,
0,1.0,102,1776152411.221333,reply,120.0,64.0,,,,,,,
0,1.0,103,1776152412.209603,reply,120.0,64.0,,,,,,,
0,1.0,104,1776152413.197563,reply,120.0,64.0,,,,,,,
0,1.0,105,1776152415.129631,reply,120.0,64.0,,,,,,,
0,1.0,106,1776152417.061484,reply,120.0,64.0,,,,,,,
0,1.0,107,1776152418.049528,reply,120.0,64.0,,,,,,,
0,1.0,108,1776152419.036227,reply,120.0,64.0,,,,,,,
0,1.0,109,1776152420.023476,reply,120.0,64.0,,,,,,,
0,1.0,110,1776152421.011183,reply,120.0,64.0,,,,,,,
0,1.0,111,1776152430.305137,reply,120.0,64.0,,,,,,,
0,1.0,112,1776152431.297004,reply,124.0,64.0,,,,,,,
0,1.0,113,1776152432.281109,reply,120.0,64.0,,,,,,,
0,1.0,114,1776152433.26941,reply,120.0,64.0,,,,,,,
0,1.0,116,1776152437.169111,reply,124.0,64.0,,,,,,,
0,1.0,117,1776152439.09722,reply,120.0,64.0,,,,,,,
0,1.0,118,1776152440.084855,reply,120.0,64.0,,,,,,,
0,1.0,119,1776152442.01756,reply,120.0,64.0,,,,,,,
0,1.0,120,1776152443.004619,reply,120.0,64.0,,,,,,,
0,1.0,122,1776152445.020184,reply,120.0,64.0,,,,,,,
0,1.0,123,1776152446.007019,reply,120.0,64.0,,,,,,,
0,1.0,124,1776152446.994188,reply,120.0,64.0,,,,,,,
0,1.0,125,1776152447.981502,reply,120.0,64.0,,,,,,,
0,1.0,126,1776152448.969153,reply,120.0,64.0,,,,,,,
0,1.0,127,1776152449.957373,reply,120.0,64.0,,,,,,,
0,1.0,129,1776152451.964219,reply,120.0,64.0,,,,,,,
0,1.0,130,1776152453.894885,reply,120.0,64.0,,,,,,,
0,1.0,133,1776152456.924333,reply,120.0,64.0,,,,,,,
0,1.0,134,1776152461.486878,reply,122.0,64.0,,,,,,,
0,1.0,136,1776152463.504394,reply,120.0,64.0,,,,,,,
0,1.0,138,1776152465.520462,reply,120.0,64.0,,,,,,,
0,1.0,139,1776152466.507921,reply,120.0,64.0,,,,,,,
0,1.0,142,1776152470.485703,reply,121.0,64.0,,,,,,,
0,1.0,143,1776152471.472001,reply,120.0,64.0,,,,,,,
0,1.0,144,1776152472.459475,reply,120.0,64.0,,,,,,,
0,1.0,145,1776152473.446799,reply,120.0,64.0,,,,,,,
0,1.0,146,1776152474.435283,reply,120.0,64.0,,,,,,,
0,1.0,147,1776152475.422505,reply,120.0,64.0,,,,,,,
0,1.0,148,1776152476.409503,reply,120.0,64.0,,,,,,,
0,1.0,149,1776152478.341839,reply,120.0,64.0,,,,,,,
0,1.0,150,1776152479.327759,reply,120.0,64.0,,,,,,,
0,1.0,151,1776152480.315195,reply,120.0,64.0,,,,,,,
0,1.0,152,1776152481.303387,reply,120.0,64.0,,,,,,,
0,1.0,154,1776152483.312543,reply,120.0,64.0,,,,,,,
0,1.0,155,1776152484.300072,reply,120.0,64.0,,,,,,,
0,1.0,156,1776152485.287665,reply,120.0,64.0,,,,,,,
0,1.0,157,1776152486.275271,reply,120.0,64.0,,,,,,,
0,1.0,158,1776152487.262554,reply,120.0,64.0,,,,,,,
0,1.0,159,1776152488.249212,reply,120.0,64.0,,,,,,,
0,1.0,160,1776152489.23535,reply,120.0,64.0,,,,,,,
0,1.0,161,1776152490.222779,reply,120.0,64.0,,,,,,,
0,1.0,163,1776152493.168689,reply,120.0,64.0,,,,,,,
0,1.0,164,1776152497.749918,reply,120.0,64.0,,,,,,,
0,1.0,165,1776152498.738524,reply,120.0,64.0,,,,,,,
0,1.0,166,1776152499.725722,reply,120.0,64.0,,,,,,,
0,1.0,167,1776152500.71393,reply,120.0,64.0,,,,,,,
0,1.0,168,1776152501.702456,reply,120.0,64.0,,,,,,,
0,1.0,169,1776152502.689877,reply,120.0,64.0,,,,,,,
0,1.0,170,1776152503.67705,reply,120.0,64.0,,,,,,,
0,1.0,171,1776152504.664565,reply,120.0,64.0,,,,,,,
0,1.0,172,1776152505.652024,reply,121.0,64.0,,,,,,,
0,1.0,173,1776152506.639208,reply,120.0,64.0,,,,,,,
0,1.0,174,1776152507.627164,reply,120.0,64.0,,,,,,,
0,1.0,175,1776152508.61496,reply,120.0,64.0,,,,,,,
0,1.0,176,1776152509.602717,reply,120.0,64.0,,,,,,,
0,1.0,177,1776152510.590967,reply,121.0,64.0,,,,,,,
0,1.0,178,1776152511.578241,reply,120.0,64.0,,,,,,,
0,1.0,179,1776152512.565077,reply,121.0,64.0,,,,,,,
0,1.0,180,1776152513.551845,reply,121.0,64.0,,,,,,,
0,1.0,181,1776152514.538672,reply,120.0,64.0,,,,,,,
0,1.0,182,1776152515.525602,reply,120.0,64.0,,,,,,,
0,1.0,183,1776152516.51293,reply,120.0,64.0,,,,,,,
0,1.0,184,1776152517.500819,reply,121.0,64.0,,,,,,,
0,1.0,185,1776152518.488583,reply,121.0,64.0,,,,,,,
0,1.0,186,1776152519.476162,reply,120.0,64.0,,,,,,,
0,1.0,187,1776152520.463844,reply,120.0,64.0,,,,,,,
0,1.0,188,1776152521.450839,reply,120.0,64.0,,,,,,,
0,1.0,189,1776152522.438704,reply,120.0,64.0,,,,,,,
0,1.0,190,1776152523.42507,reply,120.0,64.0,,,,,,,
0,1.0,191,1776152524.412582,reply,120.0,64.0,,,,,,,
0,1.0,192,1776152525.400806,reply,120.0,64.0,,,,,,,
0,1.0,193,1776152526.388187,reply,120.0,64.0,,,,,,,
0,1.0,194,1776152527.376138,reply,120.0,64.0,,,,,,,
0,1.0,195,1776152528.36436,reply,120.0,64.0,,,,,,,
0,1.0,196,1776152529.352823,reply,120.0,64.0,,,,,,,
0,1.0,197,1776152533.912984,reply,121.0,64.0,,,,,,,
0,1.0,198,1776152534.900416,reply,120.0,64.0,,,,,,,
0,1.0,199,1776152535.88826,reply,120.0,64.0,,,,,,,
0,1.0,200,1776152536.874317,reply,120.0,64.0,,,,,,,
0,1.0,201,1776152538.80809,reply,120.0,64.0,,,,,,,
0,1.0,202,1776152539.795592,reply,120.0,64.0,,,,,,,
0,1.0,203,1776152540.783125,reply,120.0,64.0,,,,,,,
0,1.0,204,1776152541.771676,reply,121.0,64.0,,,,,,,
0,1.0,205,1776152542.758459,reply,120.0,64.0,,,,,,,
0,1.0,206,1776152543.745991,reply,120.0,64.0,,,,,,,
0,1.0,207,1776152544.733564,reply,120.0,64.0,,,,,,,
0,1.0,208,1776152545.720416,reply,120.0,64.0,,,,,,,
0,1.0,209,1776152546.708759,reply,120.0,64.0,,,,,,,
0,1.0,210,1776152547.695719,reply,120.0,64.0,,,,,,,
0,1.0,211,1776152548.683745,reply,120.0,64.0,,,,,,,
0,1.0,212,1776152549.671757,reply,120.0,64.0,,,,,,,
0,1.0,213,1776152550.659928,reply,120.0,64.0,,,,,,,
0,1.0,214,1776152551.64802,reply,120.0,64.0,,,,,,,
0,1.0,215,1776152552.636203,reply,120.0,64.0,,,,,,,
0,1.0,216,1776152553.62425,reply,120.0,64.0,,,,,,,
0,1.0,217,1776152554.612964,reply,121.0,64.0,,,,,,,
0,1.0,218,1776152555.5999,reply,120.0,64.0,,,,,,,
0,1.0,219,1776152556.587957,reply,120.0,64.0,,,,,,,
0,1.0,220,1776152557.574472,reply,120.0,64.0,,,,,,,
0,1.0,221,1776152558.562913,reply,121.0,64.0,,,,,,,
0,1.0,222,1776152559.549442,reply,120.0,64.0,,,,,,,
0,1.0,223,1776152560.537401,reply,120.0,64.0,,,,,,,
0,1.0,224,1776152561.524638,reply,120.0,64.0,,,,,,,
0,1.0,225,1776152562.51243,reply,120.0,64.0,,,,,,,
0,1.0,226,1776152563.500114,reply,121.0,64.0,,,,,,,
0,1.0,227,1776152564.486661,reply,120.0,64.0,,,,,,,
0,1.0,228,1776152569.066876,reply,120.0,64.0,,,,,,,
0,1.0,229,1776152570.05495,reply,120.0,64.0,,,,,,,
0,1.0,230,1776152571.041777,reply,121.0,64.0,,,,,,,
0,1.0,231,1776152572.029373,reply,120.0,64.0,,,,,,,
0,1.0,232,1776152573.016963,reply,120.0,64.0,,,,,,,
0,1.0,233,1776152574.004432,reply,120.0,64.0,,,,,,,
0,1.0,234,1776152574.991161,reply,120.0,64.0,,,,,,,
0,1.0,235,1776152575.978746,reply,120.0,64.0,,,,,,,
0,1.0,236,1776152576.96548,reply,120.0,64.0,,,,,,,
0,1.0,237,1776152577.953758,reply,120.0,64.0,,,,,,,
0,1.0,238,1776152578.941691,reply,121.0,64.0,,,,,,,
0,1.0,239,1776152579.929191,reply,120.0,64.0,,,,,,,
0,1.0,240,1776152580.915839,reply,121.0,64.0,,,,,,,
0,1.0,241,1776152581.90248,reply,121.0,64.0,,,,,,,
0,1.0,242,1776152582.889441,reply,120.0,64.0,,,,,,,
0,1.0,243,1776152583.877702,reply,120.0,64.0,,,,,,,
0,1.0,244,1776152584.8664,reply,120.0,64.0,,,,,,,
0,1.0,245,1776152585.854551,reply,120.0,64.0,,,,,,,
0,1.0,246,1776152586.84333,reply,121.0,64.0,,,,,,,
0,1.0,247,1776152587.830712,reply,120.0,64.0,,,,,,,
0,1.0,248,1776152588.818804,reply,120.0,64.0,,,,,,,
0,1.0,249,1776152589.807015,reply,120.0,64.0,,,,,,,
0,1.0,250,1776152590.794221,reply,120.0,64.0,,,,,,,
0,1.0,251,1776152591.781131,reply,120.0,64.0,,,,,,,
0,1.0,252,1776152592.769372,reply,120.0,64.0,,,,,,,
0,1.0,253,1776152593.75694,reply,120.0,64.0,,,,,,,
0,1.0,254,1776152594.745031,reply,121.0,64.0,,,,,,,
0,1.0,255,1776152595.733084,reply,120.0,64.0,,,,,,,
0,1.0,256,1776152596.720504,reply,120.0,64.0,,,,,,,
0,1.0,257,1776152597.70794,reply,120.0,64.0,,,,,,,
0,1.0,258,1776152598.696621,reply,121.0,64.0,,,,,,,
0,1.0,259,1776152599.684623,reply,121.0,64.0,,,,,,,
0,1.0,260,1776152600.672265,reply,120.0,64.0,,,,,,,
0,1.0,261,1776152605.235361,reply,120.0,64.0,,,,,,,
0,1.0,262,1776152606.221894,reply,120.0,64.0,,,,,,,
0,1.0,263,1776152607.210274,reply,120.0,64.0,,,,,,,
0,1.0,264,1776152608.198098,reply,120.0,64.0,,,,,,,
0,1.0,265,1776152609.185651,reply,120.0,64.0,,,,,,,
0,1.0,266,1776152610.173745,reply,120.0,64.0,,,,,,,
0,1.0,267,1776152611.162441,reply,121.0,64.0,,,,,,,
0,1.0,268,1776152612.149727,reply,120.0,64.0,,,,,,,
0,1.0,269,1776152613.137458,reply,121.0,64.0,,,,,,,
0,1.0,270,1776152614.125327,reply,121.0,64.0,,,,,,,
0,1.0,271,1776152615.111954,reply,120.0,64.0,,,,,,,
0,1.0,272,1776152616.097984,reply,120.0,64.0,,,,,,,
0,1.0,273,1776152617.085159,reply,121.0,64.0,,,,,,,
0,1.0,274,1776152618.072115,reply,120.0,64.0,,,,,,,
0,1.0,275,1776152619.060211,reply,120.0,64.0,,,,,,,
0,1.0,276,1776152620.047467,reply,121.0,64.0,,,,,,,
0,1.0,277,1776152621.034511,reply,120.0,64.0,,,,,,,
0,1.0,278,1776152622.022349,reply,120.0,64.0,,,,,,,
0,1.0,279,1776152623.009889,reply,120.0,64.0,,,,,,,
0,1.0,280,1776152623.997891,reply,120.0,64.0,,,,,,,
0,1.0,281,1776152624.984904,reply,120.0,64.0,,,,,,,
0,1.0,282,1776152625.971929,reply,120.0,64.0,,,,,,,
0,1.0,283,1776152626.963598,reply,124.0,64.0,,,,,,,
0,1.0,284,1776152627.94744,reply,120.0,64.0,,,,,,,
0,1.0,285,1776152628.934516,reply,120.0,64.0,,,,,,,
0,1.0,286,1776152629.922761,reply,120.0,64.0,,,,,,,
0,1.0,287,1776152630.91107,reply,121.0,64.0,,,,,,,
0,1.0,288,1776152631.898352,reply,120.0,64.0,,,,,,,
0,1.0,289,1776152632.885719,reply,120.0,64.0,,,,,,,
0,1.0,290,1776152633.873121,reply,120.0,64.0,,,,,,,
0,1.0,291,1776152634.861762,reply,121.0,64.0,,,,,,,
0,1.0,292,1776152635.847263,reply,120.0,64.0,,,,,,,
0,1.0,293,1776152636.83422,reply,120.0,64.0,,,,,,,
0,1.0,294,1776152641.406319,reply,120.0,64.0,,,,,,,
0,1.0,295,1776152642.394503,reply,120.0,64.0,,,,,,,
0,1.0,296,1776152643.382472,reply,120.0,64.0,,,,,,,
0,1.0,297,1776152644.370267,reply,120.0,64.0,,,,,,,
0,1.0,298,1776152645.358137,reply,120.0,64.0,,,,,,,
0,1.0,299,1776152646.345348,reply,120.0,64.0,,,,,,,
0,1.0,300,1776152647.332758,reply,120.0,64.0,,,,,,,
0,1.0,301,1776152648.320974,reply,121.0,64.0,,,,,,,
0,1.0,302,1776152649.307608,reply,120.0,64.0,,,,,,,
0,1.0,303,1776152650.295526,reply,121.0,64.0,,,,,,,
0,1.0,304,1776152651.283407,reply,121.0,64.0,,,,,,,
0,1.0,305,1776152652.271217,reply,120.0,64.0,,,,,,,
0,1.0,306,1776152653.258804,reply,120.0,64.0,,,,,,,
0,1.0,307,1776152654.246506,reply,121.0,64.0,,,,,,,
0,1.0,308,1776152655.233775,reply,121.0,64.0,,,,,,,
0,1.0,309,1776152656.221546,reply,121.0,64.0,,,,,,,
0,1.0,310,1776152657.209234,reply,120.0,64.0,,,,,,,
0,1.0,311,1776152658.197075,reply,120.0,64.0,,,,,,,
0,1.0,312,1776152659.183871,reply,121.0,64.0,,,,,,,
0,1.0,313,1776152660.169764,reply,120.0,64.0,,,,,,,
0,1.0,314,1776152661.157948,reply,121.0,64.0,,,,,,,
0,1.0,315,1776152662.145162,reply,121.0,64.0,,,,,,,
0,1.0,316,1776152663.132578,reply,121.0,64.0,,,,,,,
0,1.0,317,1776152664.12006,reply,120.0,64.0,,,,,,,
0,1.0,318,1776152665.107421,reply,120.0,64.0,,,,,,,
0,1.0,319,1776152666.095701,reply,121.0,64.0,,,,,,,
0,1.0,320,1776152667.082827,reply,120.0,64.0,,,,,,,
0,1.0,321,1776152668.070737,reply,120.0,64.0,,,,,,,
0,1.0,322,1776152669.058572,reply,120.0,64.0,,,,,,,
0,1.0,323,1776152670.04561,reply,121.0,64.0,,,,,,,
0,1.0,324,1776152671.033012,reply,120.0,64.0,,,,,,,
0,1.0,325,1776152672.020731,reply,120.0,64.0,,,,,,,
0,1.0,326,1776152676.590374,reply,120.0,64.0,,,,,,,
0,1.0,327,1776152677.579139,reply,121.0,64.0,,,,,,,
0,1.0,328,1776152678.566063,reply,120.0,64.0,,,,,,,
0,1.0,329,1776152679.554659,reply,121.0,64.0,,,,,,,
0,1.0,330,1776152680.542484,reply,121.0,64.0,,,,,,,
0,1.0,331,1776152681.530245,reply,121.0,64.0,,,,,,,
0,1.0,332,1776152682.517401,reply,120.0,64.0,,,,,,,
0,1.0,333,1776152683.504422,reply,120.0,64.0,,,,,,,
0,1.0,334,1776152684.491226,reply,120.0,64.0,,,,,,,
0,1.0,335,1776152685.479055,reply,121.0,64.0,,,,,,,
0,1.0,336,1776152686.466069,reply,120.0,64.0,,,,,,,
0,1.0,337,1776152687.454517,reply,121.0,64.0,,,,,,,
0,1.0,338,1776152688.441678,reply,120.0,64.0,,,,,,,
0,1.0,339,1776152689.429033,reply,120.0,64.0,,,,,,,
0,1.0,340,1776152690.417174,reply,120.0,64.0,,,,,,,
0,1.0,341,1776152691.405498,reply,120.0,64.0,,,,,,,
0,1.0,342,1776152692.39372,reply,120.0,64.0,,,,,,,
0,1.0,343,1776152693.381338,reply,120.0,64.0,,,,,,,
0,1.0,344,1776152694.368774,reply,120.0,64.0,,,,,,,
0,1.0,345,1776152695.355937,reply,121.0,64.0,,,,,,,
0,1.0,346,1776152696.343015,reply,120.0,64.0,,,,,,,
0,1.0,347,1776152697.330698,reply,120.0,64.0,,,,,,,
0,1.0,348,1776152698.319103,reply,120.0,64.0,,,,,,,
0,1.0,349,1776152699.306642,reply,120.0,64.0,,,,,,,
0,1.0,350,1776152700.294455,reply,120.0,64.0,,,,,,,
0,1.0,351,1776152701.282418,reply,120.0,64.0,,,,,,,
0,1.0,352,1776152702.26976,reply,120.0,64.0,,,,,,,
0,1.0,353,1776152703.256385,reply,120.0,64.0,,,,,,,
0,1.0,354,1776152704.243094,reply,120.0,64.0,,,,,,,
0,1.0,355,1776152705.230943,reply,120.0,64.0,,,,,,,
0,1.0,356,1776152706.218692,reply,120.0,64.0,,,,,,,
0,1.0,357,1776152707.207071,reply,120.0,64.0,,,,,,,
0,1.0,358,1776152708.194623,reply,121.0,64.0,,,,,,,
0,1.0,359,1776152712.776868,reply,120.0,64.0,,,,,,,
0,1.0,360,1776152713.764514,reply,120.0,64.0,,,,,,,
0,1.0,361,1776152714.752669,reply,121.0,64.0,,,,,,,
0,1.0,362,1776152715.740209,reply,120.0,64.0,,,,,,,
0,1.0,363,1776152716.728449,reply,120.0,64.0,,,,,,,
0,1.0,364,1776152717.715054,reply,120.0,64.0,,,,,,,
0,1.0,365,1776152718.702879,reply,121.0,64.0,,,,,,,
0,1.0,366,1776152719.690416,reply,120.0,64.0,,,,,,,
0,1.0,367,1776152720.678006,reply,120.0,64.0,,,,,,,
0,1.0,368,1776152721.665797,reply,121.0,64.0,,,,,,,
0,1.0,369,1776152722.652792,reply,121.0,64.0,,,,,,,
0,1.0,370,1776152723.640031,reply,120.0,64.0,,,,,,,
0,1.0,371,1776152724.628241,reply,120.0,64.0,,,,,,,
0,1.0,372,1776152725.616082,reply,120.0,64.0,,,,,,,
0,1.0,373,1776152726.603906,reply,120.0,64.0,,,,,,,
0,1.0,374,1776152727.590797,reply,120.0,64.0,,,,,,,
0,1.0,375,1776152728.579103,reply,120.0,64.0,,,,,,,
0,1.0,376,1776152729.567048,reply,120.0,64.0,,,,,,,
0,1.0,377,1776152730.554494,reply,120.0,64.0,,,,,,,
0,1.0,378,1776152731.542814,reply,120.0,64.0,,,,,,,
0,1.0,379,1776152732.530887,reply,120.0,64.0,,,,,,,
0,1.0,380,1776152733.518411,reply,120.0,64.0,,,,,,,
0,1.0,381,1776152734.506382,reply,120.0,64.0,,,,,,,
0,1.0,382,1776152735.494418,reply,120.0,64.0,,,,,,,
0,1.0,383,1776152736.482252,reply,120.0,64.0,,,,,,,
0,1.0,384,1776152737.469448,reply,120.0,64.0,,,,,,,
0,1.0,385,1776152738.455818,reply,120.0,64.0,,,,,,,
0,1.0,386,1776152739.4438,reply,120.0,64.0,,,,,,,
0,1.0,387,1776152740.43123,reply,120.0,64.0,,,,,,,
0,1.0,388,1776152741.419377,reply,120.0,64.0,,,,,,,
0,1.0,389,1776152742.407006,reply,120.0,64.0,,,,,,,
0,1.0,390,1776152743.39397,reply,120.0,64.0,,,,,,,
0,1.0,391,1776152747.961612,reply,3700.0,64.0,,,,,,,
0,1.0,392,1776152748.949558,reply,120.0,64.0,,,,,,,
0,1.0,393,1776152749.937319,reply,121.0,64.0,,,,,,,
0,1.0,394,1776152750.923367,reply,120.0,64.0,,,,,,,
0,1.0,395,1776152751.910799,reply,120.0,64.0,,,,,,,
0,1.0,396,1776152752.898439,reply,120.0,64.0,,,,,,,
0,1.0,397,1776152753.887077,reply,121.0,64.0,,,,,,,
0,1.0,398,1776152754.874117,reply,120.0,64.0,,,,,,,
0,1.0,399,1776152755.862356,reply,120.0,64.0,,,,,,,
0,1.0,400,1776152756.850496,reply,120.0,64.0,,,,,,,
0,1.0,401,1776152757.838842,reply,120.0,64.0,,,,,,,
0,1.0,402,1776152758.826614,reply,120.0,64.0,,,,,,,
0,1.0,403,1776152759.814691,reply,120.0,64.0,,,,,,,
0,1.0,404,1776152760.80299,reply,120.0,64.0,,,,,,,
0,1.0,405,1776152761.790176,reply,121.0,64.0,,,,,,,
0,1.0,406,1776152762.778305,reply,121.0,64.0,,,,,,,
0,1.0,407,1776152763.765417,reply,120.0,64.0,,,,,,,
0,1.0,408,1776152764.753696,reply,120.0,64.0,,,,,,,
0,1.0,409,1776152765.742387,reply,121.0,64.0,,,,,,,
0,1.0,410,1776152766.729723,reply,120.0,64.0,,,,,,,
0,1.0,411,1776152767.718052,reply,121.0,64.0,,,,,,,
0,1.0,412,1776152768.703797,reply,121.0,64.0,,,,,,,
0,1.0,413,1776152769.691188,reply,120.0,64.0,,,,,,,
0,1.0,414,1776152770.679608,reply,121.0,64.0,,,,,,,
0,1.0,415,1776152771.665908,reply,120.0,64.0,,,,,,,
0,1.0,416,1776152772.654431,reply,121.0,64.0,,,,,,,
0,1.0,417,1776152773.642162,reply,120.0,64.0,,,,,,,
0,1.0,418,1776152774.629682,reply,120.0,64.0,,,,,,,
0,1.0,419,1776152775.617738,reply,120.0,64.0,,,,,,,
0,1.0,420,1776152776.606481,reply,121.0,64.0,,,,,,,
0,1.0,421,1776152777.594292,reply,121.0,64.0,,,,,,,
0,1.0,422,1776152778.581962,reply,120.0,64.0,,,,,,,
0,1.0,423,1776152779.570641,reply,121.0,64.0,,,,,,,
0,1.0,424,1776152784.14297,reply,120.0,64.0,,,,,,,
0,1.0,SUMMARY,,summary,,,,,,,,,
0,1.0,1,1776153288.985895,reply,120.0,64.0,,,,,,,
0,1.0,2,1776153289.973943,reply,120.0,64.0,,,,,,,
0,1.0,3,1776153290.961778,reply,120.0,64.0,,,,,,,
0,1.0,4,1776153291.949621,reply,120.0,64.0,,,,,,,
0,1.0,5,1776153292.937455,reply,120.0,64.0,,,,,,,
0,1.0,6,1776153293.925527,reply,120.0,64.0,,,,,,,
0,1.0,7,1776153294.913826,reply,120.0,64.0,,,,,,,
0,1.0,8,1776153295.90061,reply,120.0,64.0,,,,,,,
0,1.0,9,1776153296.887543,reply,120.0,64.0,,,,,,,
0,1.0,10,1776153297.875584,reply,120.0,64.0,,,,,,,
0,1.0,11,1776153298.863494,reply,120.0,64.0,,,,,,,
0,1.0,12,1776153299.8508,reply,120.0,64.0,,,,,,,
0,1.0,13,1776153300.839542,reply,121.0,64.0,,,,,,,
0,1.0,14,1776153301.825766,reply,120.0,64.0,,,,,,,
0,1.0,15,1776153302.813332,reply,120.0,64.0,,,,,,,
0,1.0,16,1776153303.800372,reply,120.0,64.0,,,,,,,
0,1.0,17,1776153304.787721,reply,120.0,64.0,,,,,,,
0,1.0,18,1776153305.775706,reply,120.0,64.0,,,,,,,
0,1.0,19,1776153306.762685,reply,120.0,64.0,,,,,,,
0,1.0,21,1776153308.755992,reply,120.0,64.0,,,,,,,
0,1.0,22,1776153309.74383,reply,120.0,64.0,,,,,,,
0,1.0,23,1776153310.730619,reply,120.0,64.0,,,,,,,
0,1.0,24,1776153311.718786,reply,120.0,64.0,,,,,,,
0,1.0,25,1776153312.706591,reply,120.0,64.0,,,,,,,
0,1.0,26,1776153313.694733,reply,120.0,64.0,,,,,,,
0,1.0,27,1776153314.682689,reply,120.0,64.0,,,,,,,
0,1.0,28,1776153315.669939,reply,120.0,64.0,,,,,,,
0,1.0,29,1776153320.24156,reply,123.0,64.0,,,,,,,
0,1.0,30,1776153321.226143,reply,120.0,64.0,,,,,,,
0,1.0,31,1776153322.214084,reply,120.0,64.0,,,,,,,
0,1.0,32,1776153323.202189,reply,120.0,64.0,,,,,,,
0,1.0,33,1776153324.190225,reply,120.0,64.0,,,,,,,
0,1.0,34,1776153325.176969,reply,120.0,64.0,,,,,,,
0,1.0,35,1776153326.164741,reply,120.0,64.0,,,,,,,
0,1.0,36,1776153327.152083,reply,120.0,64.0,,,,,,,
0,1.0,37,1776153328.140295,reply,120.0,64.0,,,,,,,
0,1.0,38,1776153329.127688,reply,120.0,64.0,,,,,,,
0,1.0,39,1776153330.114394,reply,120.0,64.0,,,,,,,
0,1.0,40,1776153331.100828,reply,120.0,64.0,,,,,,,
0,1.0,41,1776153332.089045,reply,120.0,64.0,,,,,,,
0,1.0,42,1776153333.077477,reply,120.0,64.0,,,,,,,
0,1.0,43,1776153334.065038,reply,120.0,64.0,,,,,,,
0,1.0,45,1776153336.084134,reply,121.0,64.0,,,,,,,
0,1.0,46,1776153337.069925,reply,120.0,64.0,,,,,,,
0,1.0,49,1776153340.083192,reply,120.0,64.0,,,,,,,
0,1.0,50,1776153341.070184,reply,120.0,64.0,,,,,,,
0,1.0,51,1776153342.057971,reply,120.0,64.0,,,,,,,
0,1.0,52,1776153343.045003,reply,120.0,64.0,,,,,,,
0,1.0,53,1776153344.032363,reply,120.0,64.0,,,,,,,
0,1.0,54,1776153345.02011,reply,120.0,64.0,,,,,,,
0,1.0,55,1776153346.007681,reply,120.0,64.0,,,,,,,
0,1.0,56,1776153346.995846,reply,120.0,64.0,,,,,,,
0,1.0,57,1776153348.930422,reply,122.0,64.0,,,,,,,
0,1.0,60,1776153356.48278,reply,122.0,64.0,,,,,,,
0,1.0,61,1776153357.468074,reply,120.0,64.0,,,,,,,
0,1.0,64,1776153360.495538,reply,120.0,64.0,,,,,,,
0,1.0,66,1776153362.511475,reply,120.0,64.0,,,,,,,
0,1.0,67,1776153363.498672,reply,120.0,64.0,,,,,,,
0,1.0,68,1776153367.323154,reply,120.0,64.0,,,,,,,
0,1.0,69,1776153368.311088,reply,120.0,64.0,,,,,,,
0,1.0,71,1776153372.208161,reply,120.0,64.0,,,,,,,
0,1.0,72,1776153373.196281,reply,120.0,64.0,,,,,,,
0,1.0,73,1776153375.127454,reply,120.0,64.0,,,,,,,
0,1.0,74,1776153376.1156,reply,120.0,64.0,,,,,,,
0,1.0,75,1776153378.994257,reply,120.0,64.0,,,,,,,
0,1.0,76,1776153380.926808,reply,120.0,64.0,,,,,,,
0,1.0,77,1776153381.914679,reply,120.0,64.0,,,,,,,
0,1.0,80,1776153385.871502,reply,120.0,64.0,,,,,,,
0,1.0,81,1776153392.336572,reply,120.0,64.0,,,,,,,
0,1.0,82,1776153394.269037,reply,120.0,64.0,,,,,,,
0,1.0,83,1776153395.257046,reply,120.0,64.0,,,,,,,
0,1.0,84,1776153396.244584,reply,120.0,64.0,,,,,,,
0,1.0,86,1776153401.096007,reply,120.0,64.0,,,,,,,
0,1.0,87,1776153402.083041,reply,120.0,64.0,,,,,,,
0,1.0,88,1776153405.905081,reply,120.0,64.0,,,,,,,
0,1.0,89,1776153406.892841,reply,120.0,64.0,,,,,,,
0,1.0,90,1776153407.881049,reply,120.0,64.0,,,,,,,
0,1.0,91,1776153408.869494,reply,120.0,64.0,,,,,,,
0,1.0,92,1776153409.856939,reply,120.0,64.0,,,,,,,
0,1.0,93,1776153410.845638,reply,121.0,64.0,,,,,,,
0,1.0,94,1776153412.777178,reply,120.0,64.0,,,,,,,
0,1.0,95,1776153413.764484,reply,120.0,64.0,,,,,,,
0,1.0,96,1776153414.75084,reply,120.0,64.0,,,,,,,
0,1.0,97,1776153416.687612,reply,124.0,64.0,,,,,,,
0,1.0,98,1776153420.507932,reply,120.0,64.0,,,,,,,
0,1.0,99,1776153421.496086,reply,120.0,64.0,,,,,,,
0,1.0,100,1776153423.431983,reply,123.0,64.0,,,,,,,
0,1.0,101,1776153428.936466,reply,120.0,64.0,,,,,,,
0,1.0,102,1776153430.869118,reply,120.0,64.0,,,,,,,
0,1.0,103,1776153433.749012,reply,122.0,64.0,,,,,,,
0,1.0,104,1776153434.735209,reply,120.0,64.0,,,,,,,
0,1.0,106,1776153436.746437,reply,120.0,64.0,,,,,,,
0,1.0,107,1776153437.734465,reply,120.0,64.0,,,,,,,
0,1.0,108,1776153438.722687,reply,120.0,64.0,,,,,,,
0,1.0,109,1776153439.709794,reply,120.0,64.0,,,,,,,
0,1.0,110,1776153441.641687,reply,120.0,64.0,,,,,,,
0,1.0,111,1776153442.628812,reply,120.0,64.0,,,,,,,
0,1.0,112,1776153443.616767,reply,120.0,64.0,,,,,,,
0,1.0,113,1776153444.604777,reply,120.0,64.0,,,,,,,
0,1.0,114,1776153445.592687,reply,120.0,64.0,,,,,,,
0,1.0,116,1776153450.429097,reply,121.0,64.0,,,,,,,
0,1.0,118,1776153454.33313,reply,121.0,64.0,,,,,,,
0,1.0,120,1776153457.293391,reply,123.0,64.0,,,,,,,
0,1.0,121,1776153464.697823,reply,120.0,64.0,,,,,,,
0,1.0,122,1776153467.574549,reply,121.0,64.0,,,,,,,
0,1.0,123,1776153470.451979,reply,122.0,64.0,,,,,,,
0,1.0,124,1776153471.435958,reply,120.0,64.0,,,,,,,
0,1.0,125,1776153472.423792,reply,120.0,64.0,,,,,,,
0,1.0,126,1776153475.302743,reply,120.0,64.0,,,,,,,
0,1.0,127,1776153476.289557,reply,120.0,64.0,,,,,,,
0,1.0,128,1776153477.27784,reply,120.0,64.0,,,,,,,
0,1.0,129,1776153479.209616,reply,120.0,64.0,,,,,,,
0,1.0,130,1776153480.197902,reply,120.0,64.0,,,,,,,
0,1.0,131,1776153482.130485,reply,120.0,64.0,,,,,,,
0,1.0,132,1776153483.117737,reply,120.0,64.0,,,,,,,
0,1.0,133,1776153484.105801,reply,120.0,64.0,,,,,,,
0,1.0,134,1776153485.093311,reply,120.0,64.0,,,,,,,
0,1.0,135,1776153486.079909,reply,120.0,64.0,,,,,,,
0,1.0,136,1776153487.067035,reply,120.0,64.0,,,,,,,
0,1.0,137,1776153488.053841,reply,120.0,64.0,,,,,,,
0,1.0,139,1776153490.062648,reply,120.0,64.0,,,,,,,
0,1.0,140,1776153491.05096,reply,120.0,64.0,,,,,,,
0,1.0,141,1776153492.037873,reply,120.0,64.0,,,,,,,
0,1.0,142,1776153493.969857,reply,120.0,64.0,,,,,,,
0,1.0,143,1776153494.957473,reply,120.0,64.0,,,,,,,
0,1.0,144,1776153499.534533,reply,120.0,64.0,,,,,,,
0,1.0,145,1776153500.521479,reply,120.0,64.0,,,,,,,
0,1.0,146,1776153501.508976,reply,120.0,64.0,,,,,,,
0,1.0,147,1776153502.496657,reply,120.0,64.0,,,,,,,
0,1.0,148,1776153503.486088,reply,122.0,64.0,,,,,,,
0,1.0,149,1776153504.472574,reply,120.0,64.0,,,,,,,
0,1.0,150,1776153505.459649,reply,120.0,64.0,,,,,,,
0,1.0,151,1776153506.44665,reply,120.0,64.0,,,,,,,
0,1.0,152,1776153507.434438,reply,120.0,64.0,,,,,,,
0,1.0,153,1776153508.421751,reply,120.0,64.0,,,,,,,
0,1.0,155,1776153510.41978,reply,120.0,64.0,,,,,,,
0,1.0,156,1776153511.40732,reply,120.0,64.0,,,,,,,
0,1.0,157,1776153512.395219,reply,120.0,64.0,,,,,,,
0,1.0,159,1776153514.387851,reply,120.0,64.0,,,,,,,
0,1.0,160,1776153515.375085,reply,120.0,64.0,,,,,,,
0,1.0,161,1776153516.364145,reply,122.0,64.0,,,,,,,
0,1.0,162,1776153517.349935,reply,120.0,64.0,,,,,,,
0,1.0,163,1776153518.337927,reply,120.0,64.0,,,,,,,
0,1.0,164,1776153519.325878,reply,120.0,64.0,,,,,,,
0,1.0,165,1776153520.313987,reply,121.0,64.0,,,,,,,
0,1.0,167,1776153522.32388,reply,120.0,64.0,,,,,,,
0,1.0,168,1776153523.311665,reply,121.0,64.0,,,,,,,
0,1.0,169,1776153524.298906,reply,120.0,64.0,,,,,,,
0,1.0,170,1776153525.28623,reply,120.0,64.0,,,,,,,
0,1.0,171,1776153526.273146,reply,120.0,64.0,,,,,,,
0,1.0,172,1776153527.260905,reply,120.0,64.0,,,,,,,
0,1.0,173,1776153528.24898,reply,120.0,64.0,,,,,,,
0,1.0,174,1776153529.23704,reply,120.0,64.0,,,,,,,
0,1.0,175,1776153530.225212,reply,120.0,64.0,,,,,,,
0,1.0,176,1776153534.781643,reply,120.0,64.0,,,,,,,
0,1.0,177,1776153535.76934,reply,120.0,64.0,,,,,,,
0,1.0,178,1776153536.756933,reply,120.0,64.0,,,,,,,
0,1.0,179,1776153537.744332,reply,120.0,64.0,,,,,,,
0,1.0,180,1776153538.73246,reply,120.0,64.0,,,,,,,
0,1.0,181,1776153539.720072,reply,121.0,64.0,,,,,,,
0,1.0,182,1776153540.707442,reply,120.0,64.0,,,,,,,
0,1.0,183,1776153541.695997,reply,121.0,64.0,,,,,,,
0,1.0,184,1776153542.68362,reply,120.0,64.0,,,,,,,
0,1.0,185,1776153543.671879,reply,121.0,64.0,,,,,,,
0,1.0,186,1776153544.659544,reply,121.0,64.0,,,,,,,
0,1.0,187,1776153545.646309,reply,120.0,64.0,,,,,,,
0,1.0,188,1776153546.634164,reply,121.0,64.0,,,,,,,
0,1.0,189,1776153547.621297,reply,121.0,64.0,,,,,,,
0,1.0,190,1776153548.608794,reply,120.0,64.0,,,,,,,
0,1.0,191,1776153549.595343,reply,120.0,64.0,,,,,,,
0,1.0,192,1776153550.581787,reply,121.0,64.0,,,,,,,
0,1.0,193,1776153551.569451,reply,121.0,64.0,,,,,,,
0,1.0,194,1776153552.556824,reply,121.0,64.0,,,,,,,
0,1.0,195,1776153553.544192,reply,120.0,64.0,,,,,,,
0,1.0,196,1776153554.532395,reply,120.0,64.0,,,,,,,
0,1.0,197,1776153555.520406,reply,120.0,64.0,,,,,,,
0,1.0,198,1776153556.508373,reply,120.0,64.0,,,,,,,
0,1.0,199,1776153557.496221,reply,120.0,64.0,,,,,,,
0,1.0,200,1776153558.484226,reply,120.0,64.0,,,,,,,
0,1.0,201,1776153559.471595,reply,121.0,64.0,,,,,,,
0,1.0,202,1776153560.457916,reply,120.0,64.0,,,,,,,
0,1.0,203,1776153561.446417,reply,121.0,64.0,,,,,,,
0,1.0,204,1776153562.433965,reply,120.0,64.0,,,,,,,
0,1.0,205,1776153563.421713,reply,121.0,64.0,,,,,,,
0,1.0,206,1776153564.408127,reply,120.0,64.0,,,,,,,
0,1.0,207,1776153565.396417,reply,120.0,64.0,,,,,,,
0,1.0,208,1776153566.384321,reply,120.0,64.0,,,,,,,
0,1.0,209,1776153570.972666,reply,120.0,64.0,,,,,,,
0,1.0,210,1776153571.960888,reply,120.0,64.0,,,,,,,
0,1.0,211,1776153572.948157,reply,120.0,64.0,,,,,,,
0,1.0,212,1776153573.934962,reply,121.0,64.0,,,,,,,
0,1.0,213,1776153574.92347,reply,121.0,64.0,,,,,,,
0,1.0,214,1776153575.911369,reply,121.0,64.0,,,,,,,
0,1.0,215,1776153576.898917,reply,121.0,64.0,,,,,,,
0,1.0,216,1776153577.887016,reply,120.0,64.0,,,,,,,
0,1.0,218,1776153579.894537,reply,120.0,64.0,,,,,,,
0,1.0,219,1776153580.882218,reply,120.0,64.0,,,,,,,
0,1.0,220,1776153581.870785,reply,121.0,64.0,,,,,,,
0,1.0,221,1776153582.859449,reply,121.0,64.0,,,,,,,
0,1.0,222,1776153583.845287,reply,120.0,64.0,,,,,,,
0,1.0,223,1776153584.83227,reply,120.0,64.0,,,,,,,
0,1.0,224,1776153585.820119,reply,121.0,64.0,,,,,,,
0,1.0,225,1776153586.807258,reply,120.0,64.0,,,,,,,
0,1.0,226,1776153587.795169,reply,120.0,64.0,,,,,,,
0,1.0,227,1776153588.781924,reply,120.0,64.0,,,,,,,
0,1.0,228,1776153589.770071,reply,121.0,64.0,,,,,,,
0,1.0,229,1776153590.757676,reply,121.0,64.0,,,,,,,
0,1.0,230,1776153591.744891,reply,120.0,64.0,,,,,,,
0,1.0,231,1776153592.73253,reply,121.0,64.0,,,,,,,
0,1.0,232,1776153593.719228,reply,121.0,64.0,,,,,,,
0,1.0,233,1776153594.706574,reply,120.0,64.0,,,,,,,
0,1.0,234,1776153595.694985,reply,120.0,64.0,,,,,,,
0,1.0,235,1776153596.682508,reply,120.0,64.0,,,,,,,
0,1.0,236,1776153597.670251,reply,120.0,64.0,,,,,,,
0,1.0,237,1776153598.658339,reply,120.0,64.0,,,,,,,
0,1.0,238,1776153599.646567,reply,121.0,64.0,,,,,,,
0,1.0,239,1776153600.633898,reply,121.0,64.0,,,,,,,
0,1.0,240,1776153601.621391,reply,120.0,64.0,,,,,,,
0,1.0,241,1776153602.609655,reply,120.0,64.0,,,,,,,
0,1.0,242,1776153607.173176,reply,120.0,64.0,,,,,,,
0,1.0,243,1776153608.159669,reply,120.0,64.0,,,,,,,
0,1.0,244,1776153609.147324,reply,121.0,64.0,,,,,,,
0,1.0,245,1776153610.133933,reply,120.0,64.0,,,,,,,
0,1.0,246,1776153611.121231,reply,120.0,64.0,,,,,,,
0,1.0,247,1776153612.109263,reply,121.0,64.0,,,,,,,
0,1.0,248,1776153613.096604,reply,120.0,64.0,,,,,,,
0,1.0,249,1776153614.084835,reply,120.0,64.0,,,,,,,
0,1.0,250,1776153615.073505,reply,121.0,64.0,,,,,,,
0,1.0,251,1776153616.060519,reply,120.0,64.0,,,,,,,
0,1.0,252,1776153617.047319,reply,120.0,64.0,,,,,,,
0,1.0,253,1776153618.034372,reply,120.0,64.0,,,,,,,
0,1.0,254,1776153619.02253,reply,120.0,64.0,,,,,,,
0,1.0,255,1776153620.010933,reply,121.0,64.0,,,,,,,
0,1.0,256,1776153620.998825,reply,120.0,64.0,,,,,,,
0,1.0,257,1776153621.986471,reply,120.0,64.0,,,,,,,
0,1.0,259,1776153623.983405,reply,120.0,64.0,,,,,,,
0,1.0,260,1776153624.971619,reply,120.0,64.0,,,,,,,
0,1.0,261,1776153625.959481,reply,120.0,64.0,,,,,,,
0,1.0,262,1776153626.947546,reply,121.0,64.0,,,,,,,
0,1.0,263,1776153627.933497,reply,120.0,64.0,,,,,,,
0,1.0,264,1776153628.921174,reply,120.0,64.0,,,,,,,
0,1.0,265,1776153629.908785,reply,120.0,64.0,,,,,,,
0,1.0,266,1776153630.896738,reply,120.0,64.0,,,,,,,
0,1.0,267,1776153631.884097,reply,121.0,64.0,,,,,,,
0,1.0,268,1776153632.871249,reply,120.0,64.0,,,,,,,
0,1.0,269,1776153633.858919,reply,121.0,64.0,,,,,,,
0,1.0,270,1776153634.845803,reply,121.0,64.0,,,,,,,
0,1.0,271,1776153635.832806,reply,120.0,64.0,,,,,,,
0,1.0,272,1776153636.820442,reply,120.0,64.0,,,,,,,
0,1.0,273,1776153637.806859,reply,120.0,64.0,,,,,,,
0,1.0,274,1776153642.382926,reply,120.0,64.0,,,,,,,
0,1.0,275,1776153643.370469,reply,120.0,64.0,,,,,,,
0,1.0,276,1776153644.358238,reply,120.0,64.0,,,,,,,
0,1.0,277,1776153645.345846,reply,120.0,64.0,,,,,,,
0,1.0,278,1776153646.332866,reply,120.0,64.0,,,,,,,
0,1.0,279,1776153647.320414,reply,120.0,64.0,,,,,,,
0,1.0,280,1776153648.307931,reply,120.0,64.0,,,,,,,
0,1.0,281,1776153649.295297,reply,120.0,64.0,,,,,,,
0,1.0,282,1776153650.282968,reply,120.0,64.0,,,,,,,
0,1.0,283,1776153651.26893,reply,120.0,64.0,,,,,,,
0,1.0,284,1776153652.255346,reply,120.0,64.0,,,,,,,
0,1.0,285,1776153653.24278,reply,120.0,64.0,,,,,,,
0,1.0,286,1776153654.230151,reply,120.0,64.0,,,,,,,
0,1.0,287,1776153655.217999,reply,120.0,64.0,,,,,,,
0,1.0,288,1776153656.205834,reply,120.0,64.0,,,,,,,
0,1.0,289,1776153657.193267,reply,120.0,64.0,,,,,,,
0,1.0,290,1776153658.180905,reply,120.0,64.0,,,,,,,
0,1.0,291,1776153659.16842,reply,120.0,64.0,,,,,,,
0,1.0,292,1776153660.155785,reply,120.0,64.0,,,,,,,
0,1.0,293,1776153661.143448,reply,120.0,64.0,,,,,,,
0,1.0,294,1776153662.130069,reply,120.0,64.0,,,,,,,
0,1.0,295,1776153663.117683,reply,120.0,64.0,,,,,,,
0,1.0,296,1776153664.105423,reply,120.0,64.0,,,,,,,
0,1.0,297,1776153665.093084,reply,120.0,64.0,,,,,,,
0,1.0,298,1776153666.080905,reply,120.0,64.0,,,,,,,
0,1.0,299,1776153667.068554,reply,120.0,64.0,,,,,,,
0,1.0,300,1776153668.0563,reply,120.0,64.0,,,,,,,
0,1.0,301,1776153669.043966,reply,120.0,64.0,,,,,,,
0,1.0,302,1776153670.031821,reply,120.0,64.0,,,,,,,
0,1.0,303,1776153671.019741,reply,120.0,64.0,,,,,,,
0,1.0,304,1776153672.006379,reply,120.0,64.0,,,,,,,
0,1.0,305,1776153672.994007,reply,120.0,64.0,,,,,,,
0,1.0,306,1776153673.981431,reply,120.0,64.0,,,,,,,
0,1.0,307,1776153678.543859,reply,120.0,64.0,,,,,,,
0,1.0,308,1776153679.526875,reply,120.0,64.0,,,,,,,
0,1.0,310,1776153681.515054,reply,120.0,64.0,,,,,,,
0,1.0,311,1776153682.50278,reply,120.0,64.0,,,,,,,
0,1.0,312,1776153683.49081,reply,121.0,64.0,,,,,,,
0,1.0,313,1776153684.478202,reply,120.0,64.0,,,,,,,
0,1.0,314,1776153685.465465,reply,120.0,64.0,,,,,,,
0,1.0,315,1776153686.453229,reply,120.0,64.0,,,,,,,
0,1.0,316,1776153687.440954,reply,120.0,64.0,,,,,,,
0,1.0,317,1776153688.428738,reply,120.0,64.0,,,,,,,
0,1.0,318,1776153689.416489,reply,120.0,64.0,,,,,,,
0,1.0,319,1776153690.40415,reply,120.0,64.0,,,,,,,
0,1.0,320,1776153691.391967,reply,120.0,64.0,,,,,,,
0,1.0,321,1776153692.379218,reply,120.0,64.0,,,,,,,
0,1.0,322,1776153693.366541,reply,120.0,64.0,,,,,,,
0,1.0,323,1776153694.353761,reply,120.0,64.0,,,,,,,
0,1.0,324,1776153695.340422,reply,120.0,64.0,,,,,,,
0,1.0,325,1776153696.327065,reply,120.0,64.0,,,,,,,
0,1.0,326,1776153697.314589,reply,120.0,64.0,,,,,,,
0,1.0,327,1776153698.301524,reply,120.0,64.0,,,,,,,
0,1.0,328,1776153699.289084,reply,120.0,64.0,,,,,,,
0,1.0,329,1776153700.276579,reply,120.0,64.0,,,,,,,
0,1.0,330,1776153701.26403,reply,120.0,64.0,,,,,,,
0,1.0,331,1776153702.251035,reply,120.0,64.0,,,,,,,
0,1.0,332,1776153703.238604,reply,120.0,64.0,,,,,,,
0,1.0,333,1776153704.225906,reply,120.0,64.0,,,,,,,
0,1.0,334,1776153705.213358,reply,120.0,64.0,,,,,,,
0,1.0,335,1776153706.199643,reply,120.0,64.0,,,,,,,
0,1.0,336,1776153707.187171,reply,120.0,64.0,,,,,,,
0,1.0,337,1776153708.174967,reply,120.0,64.0,,,,,,,
0,1.0,338,1776153709.162726,reply,120.0,64.0,,,,,,,
0,1.0,339,1776153710.150459,reply,120.0,64.0,,,,,,,
0,1.0,340,1776153714.716515,reply,120.0,64.0,,,,,,,
0,1.0,341,1776153715.704279,reply,120.0,64.0,,,,,,,
0,1.0,342,1776153716.692152,reply,120.0,64.0,,,,,,,
0,1.0,343,1776153717.679641,reply,120.0,64.0,,,,,,,
0,1.0,344,1776153718.666864,reply,120.0,64.0,,,,,,,
0,1.0,345,1776153719.653699,reply,120.0,64.0,,,,,,,
0,1.0,346,1776153720.64183,reply,121.0,64.0,,,,,,,
0,1.0,347,1776153721.629564,reply,120.0,64.0,,,,,,,
0,1.0,348,1776153722.617206,reply,120.0,64.0,,,,,,,
0,1.0,349,1776153723.60495,reply,120.0,64.0,,,,,,,
0,1.0,350,1776153724.593134,reply,121.0,64.0,,,,,,,
0,1.0,351,1776153725.580506,reply,120.0,64.0,,,,,,,
0,1.0,352,1776153726.568134,reply,120.0,64.0,,,,,,,
0,1.0,353,1776153727.555906,reply,120.0,64.0,,,,,,,
0,1.0,354,1776153728.543706,reply,120.0,64.0,,,,,,,
0,1.0,355,1776153729.530301,reply,120.0,64.0,,,,,,,
0,1.0,356,1776153730.516227,reply,120.0,64.0,,,,,,,
0,1.0,357,1776153731.503827,reply,120.0,64.0,,,,,,,
0,1.0,358,1776153732.491361,reply,120.0,64.0,,,,,,,
0,1.0,359,1776153733.478481,reply,120.0,64.0,,,,,,,
0,1.0,360,1776153734.465879,reply,120.0,64.0,,,,,,,
0,1.0,361,1776153735.453158,reply,120.0,64.0,,,,,,,
0,1.0,362,1776153736.441304,reply,120.0,64.0,,,,,,,
0,1.0,363,1776153737.428483,reply,120.0,64.0,,,,,,,
0,1.0,364,1776153738.415837,reply,120.0,64.0,,,,,,,
0,1.0,365,1776153739.402038,reply,120.0,64.0,,,,,,,
0,1.0,366,1776153740.38872,reply,120.0,64.0,,,,,,,
0,1.0,367,1776153741.376261,reply,120.0,64.0,,,,,,,
0,1.0,368,1776153742.363368,reply,120.0,64.0,,,,,,,
0,1.0,369,1776153743.350633,reply,120.0,64.0,,,,,,,
0,1.0,370,1776153744.338617,reply,120.0,64.0,,,,,,,
0,1.0,371,1776153745.32623,reply,120.0,64.0,,,,,,,
0,1.0,372,1776153749.900919,reply,120.0,64.0,,,,,,,
0,1.0,373,1776153750.888328,reply,120.0,64.0,,,,,,,
0,1.0,374,1776153751.876217,reply,120.0,64.0,,,,,,,
0,1.0,375,1776153752.86407,reply,120.0,64.0,,,,,,,
0,1.0,376,1776153753.850489,reply,120.0,64.0,,,,,,,
0,1.0,377,1776153754.837662,reply,120.0,64.0,,,,,,,
0,1.0,378,1776153755.825195,reply,120.0,64.0,,,,,,,
0,1.0,379,1776153756.81291,reply,120.0,64.0,,,,,,,
0,1.0,380,1776153757.80066,reply,120.0,64.0,,,,,,,
0,1.0,381,1776153758.788511,reply,120.0,64.0,,,,,,,
0,1.0,382,1776153759.776197,reply,120.0,64.0,,,,,,,
0,1.0,383,1776153760.763655,reply,120.0,64.0,,,,,,,
0,1.0,384,1776153761.75153,reply,120.0,64.0,,,,,,,
0,1.0,385,1776153762.73929,reply,120.0,64.0,,,,,,,
0,1.0,386,1776153763.726283,reply,120.0,64.0,,,,,,,
0,1.0,387,1776153764.713526,reply,120.0,64.0,,,,,,,
0,1.0,388,1776153765.700533,reply,120.0,64.0,,,,,,,
0,1.0,389,1776153766.687861,reply,120.0,64.0,,,,,,,
0,1.0,390,1776153767.675277,reply,120.0,64.0,,,,,,,
0,1.0,391,1776153768.663012,reply,120.0,64.0,,,,,,,
0,1.0,392,1776153769.650178,reply,120.0,64.0,,,,,,,
0,1.0,393,1776153770.637694,reply,120.0,64.0,,,,,,,
0,1.0,394,1776153771.625361,reply,120.0,64.0,,,,,,,
0,1.0,395,1776153772.613179,reply,120.0,64.0,,,,,,,
0,1.0,396,1776153773.599911,reply,120.0,64.0,,,,,,,
0,1.0,397,1776153774.586445,reply,120.0,64.0,,,,,,,
0,1.0,398,1776153775.574105,reply,120.0,64.0,,,,,,,
0,1.0,399,1776153776.561921,reply,120.0,64.0,,,,,,,
0,1.0,400,1776153777.549614,reply,120.0,64.0,,,,,,,
0,1.0,401,1776153778.537515,reply,120.0,64.0,,,,,,,
0,1.0,402,1776153779.525212,reply,120.0,64.0,,,,,,,
0,1.0,403,1776153780.513039,reply,120.0,64.0,,,,,,,
0,1.0,404,1776153781.50013,reply,120.0,64.0,,,,,,,
0,1.0,405,1776153786.080105,reply,120.0,64.0,,,,,,,
0,1.0,406,1776153787.067628,reply,120.0,64.0,,,,,,,
0,1.0,407,1776153788.054227,reply,120.0,64.0,,,,,,,
0,1.0,408,1776153789.04191,reply,120.0,64.0,,,,,,,
0,1.0,SUMMARY,,summary,,,,,,,,,
0,1.0,1,1776154293.932125,reply,120.0,64.0,,,,,,,
0,1.0,2,1776154294.919212,reply,120.0,64.0,,,,,,,
0,1.0,3,1776154295.906796,reply,120.0,64.0,,,,,,,
0,1.0,4,1776154296.894132,reply,120.0,64.0,,,,,,,
0,1.0,5,1776154297.880392,reply,120.0,64.0,,,,,,,
0,1.0,6,1776154298.867025,reply,120.0,64.0,,,,,,,
0,1.0,7,1776154299.853969,reply,120.0,64.0,,,,,,,
0,1.0,8,1776154300.841314,reply,120.0,64.0,,,,,,,
0,1.0,9,1776154301.828807,reply,120.0,64.0,,,,,,,
0,1.0,10,1776154302.81613,reply,120.0,64.0,,,,,,,
0,1.0,11,1776154303.803724,reply,120.0,64.0,,,,,,,
0,1.0,12,1776154304.791162,reply,120.0,64.0,,,,,,,
0,1.0,13,1776154305.778519,reply,120.0,64.0,,,,,,,
0,1.0,15,1776154307.792487,reply,120.0,64.0,,,,,,,
0,1.0,16,1776154309.724182,reply,120.0,64.0,,,,,,,
0,1.0,17,1776154310.711618,reply,120.0,64.0,,,,,,,
0,1.0,18,1776154311.699181,reply,120.0,64.0,,,,,,,
0,1.0,19,1776154312.687227,reply,120.0,64.0,,,,,,,
0,1.0,21,1776154314.704087,reply,120.0,64.0,,,,,,,
0,1.0,22,1776154315.692401,reply,120.0,64.0,,,,,,,
0,1.0,23,1776154317.624095,reply,120.0,64.0,,,,,,,
0,1.0,24,1776154322.187417,reply,120.0,64.0,,,,,,,
0,1.0,25,1776154323.175814,reply,120.0,64.0,,,,,,,
0,1.0,26,1776154325.107599,reply,120.0,64.0,,,,,,,
0,1.0,27,1776154326.097687,reply,122.0,64.0,,,,,,,
0,1.0,28,1776154327.082761,reply,120.0,64.0,,,,,,,
0,1.0,30,1776154329.09694,reply,120.0,64.0,,,,,,,
0,1.0,31,1776154330.087802,reply,123.0,64.0,,,,,,,
0,1.0,32,1776154331.072847,reply,120.0,64.0,,,,,,,
0,1.0,33,1776154333.004364,reply,121.0,64.0,,,,,,,
0,1.0,34,1776154334.935865,reply,120.0,64.0,,,,,,,
0,1.0,35,1776154335.924258,reply,120.0,64.0,,,,,,,
0,1.0,37,1776154337.929005,reply,120.0,64.0,,,,,,,
0,1.0,38,1776154338.91597,reply,120.0,64.0,,,,,,,
0,1.0,39,1776154339.902925,reply,120.0,64.0,,,,,,,
0,1.0,40,1776154340.89102,reply,120.0,64.0,,,,,,,
0,1.0,41,1776154341.879395,reply,120.0,64.0,,,,,,,
0,1.0,42,1776154342.86617,reply,120.0,64.0,,,,,,,
0,1.0,44,1776154344.872997,reply,120.0,64.0,,,,,,,
0,1.0,45,1776154345.860035,reply,120.0,64.0,,,,,,,
0,1.0,48,1776154348.872808,reply,120.0,64.0,,,,,,,
0,1.0,49,1776154349.861668,reply,121.0,64.0,,,,,,,
0,1.0,50,1776154350.84865,reply,120.0,64.0,,,,,,,
0,1.0,51,1776154351.836878,reply,120.0,64.0,,,,,,,
0,1.0,52,1776154357.351739,reply,120.0,64.0,,,,,,,
0,1.0,53,1776154358.340016,reply,120.0,64.0,,,,,,,
0,1.0,55,1776154360.359568,reply,120.0,64.0,,,,,,,
0,1.0,56,1776154361.347852,reply,120.0,64.0,,,,,,,
0,1.0,58,1776154368.071522,reply,120.0,64.0,,,,,,,
0,1.0,60,1776154370.087595,reply,120.0,64.0,,,,,,,
0,1.0,61,1776154371.07563,reply,120.0,64.0,,,,,,,
0,1.0,62,1776154372.063277,reply,120.0,64.0,,,,,,,
0,1.0,63,1776154373.051476,reply,120.0,64.0,,,,,,,
0,1.0,64,1776154374.039458,reply,120.0,64.0,,,,,,,
0,1.0,67,1776154378.007221,reply,120.0,64.0,,,,,,,
0,1.0,68,1776154378.995074,reply,120.0,64.0,,,,,,,
0,1.0,69,1776154379.983292,reply,120.0,64.0,,,,,,,
0,1.0,70,1776154380.970972,reply,120.0,64.0,,,,,,,
0,1.0,71,1776154381.959136,reply,120.0,64.0,,,,,,,
0,1.0,72,1776154383.891459,reply,120.0,64.0,,,,,,,
0,1.0,73,1776154384.879652,reply,120.0,64.0,,,,,,,
0,1.0,75,1776154386.887545,reply,120.0,64.0,,,,,,,
0,1.0,76,1776154387.874525,reply,120.0,64.0,,,,,,,
0,1.0,77,1776154388.86251,reply,120.0,64.0,,,,,,,
0,1.0,78,1776154390.794258,reply,120.0,64.0,,,,,,,
0,1.0,80,1776154393.751403,reply,120.0,64.0,,,,,,,
0,1.0,81,1776154394.739458,reply,120.0,64.0,,,,,,,
0,1.0,82,1776154395.727445,reply,120.0,64.0,,,,,,,
0,1.0,83,1776154396.715224,reply,120.0,64.0,,,,,,,
0,1.0,84,1776154402.42854,reply,120.0,64.0,,,,,,,
0,1.0,85,1776154403.416173,reply,120.0,64.0,,,,,,,
0,1.0,86,1776154404.404382,reply,120.0,64.0,,,,,,,
0,1.0,87,1776154410.671591,reply,120.0,64.0,,,,,,,
0,1.0,88,1776154411.65951,reply,120.0,64.0,,,,,,,
0,1.0,89,1776154412.647735,reply,120.0,64.0,,,,,,,
0,1.0,90,1776154413.636028,reply,120.0,64.0,,,,,,,
0,1.0,91,1776154414.623351,reply,120.0,64.0,,,,,,,
0,1.0,92,1776154417.500252,reply,120.0,64.0,,,,,,,
0,1.0,94,1776154422.330523,reply,120.0,64.0,,,,,,,
0,1.0,95,1776154423.318709,reply,120.0,64.0,,,,,,,
0,1.0,96,1776154424.306699,reply,120.0,64.0,,,,,,,
0,1.0,97,1776154425.295455,reply,121.0,64.0,,,,,,,
0,1.0,98,1776154426.282603,reply,120.0,64.0,,,,,,,
0,1.0,99,1776154427.273047,reply,122.0,64.0,,,,,,,
0,1.0,100,1776154429.202495,reply,120.0,64.0,,,,,,,
0,1.0,101,1776154430.189614,reply,120.0,64.0,,,,,,,
0,1.0,102,1776154431.177505,reply,120.0,64.0,,,,,,,
0,1.0,103,1776154432.165623,reply,120.0,64.0,,,,,,,
0,1.0,104,1776154433.153811,reply,120.0,64.0,,,,,,,
0,1.0,105,1776154434.141995,reply,120.0,64.0,,,,,,,
0,1.0,106,1776154435.129504,reply,120.0,64.0,,,,,,,
0,1.0,107,1776154437.061449,reply,120.0,64.0,,,,,,,
0,1.0,109,1776154440.006891,reply,120.0,64.0,,,,,,,
0,1.0,110,1776154440.993586,reply,120.0,64.0,,,,,,,
0,1.0,111,1776154441.981568,reply,120.0,64.0,,,,,,,
0,1.0,112,1776154446.549533,reply,120.0,64.0,,,,,,,
0,1.0,113,1776154449.425623,reply,120.0,64.0,,,,,,,
0,1.0,114,1776154452.301804,reply,120.0,64.0,,,,,,,
0,1.0,116,1776154455.234529,reply,120.0,64.0,,,,,,,
0,1.0,117,1776154457.168061,reply,120.0,64.0,,,,,,,
0,1.0,118,1776154458.156512,reply,120.0,64.0,,,,,,,
0,1.0,119,1776154459.143347,reply,120.0,64.0,,,,,,,
0,1.0,120,1776154460.131658,reply,120.0,64.0,,,,,,,
0,1.0,121,1776154462.063912,reply,120.0,64.0,,,,,,,
0,1.0,122,1776154463.05228,reply,120.0,64.0,,,,,,,
0,1.0,123,1776154464.040079,reply,120.0,64.0,,,,,,,
0,1.0,124,1776154465.971984,reply,120.0,64.0,,,,,,,
0,1.0,125,1776154466.959322,reply,120.0,64.0,,,,,,,
0,1.0,126,1776154467.946412,reply,120.0,64.0,,,,,,,
0,1.0,127,1776154468.936837,reply,122.0,64.0,,,,,,,
0,1.0,128,1776154470.867122,reply,120.0,64.0,,,,,,,
0,1.0,129,1776154471.854605,reply,120.0,64.0,,,,,,,
0,1.0,130,1776154472.842805,reply,120.0,64.0,,,,,,,
0,1.0,131,1776154473.831346,reply,121.0,64.0,,,,,,,
0,1.0,132,1776154474.818464,reply,120.0,64.0,,,,,,,
0,1.0,133,1776154475.806457,reply,120.0,64.0,,,,,,,
0,1.0,134,1776154476.794561,reply,120.0,64.0,,,,,,,
0,1.0,135,1776154477.781306,reply,120.0,64.0,,,,,,,
0,1.0,136,1776154482.357105,reply,120.0,64.0,,,,,,,
0,1.0,137,1776154483.346053,reply,121.0,64.0,,,,,,,
0,1.0,138,1776154484.333537,reply,120.0,64.0,,,,,,,
0,1.0,141,1776154487.366624,reply,120.0,64.0,,,,,,,
0,1.0,142,1776154488.354853,reply,120.0,64.0,,,,,,,
0,1.0,143,1776154489.342618,reply,120.0,64.0,,,,,,,
0,1.0,144,1776154490.329663,reply,120.0,64.0,,,,,,,
0,1.0,146,1776154492.327173,reply,121.0,64.0,,,,,,,
0,1.0,147,1776154493.314247,reply,120.0,64.0,,,,,,,
0,1.0,148,1776154494.301556,reply,120.0,64.0,,,,,,,
0,1.0,149,1776154495.288805,reply,120.0,64.0,,,,,,,
0,1.0,150,1776154496.275442,reply,120.0,64.0,,,,,,,
0,1.0,151,1776154497.263015,reply,120.0,64.0,,,,,,,
0,1.0,152,1776154498.250993,reply,120.0,64.0,,,,,,,
0,1.0,153,1776154499.238483,reply,120.0,64.0,,,,,,,
0,1.0,154,1776154500.22543,reply,120.0,64.0,,,,,,,
0,1.0,155,1776154501.213438,reply,120.0,64.0,,,,,,,
0,1.0,156,1776154502.201657,reply,120.0,64.0,,,,,,,
0,1.0,157,1776154503.188931,reply,120.0,64.0,,,,,,,
0,1.0,158,1776154504.176614,reply,120.0,64.0,,,,,,,
0,1.0,159,1776154505.163614,reply,120.0,64.0,,,,,,,
0,1.0,160,1776154506.151445,reply,120.0,64.0,,,,,,,
0,1.0,161,1776154507.139256,reply,120.0,64.0,,,,,,,
0,1.0,162,1776154508.127317,reply,120.0,64.0,,,,,,,
0,1.0,163,1776154509.115358,reply,120.0,64.0,,,,,,,
0,1.0,164,1776154510.102076,reply,120.0,64.0,,,,,,,
0,1.0,165,1776154511.087719,reply,120.0,64.0,,,,,,,
0,1.0,166,1776154512.075934,reply,121.0,64.0,,,,,,,
0,1.0,167,1776154513.063091,reply,121.0,64.0,,,,,,,
0,1.0,168,1776154517.635588,reply,121.0,64.0,,,,,,,
0,1.0,169,1776154518.624185,reply,121.0,64.0,,,,,,,
0,1.0,170,1776154519.611394,reply,120.0,64.0,,,,,,,
0,1.0,171,1776154520.599004,reply,120.0,64.0,,,,,,,
0,1.0,172,1776154521.58655,reply,121.0,64.0,,,,,,,
0,1.0,173,1776154522.574174,reply,121.0,64.0,,,,,,,
0,1.0,174,1776154523.561862,reply,121.0,64.0,,,,,,,
0,1.0,176,1776154525.575763,reply,120.0,64.0,,,,,,,
0,1.0,177,1776154526.564271,reply,121.0,64.0,,,,,,,
0,1.0,178,1776154527.551966,reply,121.0,64.0,,,,,,,
0,1.0,179,1776154528.539974,reply,121.0,64.0,,,,,,,
0,1.0,180,1776154529.527292,reply,120.0,64.0,,,,,,,
0,1.0,181,1776154530.515791,reply,120.0,64.0,,,,,,,
0,1.0,182,1776154531.502955,reply,121.0,64.0,,,,,,,
0,1.0,183,1776154532.490003,reply,121.0,64.0,,,,,,,
0,1.0,184,1776154533.476414,reply,121.0,64.0,,,,,,,
0,1.0,185,1776154534.463013,reply,121.0,64.0,,,,,,,
0,1.0,186,1776154535.450368,reply,121.0,64.0,,,,,,,
0,1.0,187,1776154536.438343,reply,121.0,64.0,,,,,,,
0,1.0,188,1776154537.42535,reply,120.0,64.0,,,,,,,
0,1.0,189,1776154538.412444,reply,120.0,64.0,,,,,,,
0,1.0,190,1776154539.400577,reply,120.0,64.0,,,,,,,
0,1.0,191,1776154540.389063,reply,121.0,64.0,,,,,,,
0,1.0,192,1776154541.376617,reply,120.0,64.0,,,,,,,
0,1.0,193,1776154542.364199,reply,121.0,64.0,,,,,,,
0,1.0,194,1776154543.351493,reply,120.0,64.0,,,,,,,
0,1.0,195,1776154544.337869,reply,120.0,64.0,,,,,,,
0,1.0,196,1776154545.325428,reply,120.0,64.0,,,,,,,
0,1.0,197,1776154546.312996,reply,121.0,64.0,,,,,,,
0,1.0,198,1776154547.300814,reply,120.0,64.0,,,,,,,
0,1.0,199,1776154548.287864,reply,121.0,64.0,,,,,,,
0,1.0,200,1776154549.275046,reply,121.0,64.0,,,,,,,
0,1.0,201,1776154553.842296,reply,120.0,64.0,,,,,,,
0,1.0,202,1776154554.830684,reply,120.0,64.0,,,,,,,
0,1.0,203,1776154555.818468,reply,121.0,64.0,,,,,,,
0,1.0,204,1776154556.805886,reply,121.0,64.0,,,,,,,
0,1.0,205,1776154557.792396,reply,120.0,64.0,,,,,,,
0,1.0,206,1776154558.780444,reply,120.0,64.0,,,,,,,
0,1.0,207,1776154559.76865,reply,121.0,64.0,,,,,,,
0,1.0,208,1776154560.756648,reply,120.0,64.0,,,,,,,
0,1.0,209,1776154561.744316,reply,120.0,64.0,,,,,,,
0,1.0,210,1776154562.732035,reply,121.0,64.0,,,,,,,
0,1.0,211,1776154563.719532,reply,121.0,64.0,,,,,,,
0,1.0,212,1776154564.707071,reply,120.0,64.0,,,,,,,
0,1.0,213,1776154565.694508,reply,121.0,64.0,,,,,,,
0,1.0,214,1776154566.682551,reply,120.0,64.0,,,,,,,
0,1.0,215,1776154567.669035,reply,120.0,64.0,,,,,,,
0,1.0,216,1776154568.655992,reply,121.0,64.0,,,,,,,
0,1.0,217,1776154569.642959,reply,120.0,64.0,,,,,,,
0,1.0,218,1776154570.626882,reply,120.0,64.0,,,,,,,
0,1.0,219,1776154571.614027,reply,120.0,64.0,,,,,,,
0,1.0,220,1776154572.601844,reply,120.0,64.0,,,,,,,
0,1.0,221,1776154573.589876,reply,120.0,64.0,,,,,,,
0,1.0,222,1776154574.578292,reply,121.0,64.0,,,,,,,
0,1.0,223,1776154575.56659,reply,120.0,64.0,,,,,,,
0,1.0,224,1776154576.554574,reply,120.0,64.0,,,,,,,
0,1.0,225,1776154577.541551,reply,120.0,64.0,,,,,,,
0,1.0,226,1776154578.527955,reply,120.0,64.0,,,,,,,
0,1.0,227,1776154579.515638,reply,120.0,64.0,,,,,,,
0,1.0,228,1776154580.504233,reply,121.0,64.0,,,,,,,
0,1.0,229,1776154581.491495,reply,120.0,64.0,,,,,,,
0,1.0,230,1776154582.480042,reply,121.0,64.0,,,,,,,
0,1.0,231,1776154583.467195,reply,120.0,64.0,,,,,,,
0,1.0,232,1776154584.455141,reply,120.0,64.0,,,,,,,
0,1.0,233,1776154585.442927,reply,120.0,64.0,,,,,,,
0,1.0,234,1776154590.015499,reply,121.0,64.0,,,,,,,
0,1.0,235,1776154591.002927,reply,120.0,64.0,,,,,,,
0,1.0,236,1776154591.989484,reply,120.0,64.0,,,,,,,
0,1.0,237,1776154592.977655,reply,121.0,64.0,,,,,,,
0,1.0,238,1776154593.965032,reply,121.0,64.0,,,,,,,
0,1.0,239,1776154594.952493,reply,121.0,64.0,,,,,,,
0,1.0,240,1776154595.9404,reply,120.0,64.0,,,,,,,
0,1.0,241,1776154596.928451,reply,120.0,64.0,,,,,,,
0,1.0,242,1776154597.916091,reply,120.0,64.0,,,,,,,
0,1.0,243,1776154598.901941,reply,120.0,64.0,,,,,,,
0,1.0,244,1776154599.889413,reply,120.0,64.0,,,,,,,
0,1.0,245,1776154600.876211,reply,120.0,64.0,,,,,,,
0,1.0,246,1776154601.863125,reply,120.0,64.0,,,,,,,
0,1.0,247,1776154602.849405,reply,120.0,64.0,,,,,,,
0,1.0,248,1776154603.836944,reply,120.0,64.0,,,,,,,
0,1.0,249,1776154604.825047,reply,120.0,64.0,,,,,,,
0,1.0,250,1776154605.812636,reply,120.0,64.0,,,,,,,
0,1.0,251,1776154606.800731,reply,120.0,64.0,,,,,,,
0,1.0,252,1776154607.789419,reply,121.0,64.0,,,,,,,
0,1.0,254,1776154609.796833,reply,120.0,64.0,,,,,,,
0,1.0,255,1776154610.785171,reply,120.0,64.0,,,,,,,
0,1.0,256,1776154611.772223,reply,120.0,64.0,,,,,,,
0,1.0,257,1776154612.760635,reply,120.0,64.0,,,,,,,
0,1.0,258,1776154613.748388,reply,120.0,64.0,,,,,,,
0,1.0,259,1776154614.735763,reply,120.0,64.0,,,,,,,
0,1.0,260,1776154615.724534,reply,121.0,64.0,,,,,,,
0,1.0,261,1776154616.71239,reply,121.0,64.0,,,,,,,
0,1.0,262,1776154617.699662,reply,120.0,64.0,,,,,,,
0,1.0,263,1776154618.687333,reply,121.0,64.0,,,,,,,
0,1.0,264,1776154619.674631,reply,121.0,64.0,,,,,,,
0,1.0,266,1776154625.252966,reply,120.0,64.0,,,,,,,
0,1.0,268,1776154627.268845,reply,120.0,64.0,,,,,,,
0,1.0,269,1776154628.255854,reply,121.0,64.0,,,,,,,
0,1.0,270,1776154629.242693,reply,120.0,64.0,,,,,,,
0,1.0,271,1776154630.231039,reply,121.0,64.0,,,,,,,
0,1.0,272,1776154631.218458,reply,121.0,64.0,,,,,,,
0,1.0,273,1776154632.205847,reply,121.0,64.0,,,,,,,
0,1.0,274,1776154633.193409,reply,121.0,64.0,,,,,,,
0,1.0,275,1776154634.181081,reply,121.0,64.0,,,,,,,
0,1.0,276,1776154635.16734,reply,120.0,64.0,,,,,,,
0,1.0,277,1776154636.155115,reply,120.0,64.0,,,,,,,
0,1.0,278,1776154637.143116,reply,120.0,64.0,,,,,,,
0,1.0,279,1776154638.130613,reply,120.0,64.0,,,,,,,
0,1.0,280,1776154639.119047,reply,120.0,64.0,,,,,,,
0,1.0,281,1776154640.106357,reply,120.0,64.0,,,,,,,
0,1.0,282,1776154641.094432,reply,121.0,64.0,,,,,,,
0,1.0,283,1776154642.082151,reply,121.0,64.0,,,,,,,
0,1.0,284,1776154643.069686,reply,120.0,64.0,,,,,,,
0,1.0,285,1776154644.057116,reply,120.0,64.0,,,,,,,
0,1.0,286,1776154645.043223,reply,120.0,64.0,,,,,,,
0,1.0,287,1776154646.029501,reply,120.0,64.0,,,,,,,
0,1.0,288,1776154647.017474,reply,121.0,64.0,,,,,,,
0,1.0,289,1776154648.004861,reply,121.0,64.0,,,,,,,
0,1.0,290,1776154648.992052,reply,120.0,64.0,,,,,,,
0,1.0,291,1776154649.979647,reply,121.0,64.0,,,,,,,
0,1.0,292,1776154650.967065,reply,120.0,64.0,,,,,,,
0,1.0,293,1776154651.955614,reply,121.0,64.0,,,,,,,
0,1.0,294,1776154652.943077,reply,121.0,64.0,,,,,,,
0,1.0,295,1776154653.931226,reply,120.0,64.0,,,,,,,
0,1.0,296,1776154654.917936,reply,120.0,64.0,,,,,,,
0,1.0,297,1776154655.904588,reply,120.0,64.0,,,,,,,
0,1.0,298,1776154656.892402,reply,120.0,64.0,,,,,,,
0,1.0,299,1776154661.458845,reply,120.0,64.0,,,,,,,
0,1.0,300,1776154662.44676,reply,120.0,64.0,,,,,,,
0,1.0,301,1776154663.434655,reply,120.0,64.0,,,,,,,
0,1.0,302,1776154664.422749,reply,120.0,64.0,,,,,,,
0,1.0,303,1776154665.410785,reply,120.0,64.0,,,,,,,
0,1.0,304,1776154666.398345,reply,120.0,64.0,,,,,,,
0,1.0,305,1776154667.385319,reply,120.0,64.0,,,,,,,
0,1.0,306,1776154668.371889,reply,120.0,64.0,,,,,,,
0,1.0,307,1776154669.358639,reply,120.0,64.0,,,,,,,
0,1.0,308,1776154670.34649,reply,120.0,64.0,,,,,,,
0,1.0,309,1776154671.334618,reply,121.0,64.0,,,,,,,
0,1.0,310,1776154672.322067,reply,121.0,64.0,,,,,,,
0,1.0,311,1776154673.310032,reply,120.0,64.0,,,,,,,
0,1.0,312,1776154674.297763,reply,121.0,64.0,,,,,,,
0,1.0,313,1776154675.28597,reply,120.0,64.0,,,,,,,
0,1.0,314,1776154676.273393,reply,121.0,64.0,,,,,,,
0,1.0,315,1776154677.260005,reply,120.0,64.0,,,,,,,
0,1.0,316,1776154679.191683,reply,121.0,64.0,,,,,,,
0,1.0,317,1776154680.177638,reply,120.0,64.0,,,,,,,
0,1.0,318,1776154681.165485,reply,120.0,64.0,,,,,,,
0,1.0,319,1776154682.15327,reply,121.0,64.0,,,,,,,
0,1.0,320,1776154683.140535,reply,120.0,64.0,,,,,,,
0,1.0,321,1776154684.128068,reply,120.0,64.0,,,,,,,
0,1.0,322,1776154685.116771,reply,121.0,64.0,,,,,,,
0,1.0,323,1776154686.103321,reply,120.0,64.0,,,,,,,
0,1.0,324,1776154687.090521,reply,120.0,64.0,,,,,,,
0,1.0,325,1776154688.078725,reply,120.0,64.0,,,,,,,
0,1.0,326,1776154689.066235,reply,120.0,64.0,,,,,,,
0,1.0,327,1776154690.054344,reply,120.0,64.0,,,,,,,
0,1.0,328,1776154691.042363,reply,120.0,64.0,,,,,,,
0,1.0,329,1776154692.02993,reply,120.0,64.0,,,,,,,
0,1.0,330,1776154696.593569,reply,3697.0,64.0,,,,,,,
0,1.0,331,1776154697.580815,reply,121.0,64.0,,,,,,,
0,1.0,332,1776154698.567869,reply,120.0,64.0,,,,,,,
0,1.0,333,1776154699.555927,reply,120.0,64.0,,,,,,,
0,1.0,334,1776154700.543372,reply,120.0,64.0,,,,,,,
0,1.0,335,1776154701.530771,reply,121.0,64.0,,,,,,,
0,1.0,336,1776154702.518483,reply,120.0,64.0,,,,,,,
0,1.0,337,1776154703.505579,reply,121.0,64.0,,,,,,,
0,1.0,338,1776154704.492642,reply,121.0,64.0,,,,,,,
0,1.0,339,1776154705.48033,reply,121.0,64.0,,,,,,,
0,1.0,340,1776154706.467802,reply,120.0,64.0,,,,,,,
0,1.0,341,1776154707.455526,reply,121.0,64.0,,,,,,,
0,1.0,342,1776154708.443091,reply,121.0,64.0,,,,,,,
0,1.0,343,1776154709.430889,reply,121.0,64.0,,,,,,,
0,1.0,344,1776154710.417999,reply,121.0,64.0,,,,,,,
0,1.0,345,1776154711.405485,reply,120.0,64.0,,,,,,,
0,1.0,346,1776154712.393322,reply,121.0,64.0,,,,,,,
0,1.0,347,1776154713.379544,reply,121.0,64.0,,,,,,,
0,1.0,348,1776154714.366301,reply,121.0,64.0,,,,,,,
0,1.0,349,1776154715.353707,reply,120.0,64.0,,,,,,,
0,1.0,350,1776154716.342307,reply,121.0,64.0,,,,,,,
0,1.0,351,1776154717.329712,reply,120.0,64.0,,,,,,,
0,1.0,352,1776154718.317431,reply,120.0,64.0,,,,,,,
0,1.0,353,1776154719.305707,reply,120.0,64.0,,,,,,,
0,1.0,354,1776154720.293404,reply,121.0,64.0,,,,,,,
0,1.0,355,1776154721.2813,reply,120.0,64.0,,,,,,,
0,1.0,356,1776154722.269075,reply,121.0,64.0,,,,,,,
0,1.0,357,1776154723.256709,reply,121.0,64.0,,,,,,,
0,1.0,358,1776154724.243361,reply,120.0,64.0,,,,,,,
0,1.0,359,1776154725.230112,reply,120.0,64.0,,,,,,,
0,1.0,360,1776154726.21874,reply,121.0,64.0,,,,,,,
0,1.0,361,1776154727.206593,reply,121.0,64.0,,,,,,,
0,1.0,362,1776154728.194165,reply,121.0,64.0,,,,,,,
0,1.0,363,1776154732.767038,reply,120.0,64.0,,,,,,,
0,1.0,364,1776154733.754379,reply,120.0,64.0,,,,,,,
0,1.0,365,1776154734.742085,reply,120.0,64.0,,,,,,,
0,1.0,366,1776154735.730334,reply,121.0,64.0,,,,,,,
0,1.0,367,1776154736.718475,reply,120.0,64.0,,,,,,,
0,1.0,368,1776154737.704984,reply,121.0,64.0,,,,,,,
0,1.0,369,1776154738.692564,reply,120.0,64.0,,,,,,,
0,1.0,370,1776154739.680525,reply,120.0,64.0,,,,,,,
0,1.0,371,1776154740.667816,reply,120.0,64.0,,,,,,,
0,1.0,372,1776154741.656074,reply,120.0,64.0,,,,,,,
0,1.0,373,1776154742.644233,reply,120.0,64.0,,,,,,,
0,1.0,374,1776154743.632665,reply,121.0,64.0,,,,,,,
0,1.0,375,1776154744.620289,reply,121.0,64.0,,,,,,,
0,1.0,376,1776154745.607821,reply,121.0,64.0,,,,,,,
0,1.0,377,1776154746.595708,reply,120.0,64.0,,,,,,,
0,1.0,378,1776154747.582925,reply,121.0,64.0,,,,,,,
0,1.0,379,1776154748.569211,reply,120.0,64.0,,,,,,,
0,1.0,380,1776154749.557581,reply,120.0,64.0,,,,,,,
0,1.0,381,1776154750.544512,reply,121.0,64.0,,,,,,,
0,1.0,382,1776154751.532708,reply,120.0,64.0,,,,,,,
0,1.0,383,1776154752.520639,reply,121.0,64.0,,,,,,,
0,1.0,384,1776154753.508401,reply,120.0,64.0,,,,,,,
0,1.0,385,1776154754.495719,reply,120.0,64.0,,,,,,,
0,1.0,386,1776154755.483337,reply,120.0,64.0,,,,,,,
0,1.0,387,1776154756.4711,reply,121.0,64.0,,,,,,,
0,1.0,388,1776154757.457816,reply,120.0,64.0,,,,,,,
0,1.0,389,1776154758.444881,reply,121.0,64.0,,,,,,,
0,1.0,390,1776154759.43235,reply,121.0,64.0,,,,,,,
0,1.0,391,1776154760.420003,reply,120.0,64.0,,,,,,,
0,1.0,392,1776154761.408217,reply,121.0,64.0,,,,,,,
0,1.0,393,1776154762.395911,reply,120.0,64.0,,,,,,,
0,1.0,394,1776154763.38425,reply,120.0,64.0,,,,,,,
0,1.0,395,1776154764.371412,reply,121.0,64.0,,,,,,,
0,1.0,396,1776154768.949459,reply,121.0,64.0,,,,,,,
0,1.0,397,1776154769.936808,reply,120.0,64.0,,,,,,,
0,1.0,398,1776154770.925306,reply,121.0,64.0,,,,,,,
0,1.0,399,1776154771.911912,reply,120.0,64.0,,,,,,,
0,1.0,400,1776154772.900643,reply,121.0,64.0,,,,,,,
0,1.0,401,1776154773.888166,reply,120.0,64.0,,,,,,,
0,1.0,402,1776154774.875103,reply,121.0,64.0,,,,,,,
0,1.0,403,1776154775.862755,reply,121.0,64.0,,,,,,,
0,1.0,404,1776154776.850514,reply,121.0,64.0,,,,,,,
0,1.0,405,1776154777.83765,reply,120.0,64.0,,,,,,,
0,1.0,406,1776154778.8259,reply,121.0,64.0,,,,,,,
0,1.0,407,1776154779.813761,reply,121.0,64.0,,,,,,,
0,1.0,408,1776154780.802068,reply,121.0,64.0,,,,,,,
0,1.0,409,1776154781.788782,reply,121.0,64.0,,,,,,,
0,1.0,410,1776154782.775546,reply,120.0,64.0,,,,,,,
0,1.0,411,1776154783.763342,reply,121.0,64.0,,,,,,,
0,1.0,412,1776154784.750584,reply,121.0,64.0,,,,,,,
0,1.0,413,1776154785.737976,reply,120.0,64.0,,,,,,,
0,1.0,414,1776154786.725926,reply,120.0,64.0,,,,,,,
0,1.0,415,1776154787.713728,reply,121.0,64.0,,,,,,,
0,1.0,416,1776154788.701467,reply,121.0,64.0,,,,,,,
0,1.0,417,1776154789.688839,reply,120.0,64.0,,,,,,,
0,1.0,418,1776154790.676362,reply,120.0,64.0,,,,,,,
0,1.0,419,1776154791.662701,reply,121.0,64.0,,,,,,,
0,1.0,420,1776154792.649082,reply,120.0,64.0,,,,,,,
0,1.0,421,1776154793.637237,reply,120.0,64.0,,,,,,,
0,1.0,SUMMARY,,summary,,,,,,,,,
0,1.0,1,1776155298.601419,reply,120.0,64.0,,,,,,,
0,1.0,2,1776155299.589975,reply,120.0,64.0,,,,,,,
0,1.0,3,1776155304.160433,reply,120.0,64.0,,,,,,,
0,1.0,4,1776155305.146298,reply,120.0,64.0,,,,,,,
0,1.0,5,1776155306.132821,reply,120.0,64.0,,,,,,,
0,1.0,6,1776155307.120514,reply,120.0,64.0,,,,,,,
0,1.0,7,1776155308.10737,reply,120.0,64.0,,,,,,,
0,1.0,8,1776155309.095339,reply,120.0,64.0,,,,,,,
0,1.0,9,1776155310.082552,reply,120.0,64.0,,,,,,,
0,1.0,10,1776155311.070238,reply,120.0,64.0,,,,,,,
0,1.0,11,1776155313.001988,reply,120.0,64.0,,,,,,,
0,1.0,12,1776155313.989478,reply,120.0,64.0,,,,,,,
0,1.0,13,1776155314.977625,reply,120.0,64.0,,,,,,,
0,1.0,14,1776155315.964885,reply,120.0,64.0,,,,,,,
0,1.0,15,1776155316.952268,reply,120.0,64.0,,,,,,,
0,1.0,16,1776155317.942649,reply,122.0,64.0,,,,,,,
0,1.0,18,1776155319.93519,reply,120.0,64.0,,,,,,,
0,1.0,19,1776155321.867837,reply,120.0,64.0,,,,,,,
0,1.0,21,1776155323.871119,reply,120.0,64.0,,,,,,,
0,1.0,22,1776155324.859123,reply,120.0,64.0,,,,,,,
0,1.0,23,1776155325.844841,reply,120.0,64.0,,,,,,,
0,1.0,24,1776155327.77747,reply,120.0,64.0,,,,,,,
0,1.0,25,1776155328.765133,reply,120.0,64.0,,,,,,,
0,1.0,27,1776155330.78316,reply,120.0,64.0,,,,,,,
0,1.0,28,1776155331.771085,reply,120.0,64.0,,,,,,,
0,1.0,30,1776155333.759214,reply,120.0,64.0,,,,,,,
0,1.0,31,1776155334.746444,reply,120.0,64.0,,,,,,,
0,1.0,33,1776155340.31946,reply,120.0,64.0,,,,,,,
0,1.0,35,1776155342.335431,reply,120.0,64.0,,,,,,,
0,1.0,36,1776155343.323194,reply,120.0,64.0,,,,,,,
0,1.0,37,1776155344.311254,reply,120.0,64.0,,,,,,,
0,1.0,38,1776155345.299242,reply,120.0,64.0,,,,,,,
0,1.0,39,1776155346.28763,reply,120.0,64.0,,,,,,,
0,1.0,40,1776155347.275593,reply,120.0,64.0,,,,,,,
0,1.0,41,1776155348.263643,reply,120.0,64.0,,,,,,,
0,1.0,43,1776155351.199452,reply,120.0,64.0,,,,,,,
0,1.0,45,1776155354.160211,reply,120.0,64.0,,,,,,,
0,1.0,47,1776155356.159409,reply,120.0,64.0,,,,,,,
0,1.0,48,1776155358.090933,reply,120.0,64.0,,,,,,,
0,1.0,49,1776155360.022697,reply,120.0,64.0,,,,,,,
0,1.0,50,1776155361.010057,reply,120.0,64.0,,,,,,,
0,1.0,52,1776155363.007447,reply,120.0,64.0,,,,,,,
0,1.0,54,1776155365.023392,reply,120.0,64.0,,,,,,,
0,1.0,55,1776155366.011763,reply,120.0,64.0,,,,,,,
0,1.0,56,1776155367.000082,reply,120.0,64.0,,,,,,,
0,1.0,57,1776155367.988508,reply,120.0,64.0,,,,,,,
0,1.0,58,1776155368.975869,reply,120.0,64.0,,,,,,,
0,1.0,61,1776155371.999564,reply,120.0,64.0,,,,,,,
0,1.0,62,1776155376.590378,reply,120.0,64.0,,,,,,,
0,1.0,63,1776155377.578409,reply,120.0,64.0,,,,,,,
0,1.0,65,1776155380.515307,reply,120.0,64.0,,,,,,,
0,1.0,66,1776155383.39075,reply,120.0,64.0,,,,,,,
0,1.0,67,1776155384.37788,reply,120.0,64.0,,,,,,,
0,1.0,69,1776155387.333171,reply,120.0,64.0,,,,,,,
0,1.0,70,1776155388.321135,reply,120.0,64.0,,,,,,,
0,1.0,71,1776155389.309129,reply,120.0,64.0,,,,,,,
0,1.0,72,1776155390.297386,reply,120.0,64.0,,,,,,,
0,1.0,73,1776155391.285919,reply,120.0,64.0,,,,,,,
0,1.0,74,1776155392.272971,reply,120.0,64.0,,,,,,,
0,1.0,75,1776155393.261164,reply,120.0,64.0,,,,,,,
0,1.0,76,1776155394.24811,reply,120.0,64.0,,,,,,,
0,1.0,77,1776155399.960223,reply,120.0,64.0,,,,,,,
0,1.0,78,1776155400.948376,reply,120.0,64.0,,,,,,,
0,1.0,79,1776155401.935204,reply,120.0,64.0,,,,,,,
0,1.0,80,1776155402.922554,reply,120.0,64.0,,,,,,,
0,1.0,82,1776155404.915584,reply,120.0,64.0,,,,,,,
0,1.0,83,1776155407.792101,reply,120.0,64.0,,,,,,,
0,1.0,85,1776155414.320571,reply,120.0,64.0,,,,,,,
0,1.0,87,1776155416.319507,reply,120.0,64.0,,,,,,,
0,1.0,88,1776155417.307929,reply,120.0,64.0,,,,,,,
0,1.0,89,1776155418.294854,reply,120.0,64.0,,,,,,,
0,1.0,91,1776155420.287482,reply,120.0,64.0,,,,,,,
0,1.0,92,1776155421.274667,reply,120.0,64.0,,,,,,,
0,1.0,93,1776155422.26292,reply,120.0,64.0,,,,,,,
0,1.0,94,1776155423.251471,reply,120.0,64.0,,,,,,,
0,1.0,96,1776155425.247474,reply,120.0,64.0,,,,,,,
0,1.0,97,1776155426.235646,reply,120.0,64.0,,,,,,,
0,1.0,98,1776155428.167446,reply,120.0,64.0,,,,,,,
0,1.0,100,1776155430.17548,reply,120.0,64.0,,,,,,,
0,1.0,101,1776155431.162607,reply,120.0,64.0,,,,,,,
0,1.0,102,1776155432.150884,reply,120.0,64.0,,,,,,,
0,1.0,103,1776155434.084583,reply,120.0,64.0,,,,,,,
0,1.0,104,1776155435.072323,reply,120.0,64.0,,,,,,,
0,1.0,106,1776155438.015514,reply,120.0,64.0,,,,,,,
0,1.0,107,1776155439.003684,reply,120.0,64.0,,,,,,,
0,1.0,108,1776155439.991773,reply,120.0,64.0,,,,,,,
0,1.0,110,1776155441.983483,reply,120.0,64.0,,,,,,,
0,1.0,111,1776155442.971459,reply,120.0,64.0,,,,,,,
0,1.0,112,1776155447.535511,reply,120.0,64.0,,,,,,,
0,1.0,113,1776155448.524008,reply,120.0,64.0,,,,,,,
0,1.0,114,1776155450.455722,reply,120.0,64.0,,,,,,,
0,1.0,115,1776155453.332548,reply,120.0,64.0,,,,,,,
0,1.0,117,1776155455.351513,reply,120.0,64.0,,,,,,,
0,1.0,118,1776155457.284514,reply,121.0,64.0,,,,,,,
0,1.0,119,1776155459.215512,reply,120.0,64.0,,,,,,,
0,1.0,120,1776155461.148778,reply,120.0,64.0,,,,,,,
0,1.0,121,1776155462.136692,reply,120.0,64.0,,,,,,,
0,1.0,122,1776155463.124787,reply,120.0,64.0,,,,,,,
0,1.0,123,1776155465.057496,reply,120.0,64.0,,,,,,,
0,1.0,124,1776155466.045075,reply,120.0,64.0,,,,,,,
0,1.0,125,1776155467.033116,reply,120.0,64.0,,,,,,,
0,1.0,126,1776155468.020141,reply,120.0,64.0,,,,,,,
0,1.0,127,1776155469.008141,reply,120.0,64.0,,,,,,,
0,1.0,128,1776155469.996657,reply,120.0,64.0,,,,,,,
0,1.0,129,1776155471.930195,reply,120.0,64.0,,,,,,,
0,1.0,130,1776155472.918342,reply,120.0,64.0,,,,,,,
0,1.0,131,1776155474.850483,reply,120.0,64.0,,,,,,,
0,1.0,132,1776155476.783916,reply,121.0,64.0,,,,,,,
0,1.0,133,1776155477.769853,reply,120.0,64.0,,,,,,,
0,1.0,134,1776155478.7568,reply,120.0,64.0,,,,,,,
0,1.0,136,1776155484.350713,reply,120.0,64.0,,,,,,,
0,1.0,137,1776155486.283117,reply,120.0,64.0,,,,,,,
0,1.0,139,1776155491.119014,reply,120.0,64.0,,,,,,,
0,1.0,140,1776155492.107216,reply,120.0,64.0,,,,,,,
0,1.0,141,1776155493.097578,reply,124.0,64.0,,,,,,,
0,1.0,142,1776155494.081225,reply,120.0,64.0,,,,,,,
0,1.0,143,1776155495.068691,reply,120.0,64.0,,,,,,,
0,1.0,144,1776155496.056017,reply,120.0,64.0,,,,,,,
0,1.0,145,1776155497.98917,reply,120.0,64.0,,,,,,,
0,1.0,146,1776155498.976094,reply,120.0,64.0,,,,,,,
0,1.0,147,1776155499.963283,reply,120.0,64.0,,,,,,,
0,1.0,148,1776155500.950395,reply,120.0,64.0,,,,,,,
0,1.0,149,1776155501.938195,reply,120.0,64.0,,,,,,,
0,1.0,151,1776155503.934879,reply,120.0,64.0,,,,,,,
0,1.0,152,1776155504.92251,reply,120.0,64.0,,,,,,,
0,1.0,153,1776155505.910165,reply,120.0,64.0,,,,,,,
0,1.0,154,1776155506.897542,reply,121.0,64.0,,,,,,,
0,1.0,155,1776155507.885419,reply,120.0,64.0,,,,,,,
0,1.0,157,1776155509.887138,reply,120.0,64.0,,,,,,,
0,1.0,158,1776155510.874918,reply,121.0,64.0,,,,,,,
0,1.0,159,1776155511.861352,reply,120.0,64.0,,,,,,,
0,1.0,160,1776155512.849076,reply,120.0,64.0,,,,,,,
0,1.0,161,1776155513.837258,reply,120.0,64.0,,,,,,,
0,1.0,162,1776155514.824585,reply,120.0,64.0,,,,,,,
0,1.0,163,1776155519.39234,reply,120.0,64.0,,,,,,,
0,1.0,164,1776155520.379947,reply,120.0,64.0,,,,,,,
0,1.0,165,1776155521.3676,reply,120.0,64.0,,,,,,,
0,1.0,166,1776155522.355624,reply,120.0,64.0,,,,,,,
0,1.0,167,1776155523.343284,reply,120.0,64.0,,,,,,,
0,1.0,168,1776155524.330471,reply,120.0,64.0,,,,,,,
0,1.0,169,1776155525.318364,reply,120.0,64.0,,,,,,,
0,1.0,170,1776155526.306018,reply,120.0,64.0,,,,,,,
0,1.0,171,1776155527.293778,reply,120.0,64.0,,,,,,,
0,1.0,172,1776155528.280618,reply,120.0,64.0,,,,,,,
0,1.0,173,1776155529.268339,reply,120.0,64.0,,,,,,,
0,1.0,174,1776155530.256156,reply,120.0,64.0,,,,,,,
0,1.0,175,1776155531.244194,reply,120.0,64.0,,,,,,,
0,1.0,176,1776155532.231905,reply,120.0,64.0,,,,,,,
0,1.0,177,1776155533.219421,reply,120.0,64.0,,,,,,,
0,1.0,178,1776155534.207172,reply,120.0,64.0,,,,,,,
0,1.0,179,1776155535.194731,reply,120.0,64.0,,,,,,,
0,1.0,180,1776155536.183258,reply,121.0,64.0,,,,,,,
0,1.0,181,1776155537.171399,reply,120.0,64.0,,,,,,,
0,1.0,182,1776155538.157893,reply,120.0,64.0,,,,,,,
0,1.0,183,1776155539.145418,reply,120.0,64.0,,,,,,,
0,1.0,184,1776155540.134232,reply,121.0,64.0,,,,,,,
0,1.0,185,1776155541.120947,reply,120.0,64.0,,,,,,,
0,1.0,186,1776155542.10849,reply,120.0,64.0,,,,,,,
0,1.0,187,1776155543.096058,reply,120.0,64.0,,,,,,,
0,1.0,188,1776155544.083969,reply,120.0,64.0,,,,,,,
0,1.0,189,1776155545.071389,reply,120.0,64.0,,,,,,,
0,1.0,190,1776155546.059686,reply,121.0,64.0,,,,,,,
0,1.0,191,1776155547.047056,reply,120.0,64.0,,,,,,,
0,1.0,192,1776155548.034,reply,120.0,64.0,,,,,,,
0,1.0,193,1776155549.021259,reply,120.0,64.0,,,,,,,
0,1.0,194,1776155550.00947,reply,120.0,64.0,,,,,,,
0,1.0,195,1776155550.997948,reply,120.0,64.0,,,,,,,
0,1.0,196,1776155555.568331,reply,121.0,64.0,,,,,,,
0,1.0,197,1776155556.555577,reply,120.0,64.0,,,,,,,
0,1.0,198,1776155557.543756,reply,120.0,64.0,,,,,,,
0,1.0,199,1776155558.531306,reply,120.0,64.0,,,,,,,
0,1.0,200,1776155559.517975,reply,120.0,64.0,,,,,,,
0,1.0,201,1776155560.504794,reply,120.0,64.0,,,,,,,
0,1.0,202,1776155561.492943,reply,120.0,64.0,,,,,,,
0,1.0,203,1776155562.480072,reply,120.0,64.0,,,,,,,
0,1.0,204,1776155563.467596,reply,121.0,64.0,,,,,,,
0,1.0,205,1776155564.455034,reply,120.0,64.0,,,,,,,
0,1.0,206,1776155565.44245,reply,120.0,64.0,,,,,,,
0,1.0,207,1776155566.43042,reply,120.0,64.0,,,,,,,
0,1.0,208,1776155567.417818,reply,120.0,64.0,,,,,,,
0,1.0,209,1776155568.405809,reply,121.0,64.0,,,,,,,
0,1.0,210,1776155569.392749,reply,120.0,64.0,,,,,,,
0,1.0,211,1776155570.380732,reply,120.0,64.0,,,,,,,
0,1.0,212,1776155571.368798,reply,120.0,64.0,,,,,,,
0,1.0,213,1776155572.35635,reply,120.0,64.0,,,,,,,
0,1.0,214,1776155573.344154,reply,120.0,64.0,,,,,,,
0,1.0,215,1776155574.332609,reply,121.0,64.0,,,,,,,
0,1.0,216,1776155575.319685,reply,120.0,64.0,,,,,,,
0,1.0,217,1776155576.307104,reply,120.0,64.0,,,,,,,
0,1.0,218,1776155577.295614,reply,120.0,64.0,,,,,,,
0,1.0,219,1776155578.283176,reply,121.0,64.0,,,,,,,
0,1.0,220,1776155579.270644,reply,120.0,64.0,,,,,,,
0,1.0,221,1776155580.258858,reply,120.0,64.0,,,,,,,
0,1.0,222,1776155581.246744,reply,120.0,64.0,,,,,,,
0,1.0,223,1776155582.232643,reply,121.0,64.0,,,,,,,
0,1.0,224,1776155583.218504,reply,120.0,64.0,,,,,,,
0,1.0,225,1776155584.206781,reply,120.0,64.0,,,,,,,
0,1.0,226,1776155585.195002,reply,120.0,64.0,,,,,,,
0,1.0,227,1776155586.182448,reply,120.0,64.0,,,,,,,
0,1.0,228,1776155590.757112,reply,3708.0,64.0,,,,,,,
0,1.0,229,1776155591.745219,reply,120.0,64.0,,,,,,,
0,1.0,230,1776155592.732973,reply,120.0,64.0,,,,,,,
0,1.0,231,1776155593.721074,reply,120.0,64.0,,,,,,,
0,1.0,232,1776155594.708992,reply,120.0,64.0,,,,,,,
0,1.0,233,1776155595.697174,reply,120.0,64.0,,,,,,,
0,1.0,234,1776155596.684222,reply,120.0,64.0,,,,,,,
0,1.0,235,1776155597.672035,reply,120.0,64.0,,,,,,,
0,1.0,236,1776155598.660557,reply,121.0,64.0,,,,,,,
0,1.0,237,1776155599.647649,reply,121.0,64.0,,,,,,,
0,1.0,238,1776155600.634934,reply,120.0,64.0,,,,,,,
0,1.0,239,1776155601.622354,reply,120.0,64.0,,,,,,,
0,1.0,240,1776155602.609285,reply,120.0,64.0,,,,,,,
0,1.0,241,1776155603.597666,reply,120.0,64.0,,,,,,,
0,1.0,242,1776155604.584991,reply,120.0,64.0,,,,,,,
0,1.0,243,1776155605.572363,reply,120.0,64.0,,,,,,,
0,1.0,244,1776155606.559539,reply,121.0,64.0,,,,,,,
0,1.0,245,1776155607.54625,reply,120.0,64.0,,,,,,,
0,1.0,246,1776155608.533971,reply,120.0,64.0,,,,,,,
0,1.0,247,1776155609.521713,reply,120.0,64.0,,,,,,,
0,1.0,248,1776155610.509156,reply,120.0,64.0,,,,,,,
0,1.0,249,1776155611.496539,reply,120.0,64.0,,,,,,,
0,1.0,250,1776155612.484157,reply,120.0,64.0,,,,,,,
0,1.0,252,1776155614.496296,reply,120.0,64.0,,,,,,,
0,1.0,254,1776155616.508331,reply,120.0,64.0,,,,,,,
0,1.0,255,1776155617.496374,reply,120.0,64.0,,,,,,,
0,1.0,256,1776155618.484296,reply,120.0,64.0,,,,,,,
0,1.0,257,1776155619.471852,reply,121.0,64.0,,,,,,,
0,1.0,258,1776155620.459574,reply,121.0,64.0,,,,,,,
0,1.0,259,1776155621.447817,reply,121.0,64.0,,,,,,,
0,1.0,260,1776155622.435707,reply,121.0,64.0,,,,,,,
0,1.0,261,1776155627.005835,reply,121.0,64.0,,,,,,,
0,1.0,262,1776155627.993434,reply,120.0,64.0,,,,,,,
0,1.0,263,1776155628.981324,reply,121.0,64.0,,,,,,,
0,1.0,264,1776155629.968299,reply,121.0,64.0,,,,,,,
0,1.0,265,1776155630.955517,reply,121.0,64.0,,,,,,,
0,1.0,266,1776155631.942983,reply,120.0,64.0,,,,,,,
0,1.0,267,1776155632.931346,reply,120.0,64.0,,,,,,,
0,1.0,268,1776155633.920046,reply,121.0,64.0,,,,,,,
0,1.0,269,1776155634.907316,reply,120.0,64.0,,,,,,,
0,1.0,270,1776155635.895387,reply,120.0,64.0,,,,,,,
0,1.0,271,1776155636.883235,reply,120.0,64.0,,,,,,,
0,1.0,272,1776155637.870517,reply,120.0,64.0,,,,,,,
0,1.0,273,1776155638.858726,reply,120.0,64.0,,,,,,,
0,1.0,274,1776155639.845766,reply,120.0,64.0,,,,,,,
0,1.0,275,1776155640.833902,reply,121.0,64.0,,,,,,,
0,1.0,276,1776155641.821628,reply,121.0,64.0,,,,,,,
0,1.0,277,1776155642.808484,reply,120.0,64.0,,,,,,,
0,1.0,279,1776155644.82656,reply,120.0,64.0,,,,,,,
0,1.0,280,1776155645.814571,reply,120.0,64.0,,,,,,,
0,1.0,281,1776155646.801722,reply,120.0,64.0,,,,,,,
0,1.0,282,1776155647.789181,reply,120.0,64.0,,,,,,,
0,1.0,283,1776155648.776675,reply,121.0,64.0,,,,,,,
0,1.0,284,1776155649.763121,reply,120.0,64.0,,,,,,,
0,1.0,285,1776155650.750851,reply,120.0,64.0,,,,,,,
0,1.0,286,1776155651.738713,reply,120.0,64.0,,,,,,,
0,1.0,287,1776155652.725925,reply,120.0,64.0,,,,,,,
0,1.0,288,1776155654.658825,reply,120.0,64.0,,,,,,,
0,1.0,289,1776155655.646108,reply,120.0,64.0,,,,,,,
0,1.0,290,1776155656.633766,reply,120.0,64.0,,,,,,,
0,1.0,291,1776155657.621582,reply,120.0,64.0,,,,,,,
0,1.0,292,1776155658.609384,reply,120.0,64.0,,,,,,,
0,1.0,293,1776155664.118822,reply,120.0,64.0,,,,,,,
0,1.0,294,1776155665.106854,reply,120.0,64.0,,,,,,,
0,1.0,295,1776155666.095148,reply,120.0,64.0,,,,,,,
0,1.0,296,1776155667.083281,reply,120.0,64.0,,,,,,,
0,1.0,297,1776155668.071717,reply,121.0,64.0,,,,,,,
0,1.0,298,1776155669.057968,reply,120.0,64.0,,,,,,,
0,1.0,299,1776155670.045886,reply,121.0,64.0,,,,,,,
0,1.0,300,1776155671.034043,reply,120.0,64.0,,,,,,,
0,1.0,301,1776155672.022188,reply,121.0,64.0,,,,,,,
0,1.0,302,1776155673.009936,reply,120.0,64.0,,,,,,,
0,1.0,303,1776155673.99721,reply,120.0,64.0,,,,,,,
0,1.0,304,1776155674.985388,reply,120.0,64.0,,,,,,,
0,1.0,305,1776155675.97278,reply,120.0,64.0,,,,,,,
0,1.0,306,1776155676.96055,reply,120.0,64.0,,,,,,,
0,1.0,307,1776155677.947672,reply,120.0,64.0,,,,,,,
0,1.0,308,1776155678.935058,reply,120.0,64.0,,,,,,,
0,1.0,309,1776155679.922952,reply,120.0,64.0,,,,,,,
0,1.0,310,1776155680.910371,reply,120.0,64.0,,,,,,,
0,1.0,311,1776155681.897922,reply,120.0,64.0,,,,,,,
0,1.0,312,1776155682.885245,reply,120.0,64.0,,,,,,,
0,1.0,313,1776155683.871225,reply,120.0,64.0,,,,,,,
0,1.0,314,1776155684.857881,reply,120.0,64.0,,,,,,,
0,1.0,315,1776155685.845627,reply,120.0,64.0,,,,,,,
0,1.0,316,1776155686.832927,reply,120.0,64.0,,,,,,,
0,1.0,317,1776155687.821037,reply,120.0,64.0,,,,,,,
0,1.0,318,1776155688.808837,reply,120.0,64.0,,,,,,,
0,1.0,319,1776155689.796721,reply,120.0,64.0,,,,,,,
0,1.0,320,1776155690.784506,reply,120.0,64.0,,,,,,,
0,1.0,321,1776155691.772905,reply,121.0,64.0,,,,,,,
0,1.0,322,1776155692.760059,reply,120.0,64.0,,,,,,,
0,1.0,323,1776155693.748121,reply,120.0,64.0,,,,,,,
0,1.0,324,1776155698.327542,reply,3713.0,64.0,,,,,,,
0,1.0,325,1776155699.315621,reply,121.0,64.0,,,,,,,
0,1.0,326,1776155700.302047,reply,120.0,64.0,,,,,,,
0,1.0,327,1776155701.290142,reply,120.0,64.0,,,,,,,
0,1.0,328,1776155702.277522,reply,120.0,64.0,,,,,,,
0,1.0,329,1776155703.265293,reply,120.0,64.0,,,,,,,
0,1.0,330,1776155704.252151,reply,120.0,64.0,,,,,,,
0,1.0,331,1776155705.239589,reply,120.0,64.0,,,,,,,
0,1.0,332,1776155706.227557,reply,120.0,64.0,,,,,,,
0,1.0,333,1776155707.215126,reply,121.0,64.0,,,,,,,
0,1.0,334,1776155708.201546,reply,120.0,64.0,,,,,,,
0,1.0,335,1776155709.188934,reply,120.0,64.0,,,,,,,
0,1.0,336,1776155710.176943,reply,120.0,64.0,,,,,,,
0,1.0,337,1776155711.164679,reply,120.0,64.0,,,,,,,
0,1.0,338,1776155712.152915,reply,121.0,64.0,,,,,,,
0,1.0,339,1776155713.14071,reply,121.0,64.0,,,,,,,
0,1.0,340,1776155714.128682,reply,120.0,64.0,,,,,,,
0,1.0,341,1776155715.116884,reply,120.0,64.0,,,,,,,
0,1.0,342,1776155716.104973,reply,121.0,64.0,,,,,,,
0,1.0,343,1776155717.093083,reply,121.0,64.0,,,,,,,
0,1.0,344,1776155718.079472,reply,120.0,64.0,,,,,,,
0,1.0,345,1776155719.065671,reply,120.0,64.0,,,,,,,
0,1.0,346,1776155720.054024,reply,121.0,64.0,,,,,,,
0,1.0,347,1776155721.042218,reply,121.0,64.0,,,,,,,
0,1.0,348,1776155722.02993,reply,121.0,64.0,,,,,,,
0,1.0,349,1776155723.017381,reply,120.0,64.0,,,,,,,
0,1.0,350,1776155724.004411,reply,120.0,64.0,,,,,,,
0,1.0,351,1776155724.991575,reply,120.0,64.0,,,,,,,
0,1.0,352,1776155725.980132,reply,121.0,64.0,,,,,,,
0,1.0,353,1776155726.967643,reply,120.0,64.0,,,,,,,
0,1.0,354,1776155727.954232,reply,120.0,64.0,,,,,,,
0,1.0,355,1776155728.941482,reply,120.0,64.0,,,,,,,
0,1.0,356,1776155729.929155,reply,120.0,64.0,,,,,,,
0,1.0,357,1776155734.49454,reply,120.0,64.0,,,,,,,
0,1.0,358,1776155735.482368,reply,120.0,64.0,,,,,,,
0,1.0,359,1776155736.469089,reply,120.0,64.0,,,,,,,
0,1.0,360,1776155737.457115,reply,120.0,64.0,,,,,,,
0,1.0,361,1776155738.444177,reply,120.0,64.0,,,,,,,
0,1.0,362,1776155739.432594,reply,121.0,64.0,,,,,,,
0,1.0,363,1776155740.420248,reply,121.0,64.0,,,,,,,
0,1.0,364,1776155741.407604,reply,120.0,64.0,,,,,,,
0,1.0,365,1776155742.394379,reply,121.0,64.0,,,,,,,
0,1.0,366,1776155743.381625,reply,120.0,64.0,,,,,,,
0,1.0,367,1776155744.370043,reply,121.0,64.0,,,,,,,
0,1.0,368,1776155745.356847,reply,120.0,64.0,,,,,,,
0,1.0,369,1776155746.345185,reply,121.0,64.0,,,,,,,
0,1.0,370,1776155747.332069,reply,121.0,64.0,,,,,,,
0,1.0,371,1776155748.319594,reply,120.0,64.0,,,,,,,
0,1.0,372,1776155749.306548,reply,120.0,64.0,,,,,,,
0,1.0,373,1776155750.294074,reply,120.0,64.0,,,,,,,
0,1.0,374,1776155751.282369,reply,121.0,64.0,,,,,,,
0,1.0,375,1776155752.269081,reply,121.0,64.0,,,,,,,
0,1.0,376,1776155753.256336,reply,120.0,64.0,,,,,,,
0,1.0,377,1776155754.24422,reply,120.0,64.0,,,,,,,
0,1.0,378,1776155755.231677,reply,120.0,64.0,,,,,,,
0,1.0,379,1776155756.219431,reply,120.0,64.0,,,,,,,
0,1.0,380,1776155757.20744,reply,120.0,64.0,,,,,,,
0,1.0,381,1776155758.194862,reply,120.0,64.0,,,,,,,
0,1.0,382,1776155759.182977,reply,120.0,64.0,,,,,,,
0,1.0,383,1776155760.170803,reply,120.0,64.0,,,,,,,
0,1.0,384,1776155761.158379,reply,120.0,64.0,,,,,,,
0,1.0,385,1776155762.145314,reply,120.0,64.0,,,,,,,
0,1.0,386,1776155763.132383,reply,121.0,64.0,,,,,,,
0,1.0,387,1776155764.120588,reply,121.0,64.0,,,,,,,
0,1.0,388,1776155765.108804,reply,121.0,64.0,,,,,,,
0,1.0,389,1776155766.096685,reply,120.0,64.0,,,,,,,
0,1.0,390,1776155770.673263,reply,120.0,64.0,,,,,,,
0,1.0,391,1776155771.660654,reply,120.0,64.0,,,,,,,
0,1.0,392,1776155772.649099,reply,121.0,64.0,,,,,,,
0,1.0,393,1776155773.635904,reply,120.0,64.0,,,,,,,
0,1.0,394,1776155774.623957,reply,120.0,64.0,,,,,,,
0,1.0,395,1776155775.611276,reply,120.0,64.0,,,,,,,
0,1.0,396,1776155776.598167,reply,120.0,64.0,,,,,,,
0,1.0,397,1776155777.586657,reply,121.0,64.0,,,,,,,
0,1.0,398,1776155778.574831,reply,121.0,64.0,,,,,,,
0,1.0,399,1776155779.561867,reply,121.0,64.0,,,,,,,
0,1.0,400,1776155780.550512,reply,121.0,64.0,,,,,,,
0,1.0,401,1776155781.537443,reply,120.0,64.0,,,,,,,
0,1.0,402,1776155782.525617,reply,120.0,64.0,,,,,,,
0,1.0,403,1776155783.513968,reply,121.0,64.0,,,,,,,
0,1.0,404,1776155784.502449,reply,121.0,64.0,,,,,,,
0,1.0,405,1776155785.489458,reply,120.0,64.0,,,,,,,
0,1.0,406,1776155786.476807,reply,121.0,64.0,,,,,,,
0,1.0,407,1776155787.464249,reply,120.0,64.0,,,,,,,
0,1.0,408,1776155788.45222,reply,121.0,64.0,,,,,,,
0,1.0,409,1776155789.43885,reply,121.0,64.0,,,,,,,
0,1.0,410,1776155790.426345,reply,121.0,64.0,,,,,,,
0,1.0,411,1776155791.413102,reply,121.0,64.0,,,,,,,
0,1.0,412,1776155792.399925,reply,120.0,64.0,,,,,,,
0,1.0,413,1776155793.387491,reply,120.0,64.0,,,,,,,
0,1.0,414,1776155794.375642,reply,120.0,64.0,,,,,,,
0,1.0,415,1776155795.363665,reply,121.0,64.0,,,,,,,
0,1.0,416,1776155796.350365,reply,121.0,64.0,,,,,,,
0,1.0,417,1776155797.336586,reply,120.0,64.0,,,,,,,
0,1.0,418,1776155798.324016,reply,120.0,64.0,,,,,,,
0,1.0,SUMMARY,,summary,,,,,,,,,
0,1.0,1,1776156306.770177,reply,120.0,64.0,,,,,,,
0,1.0,2,1776156307.757674,reply,120.0,64.0,,,,,,,
0,1.0,3,1776156308.745876,reply,120.0,64.0,,,,,,,
0,1.0,4,1776156309.73362,reply,120.0,64.0,,,,,,,
0,1.0,5,1776156310.722142,reply,120.0,64.0,,,,,,,
0,1.0,6,1776156311.708188,reply,120.0,64.0,,,,,,,
0,1.0,7,1776156312.696247,reply,121.0,64.0,,,,,,,
0,1.0,8,1776156313.68364,reply,121.0,64.0,,,,,,,
0,1.0,9,1776156314.671929,reply,121.0,64.0,,,,,,,
0,1.0,10,1776156315.659244,reply,120.0,64.0,,,,,,,
0,1.0,11,1776156316.647607,reply,120.0,64.0,,,,,,,
0,1.0,12,1776156317.634844,reply,120.0,64.0,,,,,,,
0,1.0,13,1776156318.622349,reply,120.0,64.0,,,,,,,
0,1.0,15,1776156320.626277,reply,120.0,64.0,,,,,,,
0,1.0,16,1776156321.612844,reply,120.0,64.0,,,,,,,
0,1.0,17,1776156322.600627,reply,120.0,64.0,,,,,,,
0,1.0,18,1776156323.587838,reply,120.0,64.0,,,,,,,
0,1.0,19,1776156324.575916,reply,120.0,64.0,,,,,,,
0,1.0,20,1776156325.564057,reply,120.0,64.0,,,,,,,
0,1.0,21,1776156327.496977,reply,120.0,64.0,,,,,,,
0,1.0,22,1776156328.485676,reply,121.0,64.0,,,,,,,
0,1.0,23,1776156329.472979,reply,120.0,64.0,,,,,,,
0,1.0,24,1776156330.460275,reply,120.0,64.0,,,,,,,
0,1.0,25,1776156331.447345,reply,121.0,64.0,,,,,,,
0,1.0,26,1776156333.379371,reply,120.0,64.0,,,,,,,
0,1.0,27,1776156335.312317,reply,120.0,64.0,,,,,,,
0,1.0,28,1776156336.299521,reply,120.0,64.0,,,,,,,
0,1.0,29,1776156337.287943,reply,120.0,64.0,,,,,,,
0,1.0,30,1776156341.861472,reply,3707.0,64.0,,,,,,,
0,1.0,31,1776156342.849324,reply,120.0,64.0,,,,,,,
0,1.0,32,1776156344.782453,reply,120.0,64.0,,,,,,,
0,1.0,33,1776156345.769175,reply,120.0,64.0,,,,,,,
0,1.0,34,1776156346.759826,reply,124.0,64.0,,,,,,,
0,1.0,35,1776156347.744248,reply,120.0,64.0,,,,,,,
0,1.0,36,1776156348.731502,reply,120.0,64.0,,,,,,,
0,1.0,38,1776156350.740329,reply,120.0,64.0,,,,,,,
0,1.0,39,1776156351.728536,reply,120.0,64.0,,,,,,,
0,1.0,40,1776156352.716264,reply,120.0,64.0,,,,,,,
0,1.0,41,1776156353.704264,reply,120.0,64.0,,,,,,,
0,1.0,42,1776156354.692389,reply,120.0,64.0,,,,,,,
0,1.0,44,1776156356.692392,reply,120.0,64.0,,,,,,,
0,1.0,46,1776156358.710945,reply,123.0,64.0,,,,,,,
0,1.0,47,1776156359.69623,reply,120.0,64.0,,,,,,,
0,1.0,48,1776156360.684194,reply,120.0,64.0,,,,,,,
0,1.0,50,1776156362.676343,reply,120.0,64.0,,,,,,,
0,1.0,51,1776156363.66409,reply,120.0,64.0,,,,,,,
0,1.0,52,1776156364.65175,reply,120.0,64.0,,,,,,,
0,1.0,53,1776156367.528044,reply,120.0,64.0,,,,,,,
0,1.0,55,1776156371.429782,reply,120.0,64.0,,,,,,,
0,1.0,57,1776156373.428287,reply,120.0,64.0,,,,,,,
0,1.0,58,1776156378.000386,reply,120.0,64.0,,,,,,,
0,1.0,59,1776156378.986958,reply,120.0,64.0,,,,,,,
0,1.0,60,1776156379.974393,reply,120.0,64.0,,,,,,,
0,1.0,63,1776156383.924294,reply,120.0,64.0,,,,,,,
0,1.0,64,1776156385.857258,reply,120.0,64.0,,,,,,,
0,1.0,65,1776156386.844585,reply,120.0,64.0,,,,,,,
0,1.0,68,1776156389.876167,reply,120.0,64.0,,,,,,,
0,1.0,69,1776156390.862937,reply,120.0,64.0,,,,,,,
0,1.0,70,1776156391.85134,reply,120.0,64.0,,,,,,,
0,1.0,72,1776156393.844272,reply,120.0,64.0,,,,,,,
0,1.0,73,1776156394.830606,reply,120.0,64.0,,,,,,,
0,1.0,74,1776156395.818557,reply,120.0,64.0,,,,,,,
0,1.0,75,1776156396.809376,reply,123.0,64.0,,,,,,,
0,1.0,76,1776156397.794633,reply,120.0,64.0,,,,,,,
0,1.0,77,1776156398.782236,reply,120.0,64.0,,,,,,,
0,1.0,80,1776156401.812242,reply,120.0,64.0,,,,,,,
0,1.0,82,1776156403.828193,reply,120.0,64.0,,,,,,,
0,1.0,83,1776156407.649504,reply,120.0,64.0,,,,,,,
0,1.0,85,1776156415.137817,reply,120.0,64.0,,,,,,,
0,1.0,87,1776156418.09336,reply,120.0,64.0,,,,,,,
0,1.0,88,1776156419.080686,reply,120.0,64.0,,,,,,,
0,1.0,89,1776156420.067598,reply,120.0,64.0,,,,,,,
0,1.0,90,1776156421.055639,reply,120.0,64.0,,,,,,,
0,1.0,91,1776156422.043734,reply,120.0,64.0,,,,,,,
0,1.0,92,1776156423.032151,reply,120.0,64.0,,,,,,,
0,1.0,94,1776156425.983775,reply,121.0,64.0,,,,,,,
0,1.0,95,1776156426.970898,reply,120.0,64.0,,,,,,,
0,1.0,96,1776156427.959033,reply,120.0,64.0,,,,,,,
0,1.0,97,1776156428.947046,reply,120.0,64.0,,,,,,,
0,1.0,99,1776156430.957226,reply,120.0,64.0,,,,,,,
0,1.0,101,1776156432.97727,reply,120.0,64.0,,,,,,,
0,1.0,102,1776156433.9653,reply,120.0,64.0,,,,,,,
0,1.0,103,1776156434.952531,reply,120.0,64.0,,,,,,,
0,1.0,104,1776156436.886356,reply,120.0,64.0,,,,,,,
0,1.0,105,1776156437.873675,reply,120.0,64.0,,,,,,,
0,1.0,106,1776156440.753837,reply,123.0,64.0,,,,,,,
0,1.0,107,1776156441.738533,reply,120.0,64.0,,,,,,,
0,1.0,108,1776156443.670567,reply,120.0,64.0,,,,,,,
0,1.0,110,1776156451.139192,reply,120.0,64.0,,,,,,,
0,1.0,111,1776156452.127275,reply,120.0,64.0,,,,,,,
0,1.0,113,1776156455.076287,reply,120.0,64.0,,,,,,,
0,1.0,114,1776156456.064477,reply,120.0,64.0,,,,,,,
0,1.0,116,1776156459.01452,reply,120.0,64.0,,,,,,,
0,1.0,117,1776156460.945959,reply,120.0,64.0,,,,,,,
0,1.0,118,1776156461.933156,reply,120.0,64.0,,,,,,,
0,1.0,119,1776156462.921401,reply,120.0,64.0,,,,,,,
0,1.0,120,1776156463.908704,reply,120.0,64.0,,,,,,,
0,1.0,121,1776156464.89714,reply,120.0,64.0,,,,,,,
0,1.0,122,1776156465.885275,reply,120.0,64.0,,,,,,,
0,1.0,123,1776156466.873731,reply,120.0,64.0,,,,,,,
0,1.0,124,1776156467.861189,reply,120.0,64.0,,,,,,,
0,1.0,125,1776156468.848515,reply,120.0,64.0,,,,,,,
0,1.0,126,1776156469.836743,reply,120.0,64.0,,,,,,,
0,1.0,127,1776156470.825073,reply,120.0,64.0,,,,,,,
0,1.0,128,1776156471.811356,reply,120.0,64.0,,,,,,,
0,1.0,130,1776156473.81093,reply,120.0,64.0,,,,,,,
0,1.0,131,1776156474.799566,reply,121.0,64.0,,,,,,,
0,1.0,132,1776156475.785314,reply,120.0,64.0,,,,,,,
0,1.0,133,1776156476.772767,reply,120.0,64.0,,,,,,,
0,1.0,134,1776156478.704872,reply,120.0,64.0,,,,,,,
0,1.0,137,1776156485.333448,reply,120.0,64.0,,,,,,,
0,1.0,139,1776156488.294564,reply,120.0,64.0,,,,,,,
0,1.0,141,1776156490.293414,reply,120.0,64.0,,,,,,,
0,1.0,142,1776156491.281531,reply,120.0,64.0,,,,,,,
0,1.0,144,1776156493.301391,reply,120.0,64.0,,,,,,,
0,1.0,145,1776156494.288903,reply,120.0,64.0,,,,,,,
0,1.0,146,1776156495.276833,reply,120.0,64.0,,,,,,,
0,1.0,147,1776156496.264427,reply,120.0,64.0,,,,,,,
0,1.0,148,1776156497.251747,reply,120.0,64.0,,,,,,,
0,1.0,149,1776156498.239357,reply,120.0,64.0,,,,,,,
0,1.0,151,1776156500.245566,reply,120.0,64.0,,,,,,,
0,1.0,152,1776156501.233226,reply,120.0,64.0,,,,,,,
0,1.0,154,1776156503.221806,reply,120.0,64.0,,,,,,,
0,1.0,155,1776156504.208656,reply,120.0,64.0,,,,,,,
0,1.0,156,1776156505.19643,reply,120.0,64.0,,,,,,,
0,1.0,157,1776156506.183755,reply,120.0,64.0,,,,,,,
0,1.0,158,1776156507.172059,reply,120.0,64.0,,,,,,,
0,1.0,159,1776156508.161013,reply,122.0,64.0,,,,,,,
0,1.0,160,1776156509.147797,reply,120.0,64.0,,,,,,,
0,1.0,161,1776156510.135597,reply,120.0,64.0,,,,,,,
0,1.0,162,1776156511.122958,reply,120.0,64.0,,,,,,,
0,1.0,163,1776156512.110523,reply,120.0,64.0,,,,,,,
0,1.0,165,1776156514.101685,reply,120.0,64.0,,,,,,,
0,1.0,166,1776156515.08945,reply,120.0,64.0,,,,,,,
0,1.0,167,1776156516.077039,reply,120.0,64.0,,,,,,,
0,1.0,168,1776156517.064696,reply,120.0,64.0,,,,,,,
0,1.0,169,1776156521.632558,reply,121.0,64.0,,,,,,,
0,1.0,170,1776156522.622359,reply,123.0,64.0,,,,,,,
0,1.0,171,1776156523.607331,reply,120.0,64.0,,,,,,,
0,1.0,172,1776156524.594809,reply,120.0,64.0,,,,,,,
0,1.0,173,1776156525.58193,reply,120.0,64.0,,,,,,,
0,1.0,174,1776156526.568893,reply,120.0,64.0,,,,,,,
0,1.0,176,1776156528.562334,reply,120.0,64.0,,,,,,,
0,1.0,177,1776156529.550518,reply,120.0,64.0,,,,,,,
0,1.0,178,1776156530.538843,reply,120.0,64.0,,,,,,,
0,1.0,179,1776156531.525873,reply,120.0,64.0,,,,,,,
0,1.0,180,1776156532.514453,reply,121.0,64.0,,,,,,,
0,1.0,182,1776156534.514775,reply,121.0,64.0,,,,,,,
0,1.0,183,1776156535.50223,reply,120.0,64.0,,,,,,,
0,1.0,184,1776156536.490465,reply,120.0,64.0,,,,,,,
0,1.0,185,1776156537.477935,reply,121.0,64.0,,,,,,,
0,1.0,186,1776156538.464358,reply,120.0,64.0,,,,,,,
0,1.0,187,1776156539.451967,reply,121.0,64.0,,,,,,,
0,1.0,188,1776156540.439068,reply,120.0,64.0,,,,,,,
0,1.0,191,1776156543.474681,reply,121.0,64.0,,,,,,,
0,1.0,192,1776156544.462017,reply,120.0,64.0,,,,,,,
0,1.0,194,1776156546.48218,reply,120.0,64.0,,,,,,,
0,1.0,195,1776156547.470164,reply,120.0,64.0,,,,,,,
0,1.0,196,1776156548.458794,reply,121.0,64.0,,,,,,,
0,1.0,197,1776156549.44606,reply,120.0,64.0,,,,,,,
0,1.0,198,1776156550.434183,reply,120.0,64.0,,,,,,,
0,1.0,199,1776156551.422608,reply,120.0,64.0,,,,,,,
0,1.0,200,1776156552.410759,reply,121.0,64.0,,,,,,,
0,1.0,201,1776156556.984225,reply,120.0,64.0,,,,,,,
0,1.0,202,1776156557.972105,reply,120.0,64.0,,,,,,,
0,1.0,203,1776156558.959846,reply,120.0,64.0,,,,,,,
0,1.0,204,1776156559.946028,reply,120.0,64.0,,,,,,,
0,1.0,205,1776156560.932201,reply,120.0,64.0,,,,,,,
0,1.0,206,1776156561.920084,reply,121.0,64.0,,,,,,,
0,1.0,207,1776156562.907062,reply,120.0,64.0,,,,,,,
0,1.0,208,1776156563.894703,reply,120.0,64.0,,,,,,,
0,1.0,209,1776156564.882476,reply,120.0,64.0,,,,,,,
0,1.0,210,1776156565.870286,reply,120.0,64.0,,,,,,,
0,1.0,211,1776156566.858152,reply,120.0,64.0,,,,,,,
0,1.0,212,1776156567.846472,reply,121.0,64.0,,,,,,,
0,1.0,213,1776156568.834325,reply,120.0,64.0,,,,,,,
0,1.0,214,1776156569.820727,reply,120.0,64.0,,,,,,,
0,1.0,215,1776156570.808256,reply,120.0,64.0,,,,,,,
0,1.0,216,1776156571.795828,reply,120.0,64.0,,,,,,,
0,1.0,217,1776156572.782503,reply,121.0,64.0,,,,,,,
0,1.0,218,1776156573.769408,reply,120.0,64.0,,,,,,,
0,1.0,219,1776156574.757209,reply,120.0,64.0,,,,,,,
0,1.0,220,1776156575.744925,reply,120.0,64.0,,,,,,,
0,1.0,221,1776156576.732695,reply,120.0,64.0,,,,,,,
0,1.0,222,1776156577.720654,reply,120.0,64.0,,,,,,,
0,1.0,223,1776156578.708737,reply,121.0,64.0,,,,,,,
0,1.0,224,1776156579.696763,reply,120.0,64.0,,,,,,,
0,1.0,225,1776156580.684125,reply,120.0,64.0,,,,,,,
0,1.0,226,1776156581.67211,reply,121.0,64.0,,,,,,,
0,1.0,227,1776156582.659492,reply,120.0,64.0,,,,,,,
0,1.0,228,1776156583.648115,reply,120.0,64.0,,,,,,,
0,1.0,229,1776156584.636234,reply,120.0,64.0,,,,,,,
0,1.0,230,1776156585.623413,reply,120.0,64.0,,,,,,,
0,1.0,231,1776156586.61072,reply,120.0,64.0,,,,,,,
0,1.0,232,1776156587.599265,reply,121.0,64.0,,,,,,,
0,1.0,233,1776156588.586218,reply,121.0,64.0,,,,,,,
0,1.0,235,1776156594.150426,reply,120.0,64.0,,,,,,,
0,1.0,236,1776156595.138527,reply,121.0,64.0,,,,,,,
0,1.0,237,1776156596.12558,reply,120.0,64.0,,,,,,,
0,1.0,238,1776156597.112756,reply,120.0,64.0,,,,,,,
0,1.0,239,1776156598.100808,reply,120.0,64.0,,,,,,,
0,1.0,240,1776156599.089762,reply,121.0,64.0,,,,,,,
0,1.0,241,1776156600.077435,reply,120.0,64.0,,,,,,,
0,1.0,242,1776156601.065159,reply,120.0,64.0,,,,,,,
0,1.0,243,1776156602.052346,reply,120.0,64.0,,,,,,,
0,1.0,244,1776156603.037299,reply,120.0,64.0,,,,,,,
0,1.0,245,1776156604.024119,reply,120.0,64.0,,,,,,,
0,1.0,246,1776156605.011567,reply,120.0,64.0,,,,,,,
0,1.0,247,1776156605.999034,reply,121.0,64.0,,,,,,,
0,1.0,248,1776156606.98619,reply,121.0,64.0,,,,,,,
0,1.0,249,1776156607.973657,reply,120.0,64.0,,,,,,,
0,1.0,250,1776156608.961676,reply,120.0,64.0,,,,,,,
0,1.0,251,1776156609.950233,reply,121.0,64.0,,,,,,,
0,1.0,252,1776156610.937457,reply,121.0,64.0,,,,,,,
0,1.0,253,1776156611.924672,reply,120.0,64.0,,,,,,,
0,1.0,254,1776156612.912719,reply,120.0,64.0,,,,,,,
0,1.0,255,1776156613.899982,reply,120.0,64.0,,,,,,,
0,1.0,256,1776156614.885732,reply,120.0,64.0,,,,,,,
0,1.0,257,1776156615.873525,reply,121.0,64.0,,,,,,,
0,1.0,258,1776156616.859985,reply,120.0,64.0,,,,,,,
0,1.0,259,1776156617.847036,reply,120.0,64.0,,,,,,,
0,1.0,260,1776156618.834055,reply,120.0,64.0,,,,,,,
0,1.0,261,1776156619.822629,reply,120.0,64.0,,,,,,,
0,1.0,262,1776156620.810875,reply,120.0,64.0,,,,,,,
0,1.0,263,1776156621.798859,reply,121.0,64.0,,,,,,,
0,1.0,264,1776156622.786847,reply,121.0,64.0,,,,,,,
0,1.0,265,1776156623.774109,reply,120.0,64.0,,,,,,,
0,1.0,266,1776156624.761115,reply,120.0,64.0,,,,,,,
0,1.0,267,1776156629.342957,reply,120.0,64.0,,,,,,,
0,1.0,268,1776156630.331172,reply,120.0,64.0,,,,,,,
0,1.0,269,1776156631.319124,reply,120.0,64.0,,,,,,,
0,1.0,270,1776156632.306663,reply,120.0,64.0,,,,,,,
0,1.0,271,1776156633.294905,reply,120.0,64.0,,,,,,,
0,1.0,272,1776156634.283017,reply,120.0,64.0,,,,,,,
0,1.0,273,1776156635.270748,reply,121.0,64.0,,,,,,,
0,1.0,274,1776156636.258366,reply,121.0,64.0,,,,,,,
0,1.0,275,1776156637.246677,reply,121.0,64.0,,,,,,,
0,1.0,276,1776156638.233237,reply,120.0,64.0,,,,,,,
0,1.0,277,1776156639.221846,reply,121.0,64.0,,,,,,,
0,1.0,278,1776156640.20959,reply,121.0,64.0,,,,,,,
0,1.0,279,1776156641.197218,reply,121.0,64.0,,,,,,,
0,1.0,280,1776156642.184857,reply,120.0,64.0,,,,,,,
0,1.0,281,1776156643.172272,reply,120.0,64.0,,,,,,,
0,1.0,282,1776156644.160312,reply,120.0,64.0,,,,,,,
0,1.0,283,1776156645.148094,reply,121.0,64.0,,,,,,,
0,1.0,284,1776156646.135716,reply,120.0,64.0,,,,,,,
0,1.0,285,1776156647.123375,reply,120.0,64.0,,,,,,,
0,1.0,286,1776156648.110153,reply,121.0,64.0,,,,,,,
0,1.0,287,1776156649.096344,reply,120.0,64.0,,,,,,,
0,1.0,288,1776156650.083711,reply,121.0,64.0,,,,,,,
0,1.0,289,1776156651.071113,reply,120.0,64.0,,,,,,,
0,1.0,290,1776156652.059067,reply,121.0,64.0,,,,,,,
0,1.0,291,1776156653.046662,reply,121.0,64.0,,,,,,,
0,1.0,292,1776156654.034471,reply,120.0,64.0,,,,,,,
0,1.0,293,1776156655.022146,reply,120.0,64.0,,,,,,,
0,1.0,294,1776156656.009447,reply,120.0,64.0,,,,,,,
0,1.0,295,1776156656.998026,reply,121.0,64.0,,,,,,,
0,1.0,296,1776156657.984101,reply,120.0,64.0,,,,,,,
0,1.0,297,1776156658.971325,reply,121.0,64.0,,,,,,,
0,1.0,298,1776156659.958441,reply,120.0,64.0,,,,,,,
0,1.0,299,1776156664.528932,reply,121.0,64.0,,,,,,,
0,1.0,300,1776156665.516089,reply,120.0,64.0,,,,,,,
0,1.0,301,1776156666.5044,reply,120.0,64.0,,,,,,,
0,1.0,302,1776156667.49299,reply,121.0,64.0,,,,,,,
0,1.0,303,1776156668.48065,reply,121.0,64.0,,,,,,,
0,1.0,304,1776156669.468174,reply,120.0,64.0,,,,,,,
0,1.0,305,1776156670.456439,reply,120.0,64.0,,,,,,,
0,1.0,306,1776156671.444911,reply,120.0,64.0,,,,,,,
0,1.0,307,1776156672.431881,reply,121.0,64.0,,,,,,,
0,1.0,308,1776156673.419509,reply,120.0,64.0,,,,,,,
0,1.0,309,1776156674.407495,reply,121.0,64.0,,,,,,,
0,1.0,310,1776156675.394776,reply,120.0,64.0,,,,,,,
0,1.0,311,1776156676.382432,reply,120.0,64.0,,,,,,,
0,1.0,313,1776156678.383113,reply,120.0,64.0,,,,,,,
0,1.0,314,1776156679.370884,reply,120.0,64.0,,,,,,,
0,1.0,315,1776156680.359005,reply,120.0,64.0,,,,,,,
0,1.0,316,1776156681.346352,reply,121.0,64.0,,,,,,,
0,1.0,317,1776156682.33173,reply,120.0,64.0,,,,,,,
0,1.0,318,1776156683.31985,reply,120.0,64.0,,,,,,,
0,1.0,319,1776156684.307804,reply,120.0,64.0,,,,,,,
0,1.0,320,1776156685.295417,reply,120.0,64.0,,,,,,,
0,1.0,321,1776156686.28132,reply,120.0,64.0,,,,,,,
0,1.0,322,1776156687.269783,reply,120.0,64.0,,,,,,,
0,1.0,323,1776156688.257932,reply,120.0,64.0,,,,,,,
0,1.0,324,1776156689.245129,reply,121.0,64.0,,,,,,,
0,1.0,325,1776156690.231853,reply,120.0,64.0,,,,,,,
0,1.0,326,1776156691.219058,reply,120.0,64.0,,,,,,,
0,1.0,327,1776156692.206074,reply,120.0,64.0,,,,,,,
0,1.0,328,1776156693.193925,reply,120.0,64.0,,,,,,,
0,1.0,329,1776156694.182122,reply,120.0,64.0,,,,,,,
0,1.0,330,1776156695.169779,reply,120.0,64.0,,,,,,,
0,1.0,331,1776156696.157355,reply,120.0,64.0,,,,,,,
0,1.0,332,1776156700.731118,reply,120.0,64.0,,,,,,,
0,1.0,333,1776156701.718679,reply,120.0,64.0,,,,,,,
0,1.0,334,1776156702.706866,reply,120.0,64.0,,,,,,,
0,1.0,335,1776156703.695226,reply,120.0,64.0,,,,,,,
0,1.0,336,1776156704.682921,reply,120.0,64.0,,,,,,,
0,1.0,337,1776156705.670318,reply,120.0,64.0,,,,,,,
0,1.0,338,1776156706.657505,reply,120.0,64.0,,,,,,,
0,1.0,339,1776156707.646046,reply,121.0,64.0,,,,,,,
0,1.0,340,1776156708.633717,reply,121.0,64.0,,,,,,,
0,1.0,341,1776156709.620743,reply,120.0,64.0,,,,,,,
0,1.0,342,1776156710.609222,reply,121.0,64.0,,,,,,,
0,1.0,343,1776156711.596676,reply,121.0,64.0,,,,,,,
0,1.0,344,1776156712.584645,reply,121.0,64.0,,,,,,,
0,1.0,345,1776156713.572664,reply,120.0,64.0,,,,,,,
0,1.0,346,1776156714.560333,reply,120.0,64.0,,,,,,,
0,1.0,347,1776156715.548346,reply,121.0,64.0,,,,,,,
0,1.0,348,1776156716.5356,reply,120.0,64.0,,,,,,,
0,1.0,349,1776156717.524313,reply,121.0,64.0,,,,,,,
0,1.0,350,1776156718.511553,reply,120.0,64.0,,,,,,,
0,1.0,351,1776156720.443639,reply,120.0,64.0,,,,,,,
0,1.0,352,1776156721.431288,reply,120.0,64.0,,,,,,,
0,1.0,353,1776156722.419116,reply,120.0,64.0,,,,,,,
0,1.0,354,1776156723.406728,reply,121.0,64.0,,,,,,,
0,1.0,355,1776156724.393662,reply,121.0,64.0,,,,,,,
0,1.0,356,1776156725.381649,reply,120.0,64.0,,,,,,,
0,1.0,357,1776156726.368527,reply,121.0,64.0,,,,,,,
0,1.0,358,1776156727.35515,reply,120.0,64.0,,,,,,,
0,1.0,359,1776156728.342676,reply,120.0,64.0,,,,,,,
0,1.0,360,1776156729.330502,reply,121.0,64.0,,,,,,,
0,1.0,361,1776156730.317767,reply,120.0,64.0,,,,,,,
0,1.0,362,1776156731.305169,reply,120.0,64.0,,,,,,,
0,1.0,363,1776156732.292422,reply,120.0,64.0,,,,,,,
0,1.0,364,1776156736.850068,reply,120.0,64.0,,,,,,,
0,1.0,365,1776156737.837966,reply,121.0,64.0,,,,,,,
0,1.0,366,1776156738.82562,reply,121.0,64.0,,,,,,,
0,1.0,367,1776156739.813085,reply,120.0,64.0,,,,,,,
0,1.0,368,1776156740.799707,reply,120.0,64.0,,,,,,,
0,1.0,369,1776156741.787752,reply,120.0,64.0,,,,,,,
0,1.0,370,1776156742.775872,reply,120.0,64.0,,,,,,,
0,1.0,371,1776156743.763644,reply,120.0,64.0,,,,,,,
0,1.0,372,1776156744.75136,reply,120.0,64.0,,,,,,,
0,1.0,373,1776156745.738973,reply,120.0,64.0,,,,,,,
0,1.0,374,1776156746.726543,reply,120.0,64.0,,,,,,,
0,1.0,375,1776156747.714152,reply,120.0,64.0,,,,,,,
0,1.0,376,1776156748.702718,reply,121.0,64.0,,,,,,,
0,1.0,377,1776156749.689534,reply,120.0,64.0,,,,,,,
0,1.0,378,1776156750.677075,reply,120.0,64.0,,,,,,,
0,1.0,379,1776156751.663591,reply,120.0,64.0,,,,,,,
0,1.0,380,1776156752.651623,reply,120.0,64.0,,,,,,,
0,1.0,381,1776156753.639674,reply,120.0,64.0,,,,,,,
0,1.0,382,1776156754.627861,reply,120.0,64.0,,,,,,,
0,1.0,383,1776156755.61607,reply,120.0,64.0,,,,,,,
0,1.0,384,1776156756.604205,reply,120.0,64.0,,,,,,,
0,1.0,385,1776156757.592674,reply,120.0,64.0,,,,,,,
0,1.0,386,1776156758.580237,reply,121.0,64.0,,,,,,,
0,1.0,387,1776156759.568166,reply,120.0,64.0,,,,,,,
0,1.0,388,1776156760.554802,reply,120.0,64.0,,,,,,,
0,1.0,389,1776156761.54242,reply,121.0,64.0,,,,,,,
0,1.0,390,1776156762.530307,reply,121.0,64.0,,,,,,,
0,1.0,391,1776156763.517694,reply,120.0,64.0,,,,,,,
0,1.0,392,1776156764.505834,reply,121.0,64.0,,,,,,,
0,1.0,393,1776156765.49327,reply,121.0,64.0,,,,,,,
0,1.0,394,1776156766.481823,reply,121.0,64.0,,,,,,,
0,1.0,395,1776156767.469437,reply,120.0,64.0,,,,,,,
0,1.0,396,1776156772.052945,reply,120.0,64.0,,,,,,,
0,1.0,397,1776156773.040543,reply,121.0,64.0,,,,,,,
0,1.0,398,1776156774.026651,reply,120.0,64.0,,,,,,,
0,1.0,399,1776156775.013399,reply,120.0,64.0,,,,,,,
0,1.0,400,1776156776.001223,reply,120.0,64.0,,,,,,,
0,1.0,401,1776156776.988405,reply,121.0,64.0,,,,,,,
0,1.0,402,1776156777.975763,reply,120.0,64.0,,,,,,,
0,1.0,403,1776156778.963363,reply,120.0,64.0,,,,,,,
0,1.0,404,1776156779.950628,reply,120.0,64.0,,,,,,,
0,1.0,405,1776156780.939293,reply,121.0,64.0,,,,,,,
0,1.0,406,1776156781.927148,reply,121.0,64.0,,,,,,,
0,1.0,407,1776156782.914065,reply,120.0,64.0,,,,,,,
0,1.0,408,1776156783.902545,reply,120.0,64.0,,,,,,,
0,1.0,409,1776156784.889049,reply,121.0,64.0,,,,,,,
0,1.0,410,1776156785.876406,reply,120.0,64.0,,,,,,,
0,1.0,411,1776156786.864865,reply,121.0,64.0,,,,,,,
0,1.0,412,1776156787.851975,reply,120.0,64.0,,,,,,,
0,1.0,413,1776156788.840124,reply,120.0,64.0,,,,,,,
0,1.0,414,1776156789.828477,reply,120.0,64.0,,,,,,,
0,1.0,415,1776156790.816396,reply,121.0,64.0,,,,,,,
0,1.0,416,1776156791.80312,reply,121.0,64.0,,,,,,,
0,1.0,417,1776156792.789806,reply,120.0,64.0,,,,,,,
0,1.0,418,1776156793.777761,reply,121.0,64.0,,,,,,,
0,1.0,419,1776156794.76492,reply,121.0,64.0,,,,,,,
0,1.0,420,1776156795.752978,reply,121.0,64.0,,,,,,,
0,1.0,421,1776156796.740191,reply,120.0,64.0,,,,,,,
0,1.0,422,1776156797.727257,reply,120.0,64.0,,,,,,,
0,1.0,423,1776156798.714293,reply,120.0,64.0,,,,,,,
0,1.0,424,1776156799.701924,reply,120.0,64.0,,,,,,,
0,1.0,425,1776156800.689375,reply,120.0,64.0,,,,,,,
0,1.0,426,1776156801.677191,reply,120.0,64.0,,,,,,,
0,1.0,427,1776156802.665529,reply,121.0,64.0,,,,,,,
0,1.0,428,1776156803.653475,reply,120.0,64.0,,,,,,,
0,1.0,429,1776156808.214501,reply,120.0,64.0,,,,,,,
0,1.0,SUMMARY,,summary,,,,,,,,,
0,1.0,1,1776157312.45634,reply,120.0,64.0,,,,,,,
0,1.0,2,1776157313.444444,reply,120.0,64.0,,,,,,,
0,1.0,3,1776157314.432189,reply,120.0,64.0,,,,,,,
0,1.0,4,1776157315.419547,reply,121.0,64.0,,,,,,,
0,1.0,5,1776157316.405473,reply,120.0,64.0,,,,,,,
0,1.0,6,1776157317.393429,reply,120.0,64.0,,,,,,,
0,1.0,7,1776157318.380857,reply,120.0,64.0,,,,,,,
0,1.0,8,1776157319.368153,reply,120.0,64.0,,,,,,,
0,1.0,9,1776157320.355246,reply,120.0,64.0,,,,,,,
0,1.0,10,1776157321.343128,reply,120.0,64.0,,,,,,,
0,1.0,11,1776157322.331203,reply,120.0,64.0,,,,,,,
0,1.0,12,1776157323.318639,reply,120.0,64.0,,,,,,,
0,1.0,13,1776157324.306047,reply,120.0,64.0,,,,,,,
0,1.0,14,1776157325.292656,reply,120.0,64.0,,,,,,,
0,1.0,15,1776157326.279636,reply,120.0,64.0,,,,,,,
0,1.0,16,1776157327.267094,reply,120.0,64.0,,,,,,,
0,1.0,17,1776157328.255514,reply,120.0,64.0,,,,,,,
0,1.0,18,1776157329.242974,reply,120.0,64.0,,,,,,,
0,1.0,19,1776157330.232446,reply,121.0,64.0,,,,,,,
0,1.0,20,1776157331.218074,reply,120.0,64.0,,,,,,,
0,1.0,22,1776157334.165873,reply,120.0,64.0,,,,,,,
0,1.0,24,1776157336.165065,reply,120.0,64.0,,,,,,,
0,1.0,25,1776157337.151897,reply,120.0,64.0,,,,,,,
0,1.0,26,1776157338.139171,reply,120.0,64.0,,,,,,,
0,1.0,27,1776157343.665834,reply,120.0,64.0,,,,,,,
0,1.0,28,1776157344.652892,reply,120.0,64.0,,,,,,,
0,1.0,29,1776157345.640485,reply,120.0,64.0,,,,,,,
0,1.0,30,1776157346.62801,reply,120.0,64.0,,,,,,,
0,1.0,31,1776157347.615983,reply,120.0,64.0,,,,,,,
0,1.0,32,1776157348.603764,reply,120.0,64.0,,,,,,,
0,1.0,33,1776157350.534354,reply,120.0,64.0,,,,,,,
0,1.0,34,1776157351.520815,reply,120.0,64.0,,,,,,,
0,1.0,35,1776157352.508744,reply,120.0,64.0,,,,,,,
0,1.0,36,1776157353.496422,reply,120.0,64.0,,,,,,,
0,1.0,37,1776157354.48484,reply,120.0,64.0,,,,,,,
0,1.0,38,1776157355.476087,reply,123.0,64.0,,,,,,,
0,1.0,39,1776157356.459593,reply,120.0,64.0,,,,,,,
0,1.0,40,1776157357.447946,reply,120.0,64.0,,,,,,,
0,1.0,41,1776157358.435311,reply,120.0,64.0,,,,,,,
0,1.0,42,1776157359.423637,reply,120.0,64.0,,,,,,,
0,1.0,43,1776157360.409812,reply,120.0,64.0,,,,,,,
0,1.0,44,1776157361.397796,reply,121.0,64.0,,,,,,,
0,1.0,46,1776157365.280935,reply,120.0,64.0,,,,,,,
0,1.0,47,1776157366.27061,reply,122.0,64.0,,,,,,,
0,1.0,48,1776157367.256609,reply,120.0,64.0,,,,,,,
0,1.0,49,1776157368.243372,reply,120.0,64.0,,,,,,,
0,1.0,50,1776157369.23151,reply,120.0,64.0,,,,,,,
0,1.0,51,1776157371.16354,reply,120.0,64.0,,,,,,,
0,1.0,52,1776157372.150652,reply,120.0,64.0,,,,,,,
0,1.0,53,1776157373.138099,reply,120.0,64.0,,,,,,,
0,1.0,54,1776157374.125561,reply,120.0,64.0,,,,,,,
0,1.0,55,1776157375.11367,reply,120.0,64.0,,,,,,,
0,1.0,57,1776157380.687879,reply,120.0,64.0,,,,,,,
0,1.0,58,1776157381.674686,reply,120.0,64.0,,,,,,,
0,1.0,59,1776157382.662556,reply,120.0,64.0,,,,,,,
0,1.0,61,1776157384.655776,reply,120.0,64.0,,,,,,,
0,1.0,63,1776157386.671738,reply,120.0,64.0,,,,,,,
0,1.0,65,1776157388.687779,reply,120.0,64.0,,,,,,,
0,1.0,66,1776157389.679569,reply,124.0,64.0,,,,,,,
0,1.0,67,1776157390.663846,reply,120.0,64.0,,,,,,,
0,1.0,68,1776157391.651908,reply,120.0,64.0,,,,,,,
0,1.0,69,1776157392.638949,reply,120.0,64.0,,,,,,,
0,1.0,70,1776157393.62709,reply,120.0,64.0,,,,,,,
0,1.0,71,1776157394.613938,reply,120.0,64.0,,,,,,,
0,1.0,72,1776157395.602329,reply,122.0,64.0,,,,,,,
0,1.0,74,1776157400.448546,reply,120.0,64.0,,,,,,,
0,1.0,75,1776157402.381265,reply,120.0,64.0,,,,,,,
0,1.0,76,1776157403.369985,reply,121.0,64.0,,,,,,,
0,1.0,77,1776157405.301247,reply,120.0,64.0,,,,,,,
0,1.0,78,1776157407.232053,reply,120.0,64.0,,,,,,,
0,1.0,79,1776157408.219963,reply,120.0,64.0,,,,,,,
0,1.0,80,1776157409.20795,reply,120.0,64.0,,,,,,,
0,1.0,81,1776157410.196136,reply,120.0,64.0,,,,,,,
0,1.0,82,1776157411.184432,reply,120.0,64.0,,,,,,,
0,1.0,83,1776157415.755282,reply,120.0,64.0,,,,,,,
0,1.0,84,1776157417.688484,reply,120.0,64.0,,,,,,,
0,1.0,86,1776157419.695174,reply,120.0,64.0,,,,,,,
0,1.0,87,1776157420.682142,reply,120.0,64.0,,,,,,,
0,1.0,88,1776157422.614476,reply,121.0,64.0,,,,,,,
0,1.0,89,1776157423.600475,reply,120.0,64.0,,,,,,,
0,1.0,90,1776157427.425255,reply,121.0,64.0,,,,,,,
0,1.0,91,1776157429.356781,reply,121.0,64.0,,,,,,,
0,1.0,92,1776157430.342805,reply,120.0,64.0,,,,,,,
0,1.0,95,1776157434.304652,reply,120.0,64.0,,,,,,,
0,1.0,96,1776157435.292609,reply,120.0,64.0,,,,,,,
0,1.0,97,1776157436.28154,reply,121.0,64.0,,,,,,,
0,1.0,99,1776157438.287289,reply,120.0,64.0,,,,,,,
0,1.0,100,1776157440.219485,reply,120.0,64.0,,,,,,,
0,1.0,101,1776157441.207324,reply,120.0,64.0,,,,,,,
0,1.0,102,1776157442.194672,reply,120.0,64.0,,,,,,,
0,1.0,103,1776157443.180619,reply,120.0,64.0,,,,,,,
0,1.0,104,1776157445.112285,reply,120.0,64.0,,,,,,,
0,1.0,105,1776157446.100595,reply,120.0,64.0,,,,,,,
0,1.0,106,1776157447.088672,reply,120.0,64.0,,,,,,,
0,1.0,107,1776157452.603175,reply,120.0,64.0,,,,,,,
0,1.0,109,1776157455.549867,reply,120.0,64.0,,,,,,,
0,1.0,110,1776157456.538644,reply,120.0,64.0,,,,,,,
0,1.0,111,1776157457.526165,reply,120.0,64.0,,,,,,,
0,1.0,112,1776157458.512974,reply,121.0,64.0,,,,,,,
0,1.0,114,1776157460.525353,reply,120.0,64.0,,,,,,,
0,1.0,115,1776157461.51348,reply,120.0,64.0,,,,,,,
0,1.0,116,1776157462.50133,reply,120.0,64.0,,,,,,,
0,1.0,117,1776157463.489495,reply,120.0,64.0,,,,,,,
0,1.0,118,1776157464.477618,reply,120.0,64.0,,,,,,,
0,1.0,119,1776157465.464827,reply,120.0,64.0,,,,,,,
0,1.0,120,1776157466.45204,reply,120.0,64.0,,,,,,,
0,1.0,121,1776157467.438762,reply,120.0,64.0,,,,,,,
0,1.0,122,1776157468.42575,reply,120.0,64.0,,,,,,,
0,1.0,124,1776157470.445422,reply,121.0,64.0,,,,,,,
0,1.0,125,1776157471.433472,reply,120.0,64.0,,,,,,,
0,1.0,127,1776157473.453456,reply,120.0,64.0,,,,,,,
0,1.0,128,1776157474.441347,reply,120.0,64.0,,,,,,,
0,1.0,129,1776157475.429276,reply,120.0,64.0,,,,,,,
0,1.0,130,1776157476.416908,reply,120.0,64.0,,,,,,,
0,1.0,132,1776157478.413186,reply,120.0,64.0,,,,,,,
0,1.0,133,1776157479.400891,reply,120.0,64.0,,,,,,,
0,1.0,134,1776157480.388468,reply,120.0,64.0,,,,,,,
0,1.0,135,1776157481.377104,reply,120.0,64.0,,,,,,,
0,1.0,136,1776157482.365557,reply,120.0,64.0,,,,,,,
0,1.0,137,1776157486.937362,reply,120.0,64.0,,,,,,,
0,1.0,138,1776157487.925098,reply,120.0,64.0,,,,,,,
0,1.0,139,1776157488.913097,reply,120.0,64.0,,,,,,,
0,1.0,140,1776157489.901041,reply,120.0,64.0,,,,,,,
0,1.0,141,1776157490.888134,reply,121.0,64.0,,,,,,,
0,1.0,142,1776157491.876296,reply,121.0,64.0,,,,,,,
0,1.0,143,1776157492.863536,reply,120.0,64.0,,,,,,,
0,1.0,144,1776157493.851781,reply,120.0,64.0,,,,,,,
0,1.0,145,1776157494.839994,reply,121.0,64.0,,,,,,,
0,1.0,146,1776157495.827318,reply,121.0,64.0,,,,,,,
0,1.0,147,1776157496.815409,reply,120.0,64.0,,,,,,,
0,1.0,148,1776157497.803418,reply,120.0,64.0,,,,,,,
0,1.0,149,1776157498.791354,reply,121.0,64.0,,,,,,,
0,1.0,150,1776157499.77894,reply,120.0,64.0,,,,,,,
0,1.0,151,1776157500.765528,reply,120.0,64.0,,,,,,,
0,1.0,153,1776157502.765762,reply,121.0,64.0,,,,,,,
0,1.0,154,1776157503.752322,reply,120.0,64.0,,,,,,,
0,1.0,155,1776157504.740274,reply,121.0,64.0,,,,,,,
0,1.0,156,1776157505.727414,reply,120.0,64.0,,,,,,,
0,1.0,157,1776157506.715685,reply,120.0,64.0,,,,,,,
0,1.0,158,1776157507.702898,reply,120.0,64.0,,,,,,,
0,1.0,159,1776157508.69101,reply,120.0,64.0,,,,,,,
0,1.0,160,1776157509.67896,reply,120.0,64.0,,,,,,,
0,1.0,161,1776157510.665383,reply,121.0,64.0,,,,,,,
0,1.0,162,1776157511.653519,reply,121.0,64.0,,,,,,,
0,1.0,163,1776157512.640899,reply,120.0,64.0,,,,,,,
0,1.0,164,1776157513.629314,reply,121.0,64.0,,,,,,,
0,1.0,165,1776157514.617545,reply,121.0,64.0,,,,,,,
0,1.0,166,1776157515.605074,reply,121.0,64.0,,,,,,,
0,1.0,167,1776157516.592556,reply,120.0,64.0,,,,,,,
0,1.0,168,1776157517.580947,reply,120.0,64.0,,,,,,,
0,1.0,169,1776157518.569421,reply,121.0,64.0,,,,,,,
0,1.0,170,1776157523.139008,reply,120.0,64.0,,,,,,,
0,1.0,171,1776157524.125576,reply,120.0,64.0,,,,,,,
0,1.0,172,1776157525.112805,reply,120.0,64.0,,,,,,,
0,1.0,173,1776157526.100517,reply,120.0,64.0,,,,,,,
0,1.0,174,1776157527.08772,reply,120.0,64.0,,,,,,,
0,1.0,175,1776157528.075647,reply,120.0,64.0,,,,,,,
0,1.0,176,1776157529.063299,reply,120.0,64.0,,,,,,,
0,1.0,177,1776157530.051991,reply,121.0,64.0,,,,,,,
0,1.0,178,1776157531.039145,reply,121.0,64.0,,,,,,,
0,1.0,180,1776157533.035832,reply,120.0,64.0,,,,,,,
0,1.0,183,1776157536.075827,reply,120.0,64.0,,,,,,,
0,1.0,184,1776157537.06308,reply,120.0,64.0,,,,,,,
0,1.0,185,1776157538.051262,reply,120.0,64.0,,,,,,,
0,1.0,186,1776157539.039572,reply,120.0,64.0,,,,,,,
0,1.0,187,1776157540.027867,reply,121.0,64.0,,,,,,,
0,1.0,188,1776157541.014865,reply,120.0,64.0,,,,,,,
0,1.0,189,1776157542.002848,reply,120.0,64.0,,,,,,,
0,1.0,190,1776157542.990462,reply,121.0,64.0,,,,,,,
0,1.0,191,1776157543.976103,reply,120.0,64.0,,,,,,,
0,1.0,192,1776157544.96334,reply,121.0,64.0,,,,,,,
0,1.0,193,1776157545.950686,reply,120.0,64.0,,,,,,,
0,1.0,194,1776157546.938075,reply,120.0,64.0,,,,,,,
0,1.0,195,1776157547.926181,reply,121.0,64.0,,,,,,,
0,1.0,196,1776157548.913318,reply,120.0,64.0,,,,,,,
0,1.0,197,1776157549.901433,reply,120.0,64.0,,,,,,,
0,1.0,198,1776157550.888721,reply,120.0,64.0,,,,,,,
0,1.0,199,1776157551.875816,reply,120.0,64.0,,,,,,,
0,1.0,200,1776157552.863257,reply,120.0,64.0,,,,,,,
0,1.0,201,1776157553.850384,reply,120.0,64.0,,,,,,,
0,1.0,202,1776157554.838312,reply,120.0,64.0,,,,,,,
0,1.0,203,1776157559.395298,reply,120.0,64.0,,,,,,,
0,1.0,204,1776157560.383774,reply,120.0,64.0,,,,,,,
0,1.0,205,1776157561.371292,reply,120.0,64.0,,,,,,,
0,1.0,206,1776157562.358508,reply,120.0,64.0,,,,,,,
0,1.0,207,1776157563.346072,reply,121.0,64.0,,,,,,,
0,1.0,208,1776157564.33196,reply,120.0,64.0,,,,,,,
0,1.0,209,1776157565.32035,reply,120.0,64.0,,,,,,,
0,1.0,210,1776157566.308135,reply,120.0,64.0,,,,,,,
0,1.0,211,1776157567.295303,reply,120.0,64.0,,,,,,,
0,1.0,212,1776157568.282721,reply,120.0,64.0,,,,,,,
0,1.0,213,1776157569.270915,reply,120.0,64.0,,,,,,,
0,1.0,214,1776157570.258244,reply,120.0,64.0,,,,,,,
0,1.0,215,1776157572.191371,reply,120.0,64.0,,,,,,,
0,1.0,216,1776157573.179638,reply,120.0,64.0,,,,,,,
0,1.0,217,1776157574.167433,reply,121.0,64.0,,,,,,,
0,1.0,218,1776157575.154545,reply,121.0,64.0,,,,,,,
0,1.0,219,1776157576.141543,reply,120.0,64.0,,,,,,,
0,1.0,220,1776157577.130019,reply,120.0,64.0,,,,,,,
0,1.0,221,1776157578.11576,reply,121.0,64.0,,,,,,,
0,1.0,222,1776157579.10381,reply,121.0,64.0,,,,,,,
0,1.0,223,1776157580.091169,reply,120.0,64.0,,,,,,,
0,1.0,224,1776157581.078408,reply,120.0,64.0,,,,,,,
0,1.0,225,1776157582.065468,reply,120.0,64.0,,,,,,,
0,1.0,226,1776157583.056964,reply,124.0,64.0,,,,,,,
0,1.0,227,1776157584.041106,reply,121.0,64.0,,,,,,,
0,1.0,228,1776157585.029194,reply,120.0,64.0,,,,,,,
0,1.0,229,1776157586.016884,reply,121.0,64.0,,,,,,,
0,1.0,230,1776157587.005225,reply,120.0,64.0,,,,,,,
0,1.0,231,1776157587.992531,reply,120.0,64.0,,,,,,,
0,1.0,232,1776157588.976959,reply,120.0,64.0,,,,,,,
0,1.0,233,1776157589.965029,reply,120.0,64.0,,,,,,,
0,1.0,234,1776157594.538185,reply,121.0,64.0,,,,,,,
0,1.0,235,1776157595.52558,reply,121.0,64.0,,,,,,,
0,1.0,236,1776157596.513461,reply,120.0,64.0,,,,,,,
0,1.0,237,1776157597.50181,reply,120.0,64.0,,,,,,,
0,1.0,238,1776157598.490253,reply,121.0,64.0,,,,,,,
0,1.0,240,1776157600.478444,reply,120.0,64.0,,,,,,,
0,1.0,241,1776157601.464936,reply,120.0,64.0,,,,,,,
0,1.0,242,1776157602.452154,reply,120.0,64.0,,,,,,,
0,1.0,243,1776157603.440348,reply,121.0,64.0,,,,,,,
0,1.0,244,1776157604.428559,reply,120.0,64.0,,,,,,,
0,1.0,245,1776157605.416587,reply,120.0,64.0,,,,,,,
0,1.0,246,1776157606.404229,reply,120.0,64.0,,,,,,,
0,1.0,247,1776157607.392012,reply,120.0,64.0,,,,,,,
0,1.0,248,1776157608.379995,reply,120.0,64.0,,,,,,,
0,1.0,249,1776157609.3677,reply,120.0,64.0,,,,,,,
0,1.0,250,1776157610.35563,reply,120.0,64.0,,,,,,,
0,1.0,251,1776157611.343693,reply,120.0,64.0,,,,,,,
0,1.0,252,1776157612.330809,reply,121.0,64.0,,,,,,,
0,1.0,253,1776157613.318039,reply,120.0,64.0,,,,,,,
0,1.0,254,1776157614.306653,reply,121.0,64.0,,,,,,,
0,1.0,255,1776157615.294221,reply,120.0,64.0,,,,,,,
0,1.0,256,1776157616.282602,reply,120.0,64.0,,,,,,,
0,1.0,257,1776157617.270177,reply,120.0,64.0,,,,,,,
0,1.0,258,1776157618.257846,reply,120.0,64.0,,,,,,,
0,1.0,259,1776157619.24521,reply,120.0,64.0,,,,,,,
0,1.0,260,1776157620.232361,reply,120.0,64.0,,,,,,,
0,1.0,261,1776157621.219775,reply,121.0,64.0,,,,,,,
0,1.0,262,1776157622.206168,reply,120.0,64.0,,,,,,,
0,1.0,263,1776157623.19334,reply,120.0,64.0,,,,,,,
0,1.0,264,1776157624.181597,reply,121.0,64.0,,,,,,,
0,1.0,265,1776157625.169144,reply,121.0,64.0,,,,,,,
0,1.0,266,1776157626.156437,reply,121.0,64.0,,,,,,,
0,1.0,267,1776157630.737283,reply,120.0,64.0,,,,,,,
0,1.0,268,1776157631.72532,reply,120.0,64.0,,,,,,,
0,1.0,269,1776157632.713097,reply,120.0,64.0,,,,,,,
0,1.0,270,1776157633.701153,reply,120.0,64.0,,,,,,,
0,1.0,271,1776157634.688877,reply,120.0,64.0,,,,,,,
0,1.0,272,1776157635.674989,reply,120.0,64.0,,,,,,,
0,1.0,273,1776157636.662295,reply,120.0,64.0,,,,,,,
0,1.0,274,1776157637.649977,reply,121.0,64.0,,,,,,,
0,1.0,275,1776157638.637463,reply,121.0,64.0,,,,,,,
0,1.0,276,1776157639.624479,reply,120.0,64.0,,,,,,,
0,1.0,277,1776157640.612441,reply,120.0,64.0,,,,,,,
0,1.0,278,1776157641.600671,reply,120.0,64.0,,,,,,,
0,1.0,279,1776157642.58909,reply,121.0,64.0,,,,,,,
0,1.0,280,1776157643.576181,reply,120.0,64.0,,,,,,,
0,1.0,281,1776157644.563049,reply,120.0,64.0,,,,,,,
0,1.0,282,1776157645.550141,reply,120.0,64.0,,,,,,,
0,1.0,283,1776157646.537309,reply,121.0,64.0,,,,,,,
0,1.0,284,1776157647.524856,reply,120.0,64.0,,,,,,,
0,1.0,285,1776157648.511319,reply,120.0,64.0,,,,,,,
0,1.0,286,1776157649.498994,reply,120.0,64.0,,,,,,,
0,1.0,287,1776157650.486534,reply,120.0,64.0,,,,,,,
0,1.0,288,1776157651.474835,reply,120.0,64.0,,,,,,,
0,1.0,289,1776157652.462461,reply,120.0,64.0,,,,,,,
0,1.0,290,1776157653.450802,reply,121.0,64.0,,,,,,,
0,1.0,291,1776157654.437331,reply,120.0,64.0,,,,,,,
0,1.0,292,1776157655.424887,reply,120.0,64.0,,,,,,,
0,1.0,293,1776157656.411164,reply,120.0,64.0,,,,,,,
0,1.0,294,1776157657.398334,reply,120.0,64.0,,,,,,,
0,1.0,295,1776157658.385825,reply,120.0,64.0,,,,,,,
0,1.0,296,1776157659.373792,reply,120.0,64.0,,,,,,,
0,1.0,297,1776157660.361305,reply,120.0,64.0,,,,,,,
0,1.0,298,1776157661.349253,reply,120.0,64.0,,,,,,,
0,1.0,299,1776157662.337319,reply,120.0,64.0,,,,,,,
0,1.0,300,1776157666.911335,reply,121.0,64.0,,,,,,,
0,1.0,301,1776157667.899206,reply,120.0,64.0,,,,,,,
0,1.0,302,1776157668.886659,reply,121.0,64.0,,,,,,,
0,1.0,303,1776157669.873213,reply,120.0,64.0,,,,,,,
0,1.0,304,1776157670.86028,reply,120.0,64.0,,,,,,,
0,1.0,305,1776157671.848099,reply,121.0,64.0,,,,,,,
0,1.0,306,1776157672.835089,reply,120.0,64.0,,,,,,,
0,1.0,307,1776157673.822653,reply,121.0,64.0,,,,,,,
0,1.0,308,1776157674.809612,reply,120.0,64.0,,,,,,,
0,1.0,309,1776157675.797743,reply,121.0,64.0,,,,,,,
0,1.0,310,1776157676.784858,reply,120.0,64.0,,,,,,,
0,1.0,311,1776157677.772699,reply,120.0,64.0,,,,,,,
0,1.0,312,1776157678.759666,reply,121.0,64.0,,,,,,,
0,1.0,313,1776157679.745777,reply,120.0,64.0,,,,,,,
0,1.0,314,1776157680.733322,reply,121.0,64.0,,,,,,,
0,1.0,315,1776157681.720224,reply,120.0,64.0,,,,,,,
0,1.0,316,1776157682.708837,reply,121.0,64.0,,,,,,,
0,1.0,317,1776157683.695914,reply,121.0,64.0,,,,,,,
0,1.0,318,1776157684.683152,reply,120.0,64.0,,,,,,,
0,1.0,319,1776157685.670782,reply,120.0,64.0,,,,,,,
0,1.0,320,1776157686.659161,reply,121.0,64.0,,,,,,,
0,1.0,321,1776157687.646186,reply,121.0,64.0,,,,,,,
0,1.0,322,1776157688.633669,reply,120.0,64.0,,,,,,,
0,1.0,323,1776157689.620633,reply,121.0,64.0,,,,,,,
0,1.0,324,1776157690.606447,reply,120.0,64.0,,,,,,,
0,1.0,325,1776157691.593996,reply,120.0,64.0,,,,,,,
0,1.0,326,1776157692.581403,reply,120.0,64.0,,,,,,,
0,1.0,327,1776157693.56891,reply,121.0,64.0,,,,,,,
0,1.0,328,1776157694.555595,reply,120.0,64.0,,,,,,,
0,1.0,329,1776157695.543555,reply,120.0,64.0,,,,,,,
0,1.0,330,1776157696.530372,reply,120.0,64.0,,,,,,,
0,1.0,331,1776157697.517536,reply,120.0,64.0,,,,,,,
0,1.0,332,1776157702.086086,reply,120.0,64.0,,,,,,,
0,1.0,333,1776157703.073859,reply,120.0,64.0,,,,,,,
0,1.0,334,1776157704.06138,reply,121.0,64.0,,,,,,,
0,1.0,335,1776157705.049703,reply,121.0,64.0,,,,,,,
0,1.0,336,1776157706.036888,reply,121.0,64.0,,,,,,,
0,1.0,337,1776157707.024566,reply,121.0,64.0,,,,,,,
0,1.0,338,1776157708.012653,reply,120.0,64.0,,,,,,,
0,1.0,339,1776157708.999696,reply,120.0,64.0,,,,,,,
0,1.0,340,1776157709.987743,reply,121.0,64.0,,,,,,,
0,1.0,341,1776157710.97551,reply,120.0,64.0,,,,,,,
0,1.0,342,1776157711.963754,reply,121.0,64.0,,,,,,,
0,1.0,343,1776157712.951254,reply,120.0,64.0,,,,,,,
0,1.0,344,1776157713.938398,reply,120.0,64.0,,,,,,,
0,1.0,345,1776157714.925886,reply,120.0,64.0,,,,,,,
0,1.0,346,1776157715.912618,reply,120.0,64.0,,,,,,,
0,1.0,347,1776157716.901069,reply,120.0,64.0,,,,,,,
0,1.0,348,1776157717.889017,reply,120.0,64.0,,,,,,,
0,1.0,349,1776157718.877892,reply,121.0,64.0,,,,,,,
0,1.0,350,1776157719.864334,reply,120.0,64.0,,,,,,,
0,1.0,351,1776157720.852597,reply,120.0,64.0,,,,,,,
0,1.0,352,1776157721.841143,reply,120.0,64.0,,,,,,,
0,1.0,353,1776157722.828364,reply,120.0,64.0,,,,,,,
0,1.0,354,1776157723.814182,reply,120.0,64.0,,,,,,,
0,1.0,355,1776157724.801313,reply,120.0,64.0,,,,,,,
0,1.0,356,1776157725.788472,reply,120.0,64.0,,,,,,,
0,1.0,357,1776157726.776143,reply,121.0,64.0,,,,,,,
0,1.0,358,1776157727.763854,reply,120.0,64.0,,,,,,,
0,1.0,359,1776157728.751096,reply,120.0,64.0,,,,,,,
0,1.0,360,1776157729.73863,reply,121.0,64.0,,,,,,,
0,1.0,361,1776157730.725704,reply,121.0,64.0,,,,,,,
0,1.0,362,1776157731.712538,reply,121.0,64.0,,,,,,,
0,1.0,363,1776157732.70015,reply,120.0,64.0,,,,,,,
0,1.0,364,1776157733.687908,reply,120.0,64.0,,,,,,,
0,1.0,365,1776157738.264509,reply,121.0,64.0,,,,,,,
0,1.0,366,1776157739.251779,reply,120.0,64.0,,,,,,,
0,1.0,367,1776157740.238869,reply,120.0,64.0,,,,,,,
0,1.0,368,1776157741.226008,reply,121.0,64.0,,,,,,,
0,1.0,369,1776157742.213988,reply,120.0,64.0,,,,,,,
0,1.0,370,1776157743.201502,reply,121.0,64.0,,,,,,,
0,1.0,371,1776157744.188467,reply,120.0,64.0,,,,,,,
0,1.0,372,1776157745.176004,reply,120.0,64.0,,,,,,,
0,1.0,373,1776157746.163616,reply,120.0,64.0,,,,,,,
0,1.0,374,1776157747.151209,reply,121.0,64.0,,,,,,,
0,1.0,375,1776157748.137642,reply,120.0,64.0,,,,,,,
0,1.0,376,1776157749.123968,reply,120.0,64.0,,,,,,,
0,1.0,377,1776157750.111434,reply,120.0,64.0,,,,,,,
0,1.0,378,1776157751.098853,reply,120.0,64.0,,,,,,,
0,1.0,379,1776157752.08626,reply,120.0,64.0,,,,,,,
0,1.0,380,1776157753.073875,reply,120.0,64.0,,,,,,,
0,1.0,381,1776157754.061809,reply,121.0,64.0,,,,,,,
0,1.0,382,1776157755.049863,reply,121.0,64.0,,,,,,,
0,1.0,383,1776157756.037462,reply,120.0,64.0,,,,,,,
0,1.0,384,1776157757.025607,reply,120.0,64.0,,,,,,,
0,1.0,385,1776157758.012569,reply,120.0,64.0,,,,,,,
0,1.0,386,1776157758.998944,reply,120.0,64.0,,,,,,,
0,1.0,387,1776157759.987036,reply,120.0,64.0,,,,,,,
0,1.0,388,1776157760.974678,reply,120.0,64.0,,,,,,,
0,1.0,389,1776157761.962496,reply,120.0,64.0,,,,,,,
0,1.0,390,1776157762.950266,reply,120.0,64.0,,,,,,,
0,1.0,391,1776157763.937656,reply,120.0,64.0,,,,,,,
0,1.0,392,1776157764.925495,reply,120.0,64.0,,,,,,,
0,1.0,393,1776157765.913098,reply,120.0,64.0,,,,,,,
0,1.0,394,1776157766.901261,reply,120.0,64.0,,,,,,,
0,1.0,395,1776157767.888968,reply,120.0,64.0,,,,,,,
0,1.0,396,1776157768.875786,reply,120.0,64.0,,,,,,,
0,1.0,397,1776157769.863576,reply,120.0,64.0,,,,,,,
0,1.0,398,1776157774.427685,reply,121.0,64.0,,,,,,,
0,1.0,399,1776157775.414621,reply,120.0,64.0,,,,,,,
0,1.0,400,1776157776.401891,reply,120.0,64.0,,,,,,,
0,1.0,401,1776157777.388908,reply,121.0,64.0,,,,,,,
0,1.0,402,1776157778.375881,reply,120.0,64.0,,,,,,,
0,1.0,403,1776157779.363458,reply,120.0,64.0,,,,,,,
0,1.0,404,1776157780.350924,reply,120.0,64.0,,,,,,,
0,1.0,405,1776157781.338707,reply,121.0,64.0,,,,,,,
0,1.0,406,1776157782.325327,reply,121.0,64.0,,,,,,,
0,1.0,407,1776157783.312873,reply,121.0,64.0,,,,,,,
0,1.0,408,1776157784.300369,reply,120.0,64.0,,,,,,,
0,1.0,409,1776157785.28778,reply,121.0,64.0,,,,,,,
0,1.0,410,1776157786.275556,reply,120.0,64.0,,,,,,,
0,1.0,411,1776157787.263531,reply,120.0,64.0,,,,,,,
0,1.0,412,1776157788.25156,reply,120.0,64.0,,,,,,,
0,1.0,413,1776157789.239955,reply,120.0,64.0,,,,,,,
0,1.0,414,1776157790.227764,reply,120.0,64.0,,,,,,,
0,1.0,415,1776157791.21544,reply,120.0,64.0,,,,,,,
0,1.0,416,1776157792.20259,reply,121.0,64.0,,,,,,,
0,1.0,417,1776157793.189139,reply,120.0,64.0,,,,,,,
0,1.0,418,1776157794.177294,reply,121.0,64.0,,,,,,,
0,1.0,419,1776157795.164344,reply,120.0,64.0,,,,,,,
0,1.0,420,1776157796.151618,reply,120.0,64.0,,,,,,,
0,1.0,421,1776157797.139304,reply,120.0,64.0,,,,,,,
0,1.0,422,1776157798.127312,reply,121.0,64.0,,,,,,,
0,1.0,423,1776157799.115272,reply,120.0,64.0,,,,,,,
0,1.0,424,1776157800.103065,reply,120.0,64.0,,,,,,,
0,1.0,425,1776157801.090693,reply,120.0,64.0,,,,,,,
0,1.0,426,1776157802.078514,reply,121.0,64.0,,,,,,,
0,1.0,427,1776157803.064797,reply,120.0,64.0,,,,,,,
0,1.0,428,1776157804.052791,reply,120.0,64.0,,,,,,,
0,1.0,429,1776157805.039948,reply,120.0,64.0,,,,,,,
0,1.0,430,1776157809.599342,reply,120.0,64.0,,,,,,,
0,1.0,431,1776157810.586592,reply,120.0,64.0,,,,,,,
0,1.0,432,1776157811.574331,reply,120.0,64.0,,,,,,,
0,1.0,433,1776157812.560947,reply,120.0,64.0,,,,,,,
0,1.0,SUMMARY,,summary,,,,,,,,,
0,1.0,1,1776158317.111661,reply,120.0,64.0,,,,,,,
0,1.0,2,1776158318.099873,reply,120.0,64.0,,,,,,,
0,1.0,3,1776158319.08772,reply,120.0,64.0,,,,,,,
0,1.0,4,1776158320.075016,reply,121.0,64.0,,,,,,,
0,1.0,5,1776158321.061461,reply,120.0,64.0,,,,,,,
0,1.0,6,1776158322.048996,reply,120.0,64.0,,,,,,,
0,1.0,7,1776158323.035805,reply,120.0,64.0,,,,,,,
0,1.0,8,1776158324.023873,reply,120.0,64.0,,,,,,,
0,1.0,9,1776158325.011937,reply,120.0,64.0,,,,,,,
0,1.0,10,1776158325.999891,reply,120.0,64.0,,,,,,,
0,1.0,11,1776158326.987889,reply,120.0,64.0,,,,,,,
0,1.0,12,1776158327.976088,reply,121.0,64.0,,,,,,,
0,1.0,13,1776158328.964326,reply,120.0,64.0,,,,,,,
0,1.0,14,1776158329.952305,reply,120.0,64.0,,,,,,,
0,1.0,15,1776158330.938867,reply,120.0,64.0,,,,,,,
0,1.0,16,1776158331.926569,reply,120.0,64.0,,,,,,,
0,1.0,17,1776158332.91439,reply,120.0,64.0,,,,,,,
0,1.0,18,1776158333.902337,reply,121.0,64.0,,,,,,,
0,1.0,19,1776158334.889382,reply,120.0,64.0,,,,,,,
0,1.0,20,1776158335.877772,reply,121.0,64.0,,,,,,,
0,1.0,21,1776158336.864732,reply,120.0,64.0,,,,,,,
0,1.0,23,1776158338.872032,reply,121.0,64.0,,,,,,,
0,1.0,24,1776158339.858081,reply,121.0,64.0,,,,,,,
0,1.0,25,1776158340.844489,reply,120.0,64.0,,,,,,,
0,1.0,28,1776158347.451912,reply,120.0,64.0,,,,,,,
0,1.0,29,1776158348.439602,reply,121.0,64.0,,,,,,,
0,1.0,30,1776158349.427403,reply,120.0,64.0,,,,,,,
0,1.0,32,1776158351.419803,reply,120.0,64.0,,,,,,,
0,1.0,33,1776158352.4074,reply,120.0,64.0,,,,,,,
0,1.0,34,1776158353.39386,reply,120.0,64.0,,,,,,,
0,1.0,36,1776158355.387473,reply,120.0,64.0,,,,,,,
0,1.0,37,1776158356.376197,reply,122.0,64.0,,,,,,,
0,1.0,38,1776158357.360941,reply,120.0,64.0,,,,,,,
0,1.0,39,1776158358.349089,reply,120.0,64.0,,,,,,,
0,1.0,40,1776158359.336993,reply,120.0,64.0,,,,,,,
0,1.0,41,1776158360.324949,reply,120.0,64.0,,,,,,,
0,1.0,42,1776158363.200774,reply,120.0,64.0,,,,,,,
0,1.0,43,1776158364.188064,reply,120.0,64.0,,,,,,,
0,1.0,44,1776158365.180303,reply,124.0,64.0,,,,,,,
0,1.0,45,1776158366.163734,reply,120.0,64.0,,,,,,,
0,1.0,46,1776158368.096916,reply,120.0,64.0,,,,,,,
0,1.0,47,1776158369.08627,reply,122.0,64.0,,,,,,,
0,1.0,49,1776158371.099688,reply,120.0,64.0,,,,,,,
0,1.0,50,1776158372.087102,reply,120.0,64.0,,,,,,,
0,1.0,51,1776158373.075291,reply,120.0,64.0,,,,,,,
0,1.0,52,1776158374.061996,reply,120.0,64.0,,,,,,,
0,1.0,53,1776158375.049278,reply,120.0,64.0,,,,,,,
0,1.0,55,1776158377.051527,reply,120.0,64.0,,,,,,,
0,1.0,57,1776158382.666313,reply,120.0,64.0,,,,,,,
0,1.0,58,1776158384.59903,reply,120.0,64.0,,,,,,,
0,1.0,59,1776158385.58714,reply,120.0,64.0,,,,,,,
0,1.0,60,1776158388.462643,reply,120.0,64.0,,,,,,,
0,1.0,61,1776158389.44983,reply,120.0,64.0,,,,,,,
0,1.0,62,1776158390.437909,reply,120.0,64.0,,,,,,,
0,1.0,65,1776158394.394272,reply,120.0,64.0,,,,,,,
0,1.0,66,1776158395.382157,reply,120.0,64.0,,,,,,,
0,1.0,67,1776158396.369739,reply,120.0,64.0,,,,,,,
0,1.0,68,1776158398.302373,reply,120.0,64.0,,,,,,,
0,1.0,69,1776158399.289449,reply,120.0,64.0,,,,,,,
0,1.0,70,1776158400.276715,reply,120.0,64.0,,,,,,,
0,1.0,72,1776158402.282537,reply,120.0,64.0,,,,,,,
0,1.0,74,1776158405.243056,reply,120.0,64.0,,,,,,,
0,1.0,75,1776158406.231109,reply,120.0,64.0,,,,,,,
0,1.0,76,1776158409.107074,reply,120.0,64.0,,,,,,,
0,1.0,77,1776158410.094226,reply,120.0,64.0,,,,,,,
0,1.0,79,1776158420.39646,reply,120.0,64.0,,,,,,,
0,1.0,80,1776158421.384803,reply,120.0,64.0,,,,,,,
0,1.0,81,1776158422.372221,reply,120.0,64.0,,,,,,,
0,1.0,82,1776158424.304283,reply,120.0,64.0,,,,,,,
0,1.0,84,1776158426.299735,reply,120.0,64.0,,,,,,,
0,1.0,85,1776158427.287167,reply,120.0,64.0,,,,,,,
0,1.0,86,1776158428.275486,reply,120.0,64.0,,,,,,,
0,1.0,87,1776158429.262841,reply,120.0,64.0,,,,,,,
0,1.0,88,1776158432.138278,reply,120.0,64.0,,,,,,,
0,1.0,89,1776158433.126362,reply,120.0,64.0,,,,,,,
0,1.0,92,1776158438.046118,reply,120.0,64.0,,,,,,,
0,1.0,93,1776158439.034327,reply,120.0,64.0,,,,,,,
0,1.0,94,1776158440.967318,reply,120.0,64.0,,,,,,,
0,1.0,95,1776158441.955282,reply,120.0,64.0,,,,,,,
0,1.0,97,1776158444.891567,reply,120.0,64.0,,,,,,,
0,1.0,98,1776158445.879877,reply,120.0,64.0,,,,,,,
0,1.0,99,1776158446.867983,reply,120.0,64.0,,,,,,,
0,1.0,100,1776158447.856494,reply,122.0,64.0,,,,,,,
0,1.0,101,1776158448.842858,reply,120.0,64.0,,,,,,,
0,1.0,102,1776158453.419782,reply,120.0,64.0,,,,,,,
0,1.0,103,1776158455.351852,reply,120.0,64.0,,,,,,,
0,1.0,104,1776158456.34018,reply,120.0,64.0,,,,,,,
0,1.0,105,1776158457.327663,reply,120.0,64.0,,,,,,,
0,1.0,106,1776158458.315775,reply,120.0,64.0,,,,,,,
0,1.0,108,1776158460.32114,reply,121.0,64.0,,,,,,,
0,1.0,109,1776158461.307548,reply,120.0,64.0,,,,,,,
0,1.0,110,1776158463.238662,reply,120.0,64.0,,,,,,,
0,1.0,111,1776158465.171136,reply,120.0,64.0,,,,,,,
0,1.0,113,1776158468.112321,reply,120.0,64.0,,,,,,,
0,1.0,114,1776158469.10029,reply,120.0,64.0,,,,,,,
0,1.0,115,1776158470.087601,reply,120.0,64.0,,,,,,,
0,1.0,116,1776158471.074298,reply,120.0,64.0,,,,,,,
0,1.0,117,1776158472.062308,reply,120.0,64.0,,,,,,,
0,1.0,118,1776158473.994274,reply,120.0,64.0,,,,,,,
0,1.0,120,1776158476.000386,reply,120.0,64.0,,,,,,,
0,1.0,121,1776158477.933489,reply,120.0,64.0,,,,,,,
0,1.0,122,1776158478.920226,reply,120.0,64.0,,,,,,,
0,1.0,123,1776158479.908224,reply,120.0,64.0,,,,,,,
0,1.0,124,1776158480.896179,reply,120.0,64.0,,,,,,,
0,1.0,125,1776158481.884547,reply,120.0,64.0,,,,,,,
0,1.0,126,1776158482.871601,reply,120.0,64.0,,,,,,,
0,1.0,127,1776158483.859036,reply,120.0,64.0,,,,,,,
0,1.0,128,1776158484.8464,reply,120.0,64.0,,,,,,,
0,1.0,129,1776158489.413573,reply,120.0,64.0,,,,,,,
0,1.0,130,1776158490.401775,reply,120.0,64.0,,,,,,,
0,1.0,131,1776158491.389567,reply,120.0,64.0,,,,,,,
0,1.0,132,1776158492.377767,reply,120.0,64.0,,,,,,,
0,1.0,133,1776158493.366109,reply,120.0,64.0,,,,,,,
0,1.0,134,1776158494.354117,reply,120.0,64.0,,,,,,,
0,1.0,135,1776158495.341998,reply,121.0,64.0,,,,,,,
0,1.0,136,1776158497.273563,reply,120.0,64.0,,,,,,,
0,1.0,137,1776158499.205057,reply,120.0,64.0,,,,,,,
0,1.0,140,1776158502.235325,reply,120.0,64.0,,,,,,,
0,1.0,141,1776158503.223386,reply,120.0,64.0,,,,,,,
0,1.0,142,1776158504.210655,reply,120.0,64.0,,,,,,,
0,1.0,144,1776158506.203305,reply,120.0,64.0,,,,,,,
0,1.0,146,1776158508.219472,reply,120.0,64.0,,,,,,,
0,1.0,147,1776158509.206177,reply,120.0,64.0,,,,,,,
0,1.0,148,1776158510.194295,reply,120.0,64.0,,,,,,,
0,1.0,149,1776158511.181166,reply,120.0,64.0,,,,,,,
0,1.0,150,1776158512.169691,reply,120.0,64.0,,,,,,,
0,1.0,152,1776158514.171491,reply,120.0,64.0,,,,,,,
0,1.0,155,1776158519.067554,reply,120.0,64.0,,,,,,,
0,1.0,156,1776158520.055021,reply,120.0,64.0,,,,,,,
0,1.0,158,1776158525.620668,reply,120.0,64.0,,,,,,,
0,1.0,159,1776158526.608269,reply,120.0,64.0,,,,,,,
0,1.0,160,1776158527.595663,reply,120.0,64.0,,,,,,,
0,1.0,161,1776158528.583553,reply,120.0,64.0,,,,,,,
0,1.0,163,1776158530.580637,reply,120.0,64.0,,,,,,,
0,1.0,164,1776158531.567449,reply,120.0,64.0,,,,,,,
0,1.0,165,1776158532.555561,reply,120.0,64.0,,,,,,,
0,1.0,166,1776158533.54268,reply,120.0,64.0,,,,,,,
0,1.0,167,1776158534.530693,reply,120.0,64.0,,,,,,,
0,1.0,168,1776158535.518778,reply,120.0,64.0,,,,,,,
0,1.0,169,1776158536.506894,reply,121.0,64.0,,,,,,,
0,1.0,170,1776158537.494218,reply,121.0,64.0,,,,,,,
0,1.0,171,1776158538.481597,reply,120.0,64.0,,,,,,,
0,1.0,172,1776158539.469685,reply,120.0,64.0,,,,,,,
0,1.0,173,1776158540.456608,reply,120.0,64.0,,,,,,,
0,1.0,174,1776158541.443546,reply,120.0,64.0,,,,,,,
0,1.0,175,1776158542.431512,reply,121.0,64.0,,,,,,,
0,1.0,176,1776158543.419434,reply,121.0,64.0,,,,,,,
0,1.0,177,1776158544.406738,reply,120.0,64.0,,,,,,,
0,1.0,178,1776158545.395111,reply,120.0,64.0,,,,,,,
0,1.0,179,1776158546.382922,reply,120.0,64.0,,,,,,,
0,1.0,180,1776158547.370562,reply,121.0,64.0,,,,,,,
0,1.0,181,1776158548.358278,reply,121.0,64.0,,,,,,,
0,1.0,182,1776158549.346021,reply,121.0,64.0,,,,,,,
0,1.0,183,1776158550.333483,reply,120.0,64.0,,,,,,,
0,1.0,184,1776158551.320998,reply,121.0,64.0,,,,,,,
0,1.0,185,1776158552.307658,reply,120.0,64.0,,,,,,,
0,1.0,186,1776158553.294499,reply,120.0,64.0,,,,,,,
0,1.0,187,1776158554.281757,reply,120.0,64.0,,,,,,,
0,1.0,188,1776158555.268808,reply,120.0,64.0,,,,,,,
0,1.0,189,1776158556.256052,reply,121.0,64.0,,,,,,,
0,1.0,190,1776158560.828268,reply,121.0,64.0,,,,,,,
0,1.0,191,1776158561.815697,reply,120.0,64.0,,,,,,,
0,1.0,192,1776158562.802485,reply,120.0,64.0,,,,,,,
0,1.0,193,1776158563.78971,reply,120.0,64.0,,,,,,,
0,1.0,194,1776158564.776722,reply,121.0,64.0,,,,,,,
0,1.0,195,1776158565.763833,reply,121.0,64.0,,,,,,,
0,1.0,196,1776158566.750836,reply,120.0,64.0,,,,,,,
0,1.0,197,1776158567.737941,reply,120.0,64.0,,,,,,,
0,1.0,198,1776158568.725607,reply,120.0,64.0,,,,,,,
0,1.0,199,1776158569.71408,reply,120.0,64.0,,,,,,,
0,1.0,200,1776158570.702859,reply,121.0,64.0,,,,,,,
0,1.0,201,1776158571.690039,reply,120.0,64.0,,,,,,,
0,1.0,202,1776158572.677772,reply,121.0,64.0,,,,,,,
0,1.0,203,1776158573.66519,reply,120.0,64.0,,,,,,,
0,1.0,204,1776158574.6515,reply,120.0,64.0,,,,,,,
0,1.0,205,1776158575.638165,reply,120.0,64.0,,,,,,,
0,1.0,206,1776158576.626007,reply,120.0,64.0,,,,,,,
0,1.0,207,1776158577.612898,reply,120.0,64.0,,,,,,,
0,1.0,208,1776158578.600552,reply,120.0,64.0,,,,,,,
0,1.0,209,1776158579.588768,reply,120.0,64.0,,,,,,,
0,1.0,210,1776158580.575918,reply,120.0,64.0,,,,,,,
0,1.0,211,1776158581.563084,reply,120.0,64.0,,,,,,,
0,1.0,212,1776158582.550371,reply,120.0,64.0,,,,,,,
0,1.0,213,1776158583.537592,reply,120.0,64.0,,,,,,,
0,1.0,214,1776158584.5253,reply,120.0,64.0,,,,,,,
0,1.0,215,1776158585.512299,reply,120.0,64.0,,,,,,,
0,1.0,216,1776158586.499864,reply,120.0,64.0,,,,,,,
0,1.0,217,1776158587.488377,reply,120.0,64.0,,,,,,,
0,1.0,218,1776158588.476608,reply,120.0,64.0,,,,,,,
0,1.0,219,1776158589.464906,reply,120.0,64.0,,,,,,,
0,1.0,220,1776158590.453411,reply,121.0,64.0,,,,,,,
0,1.0,221,1776158591.441198,reply,121.0,64.0,,,,,,,
0,1.0,223,1776158597.970982,reply,121.0,64.0,,,,,,,
0,1.0,224,1776158598.957362,reply,120.0,64.0,,,,,,,
0,1.0,225,1776158599.944965,reply,121.0,64.0,,,,,,,
0,1.0,226,1776158600.931602,reply,120.0,64.0,,,,,,,
0,1.0,227,1776158601.918833,reply,120.0,64.0,,,,,,,
0,1.0,228,1776158602.907097,reply,121.0,64.0,,,,,,,
0,1.0,229,1776158603.894507,reply,120.0,64.0,,,,,,,
0,1.0,230,1776158604.882279,reply,121.0,64.0,,,,,,,
0,1.0,231,1776158605.869966,reply,120.0,64.0,,,,,,,
0,1.0,232,1776158606.857833,reply,121.0,64.0,,,,,,,
0,1.0,233,1776158607.845253,reply,120.0,64.0,,,,,,,
0,1.0,234,1776158608.831851,reply,120.0,64.0,,,,,,,
0,1.0,235,1776158609.818509,reply,120.0,64.0,,,,,,,
0,1.0,236,1776158610.806539,reply,120.0,64.0,,,,,,,
0,1.0,237,1776158611.794046,reply,120.0,64.0,,,,,,,
0,1.0,238,1776158612.781642,reply,120.0,64.0,,,,,,,
0,1.0,239,1776158613.768871,reply,120.0,64.0,,,,,,,
0,1.0,240,1776158614.756994,reply,120.0,64.0,,,,,,,
0,1.0,241,1776158615.74513,reply,120.0,64.0,,,,,,,
0,1.0,242,1776158616.7331,reply,120.0,64.0,,,,,,,
0,1.0,243,1776158617.719768,reply,120.0,64.0,,,,,,,
0,1.0,244,1776158618.706865,reply,120.0,64.0,,,,,,,
0,1.0,245,1776158619.693379,reply,120.0,64.0,,,,,,,
0,1.0,246,1776158620.681143,reply,120.0,64.0,,,,,,,
0,1.0,247,1776158621.668995,reply,120.0,64.0,,,,,,,
0,1.0,249,1776158623.68267,reply,120.0,64.0,,,,,,,
0,1.0,250,1776158624.670859,reply,121.0,64.0,,,,,,,
0,1.0,251,1776158625.659243,reply,121.0,64.0,,,,,,,
0,1.0,252,1776158626.646872,reply,121.0,64.0,,,,,,,
0,1.0,253,1776158627.633653,reply,120.0,64.0,,,,,,,
0,1.0,254,1776158632.209263,reply,120.0,64.0,,,,,,,
0,1.0,255,1776158633.194824,reply,120.0,64.0,,,,,,,
0,1.0,256,1776158634.183305,reply,120.0,64.0,,,,,,,
0,1.0,257,1776158635.170553,reply,120.0,64.0,,,,,,,
0,1.0,258,1776158636.158483,reply,120.0,64.0,,,,,,,
0,1.0,259,1776158637.14581,reply,121.0,64.0,,,,,,,
0,1.0,260,1776158638.133143,reply,120.0,64.0,,,,,,,
0,1.0,261,1776158639.121096,reply,121.0,64.0,,,,,,,
0,1.0,262,1776158640.108788,reply,121.0,64.0,,,,,,,
0,1.0,263,1776158641.095914,reply,120.0,64.0,,,,,,,
0,1.0,264,1776158642.083295,reply,120.0,64.0,,,,,,,
0,1.0,265,1776158643.069681,reply,120.0,64.0,,,,,,,
0,1.0,266,1776158644.056992,reply,120.0,64.0,,,,,,,
0,1.0,267,1776158645.044848,reply,121.0,64.0,,,,,,,
0,1.0,268,1776158646.032583,reply,120.0,64.0,,,,,,,
0,1.0,269,1776158647.020434,reply,120.0,64.0,,,,,,,
0,1.0,270,1776158648.008676,reply,120.0,64.0,,,,,,,
0,1.0,271,1776158648.996844,reply,120.0,64.0,,,,,,,
0,1.0,272,1776158649.984756,reply,120.0,64.0,,,,,,,
0,1.0,273,1776158650.972723,reply,120.0,64.0,,,,,,,
0,1.0,274,1776158651.960199,reply,120.0,64.0,,,,,,,
0,1.0,275,1776158652.946846,reply,120.0,64.0,,,,,,,
0,1.0,276,1776158653.933554,reply,120.0,64.0,,,,,,,
0,1.0,277,1776158654.920993,reply,120.0,64.0,,,,,,,
0,1.0,278,1776158655.909085,reply,120.0,64.0,,,,,,,
0,1.0,279,1776158656.896963,reply,120.0,64.0,,,,,,,
0,1.0,280,1776158657.884462,reply,120.0,64.0,,,,,,,
0,1.0,281,1776158658.872937,reply,120.0,64.0,,,,,,,
0,1.0,282,1776158659.860177,reply,120.0,64.0,,,,,,,
0,1.0,283,1776158660.848411,reply,120.0,64.0,,,,,,,
0,1.0,284,1776158661.835979,reply,120.0,64.0,,,,,,,
0,1.0,285,1776158662.822541,reply,120.0,64.0,,,,,,,
0,1.0,286,1776158663.808959,reply,120.0,64.0,,,,,,,
0,1.0,287,1776158668.372984,reply,121.0,64.0,,,,,,,
0,1.0,288,1776158669.360594,reply,120.0,64.0,,,,,,,
0,1.0,289,1776158670.348103,reply,120.0,64.0,,,,,,,
0,1.0,290,1776158671.335004,reply,120.0,64.0,,,,,,,
0,1.0,291,1776158672.323113,reply,121.0,64.0,,,,,,,
0,1.0,292,1776158673.310962,reply,120.0,64.0,,,,,,,
0,1.0,293,1776158674.298833,reply,120.0,64.0,,,,,,,
0,1.0,294,1776158675.286977,reply,120.0,64.0,,,,,,,
0,1.0,295,1776158676.275508,reply,121.0,64.0,,,,,,,
0,1.0,296,1776158677.262056,reply,120.0,64.0,,,,,,,
0,1.0,297,1776158678.249655,reply,120.0,64.0,,,,,,,
0,1.0,298,1776158679.237882,reply,120.0,64.0,,,,,,,
0,1.0,299,1776158680.226898,reply,121.0,64.0,,,,,,,
0,1.0,300,1776158681.214179,reply,120.0,64.0,,,,,,,
0,1.0,301,1776158682.202,reply,120.0,64.0,,,,,,,
0,1.0,302,1776158683.189153,reply,120.0,64.0,,,,,,,
0,1.0,303,1776158684.177327,reply,121.0,64.0,,,,,,,
0,1.0,304,1776158685.164661,reply,121.0,64.0,,,,,,,
0,1.0,305,1776158686.152109,reply,120.0,64.0,,,,,,,
0,1.0,306,1776158688.08296,reply,120.0,64.0,,,,,,,
0,1.0,307,1776158689.071123,reply,120.0,64.0,,,,,,,
0,1.0,308,1776158690.058604,reply,120.0,64.0,,,,,,,
0,1.0,309,1776158691.046464,reply,120.0,64.0,,,,,,,
0,1.0,310,1776158692.034306,reply,120.0,64.0,,,,,,,
0,1.0,311,1776158693.021856,reply,121.0,64.0,,,,,,,
0,1.0,312,1776158694.009461,reply,121.0,64.0,,,,,,,
0,1.0,313,1776158694.996854,reply,120.0,64.0,,,,,,,
0,1.0,314,1776158695.984132,reply,120.0,64.0,,,,,,,
0,1.0,315,1776158696.971924,reply,120.0,64.0,,,,,,,
0,1.0,316,1776158697.958272,reply,120.0,64.0,,,,,,,
0,1.0,317,1776158698.945523,reply,120.0,64.0,,,,,,,
0,1.0,318,1776158703.517182,reply,3704.0,64.0,,,,,,,
0,1.0,319,1776158704.505769,reply,121.0,64.0,,,,,,,
0,1.0,320,1776158705.493807,reply,120.0,64.0,,,,,,,
0,1.0,321,1776158706.481415,reply,120.0,64.0,,,,,,,
0,1.0,322,1776158707.46906,reply,120.0,64.0,,,,,,,
0,1.0,323,1776158708.457307,reply,120.0,64.0,,,,,,,
0,1.0,324,1776158709.445203,reply,120.0,64.0,,,,,,,
0,1.0,325,1776158710.433192,reply,121.0,64.0,,,,,,,
0,1.0,326,1776158711.41985,reply,120.0,64.0,,,,,,,
0,1.0,327,1776158712.407733,reply,120.0,64.0,,,,,,,
0,1.0,328,1776158713.396511,reply,121.0,64.0,,,,,,,
0,1.0,329,1776158714.383468,reply,120.0,64.0,,,,,,,
0,1.0,330,1776158715.371811,reply,120.0,64.0,,,,,,,
0,1.0,331,1776158716.358875,reply,120.0,64.0,,,,,,,
0,1.0,332,1776158717.347498,reply,121.0,64.0,,,,,,,
0,1.0,333,1776158718.335072,reply,120.0,64.0,,,,,,,
0,1.0,334,1776158719.322808,reply,121.0,64.0,,,,,,,
0,1.0,335,1776158720.311128,reply,120.0,64.0,,,,,,,
0,1.0,336,1776158721.298023,reply,121.0,64.0,,,,,,,
0,1.0,337,1776158722.284658,reply,120.0,64.0,,,,,,,
0,1.0,338,1776158723.271429,reply,120.0,64.0,,,,,,,
0,1.0,339,1776158724.259562,reply,121.0,64.0,,,,,,,
0,1.0,340,1776158725.247058,reply,121.0,64.0,,,,,,,
0,1.0,341,1776158726.234309,reply,121.0,64.0,,,,,,,
0,1.0,342,1776158727.221518,reply,120.0,64.0,,,,,,,
0,1.0,343,1776158728.209185,reply,120.0,64.0,,,,,,,
0,1.0,344,1776158729.19795,reply,121.0,64.0,,,,,,,
0,1.0,345,1776158730.184897,reply,120.0,64.0,,,,,,,
0,1.0,346,1776158731.173101,reply,120.0,64.0,,,,,,,
0,1.0,347,1776158732.160136,reply,121.0,64.0,,,,,,,
0,1.0,348,1776158733.147119,reply,120.0,64.0,,,,,,,
0,1.0,349,1776158734.134304,reply,120.0,64.0,,,,,,,
0,1.0,350,1776158735.121403,reply,120.0,64.0,,,,,,,
0,1.0,351,1776158739.694983,reply,120.0,64.0,,,,,,,
0,1.0,352,1776158740.683402,reply,121.0,64.0,,,,,,,
0,1.0,353,1776158741.670299,reply,120.0,64.0,,,,,,,
0,1.0,354,1776158742.658585,reply,120.0,64.0,,,,,,,
0,1.0,355,1776158743.646935,reply,120.0,64.0,,,,,,,
0,1.0,356,1776158744.635004,reply,120.0,64.0,,,,,,,
0,1.0,357,1776158745.621503,reply,120.0,64.0,,,,,,,
0,1.0,358,1776158746.609117,reply,121.0,64.0,,,,,,,
0,1.0,359,1776158747.59742,reply,121.0,64.0,,,,,,,
0,1.0,360,1776158748.585095,reply,121.0,64.0,,,,,,,
0,1.0,361,1776158749.572172,reply,120.0,64.0,,,,,,,
0,1.0,362,1776158750.559697,reply,120.0,64.0,,,,,,,
0,1.0,363,1776158751.546987,reply,120.0,64.0,,,,,,,
0,1.0,364,1776158752.534772,reply,121.0,64.0,,,,,,,
0,1.0,365,1776158753.521865,reply,120.0,64.0,,,,,,,
0,1.0,366,1776158754.509448,reply,120.0,64.0,,,,,,,
0,1.0,367,1776158755.496675,reply,120.0,64.0,,,,,,,
0,1.0,368,1776158756.484166,reply,120.0,64.0,,,,,,,
0,1.0,369,1776158757.47206,reply,120.0,64.0,,,,,,,
0,1.0,370,1776158758.459497,reply,120.0,64.0,,,,,,,
0,1.0,371,1776158759.447192,reply,120.0,64.0,,,,,,,
0,1.0,372,1776158760.434538,reply,121.0,64.0,,,,,,,
0,1.0,373,1776158761.421973,reply,121.0,64.0,,,,,,,
0,1.0,374,1776158762.409283,reply,120.0,64.0,,,,,,,
0,1.0,375,1776158763.396566,reply,120.0,64.0,,,,,,,
0,1.0,376,1776158764.383784,reply,120.0,64.0,,,,,,,
0,1.0,377,1776158765.370795,reply,120.0,64.0,,,,,,,
0,1.0,378,1776158766.358094,reply,121.0,64.0,,,,,,,
0,1.0,379,1776158767.345655,reply,121.0,64.0,,,,,,,
0,1.0,380,1776158768.333812,reply,121.0,64.0,,,,,,,
0,1.0,381,1776158769.321272,reply,120.0,64.0,,,,,,,
0,1.0,382,1776158770.308369,reply,120.0,64.0,,,,,,,
0,1.0,383,1776158771.295282,reply,121.0,64.0,,,,,,,
0,1.0,384,1776158775.856729,reply,120.0,64.0,,,,,,,
0,1.0,385,1776158776.844002,reply,120.0,64.0,,,,,,,
0,1.0,386,1776158777.831239,reply,120.0,64.0,,,,,,,
0,1.0,387,1776158778.81886,reply,121.0,64.0,,,,,,,
0,1.0,388,1776158779.80518,reply,120.0,64.0,,,,,,,
0,1.0,389,1776158780.792609,reply,120.0,64.0,,,,,,,
0,1.0,390,1776158781.780999,reply,120.0,64.0,,,,,,,
0,1.0,391,1776158782.767702,reply,120.0,64.0,,,,,,,
0,1.0,392,1776158783.754508,reply,120.0,64.0,,,,,,,
0,1.0,393,1776158784.741443,reply,120.0,64.0,,,,,,,
0,1.0,394,1776158785.728899,reply,120.0,64.0,,,,,,,
0,1.0,395,1776158786.716482,reply,120.0,64.0,,,,,,,
0,1.0,396,1776158787.704541,reply,120.0,64.0,,,,,,,
0,1.0,397,1776158788.692566,reply,120.0,64.0,,,,,,,
0,1.0,398,1776158789.679633,reply,120.0,64.0,,,,,,,
0,1.0,399,1776158790.667516,reply,120.0,64.0,,,,,,,
0,1.0,400,1776158791.655508,reply,120.0,64.0,,,,,,,
0,1.0,401,1776158792.643258,reply,120.0,64.0,,,,,,,
0,1.0,402,1776158793.631614,reply,121.0,64.0,,,,,,,
0,1.0,403,1776158794.619599,reply,120.0,64.0,,,,,,,
0,1.0,404,1776158795.607258,reply,120.0,64.0,,,,,,,
0,1.0,405,1776158796.595683,reply,121.0,64.0,,,,,,,
0,1.0,406,1776158797.583014,reply,120.0,64.0,,,,,,,
0,1.0,407,1776158798.570707,reply,120.0,64.0,,,,,,,
0,1.0,408,1776158799.557669,reply,121.0,64.0,,,,,,,
0,1.0,409,1776158800.543439,reply,121.0,64.0,,,,,,,
0,1.0,410,1776158801.530291,reply,120.0,64.0,,,,,,,
0,1.0,411,1776158802.517319,reply,120.0,64.0,,,,,,,
0,1.0,412,1776158803.505507,reply,120.0,64.0,,,,,,,
0,1.0,413,1776158804.493144,reply,121.0,64.0,,,,,,,
0,1.0,414,1776158805.480664,reply,121.0,64.0,,,,,,,
0,1.0,415,1776158806.469023,reply,120.0,64.0,,,,,,,
0,1.0,416,1776158811.04575,reply,3710.0,64.0,,,,,,,
0,1.0,417,1776158812.033863,reply,120.0,64.0,,,,,,,
0,1.0,418,1776158813.021387,reply,121.0,64.0,,,,,,,
0,1.0,419,1776158814.008613,reply,120.0,64.0,,,,,,,
0,1.0,420,1776158814.996458,reply,121.0,64.0,,,,,,,
0,1.0,421,1776158815.984485,reply,121.0,64.0,,,,,,,
0,1.0,422,1776158816.972167,reply,121.0,64.0,,,,,,,
0,1.0,SUMMARY,,summary,,,,,,,,,
0,1.0,1,1776159321.620316,reply,120.0,64.0,,,,,,,
0,1.0,2,1776159322.607995,reply,120.0,64.0,,,,,,,
0,1.0,3,1776159323.596201,reply,121.0,64.0,,,,,,,
0,1.0,4,1776159324.583321,reply,120.0,64.0,,,,,,,
0,1.0,5,1776159325.571355,reply,121.0,64.0,,,,,,,
0,1.0,6,1776159326.557654,reply,120.0,64.0,,,,,,,
0,1.0,7,1776159327.544528,reply,120.0,64.0,,,,,,,
0,1.0,8,1776159328.531485,reply,120.0,64.0,,,,,,,
0,1.0,10,1776159330.523876,reply,120.0,64.0,,,,,,,
0,1.0,11,1776159331.51181,reply,120.0,64.0,,,,,,,
0,1.0,12,1776159332.499234,reply,120.0,64.0,,,,,,,
0,1.0,13,1776159333.48728,reply,120.0,64.0,,,,,,,
0,1.0,14,1776159334.474764,reply,120.0,64.0,,,,,,,
0,1.0,15,1776159335.462251,reply,120.0,64.0,,,,,,,
0,1.0,16,1776159336.448267,reply,120.0,64.0,,,,,,,
0,1.0,17,1776159337.435639,reply,120.0,64.0,,,,,,,
0,1.0,19,1776159339.451642,reply,120.0,64.0,,,,,,,
0,1.0,20,1776159340.439666,reply,120.0,64.0,,,,,,,
0,1.0,22,1776159342.459855,reply,120.0,64.0,,,,,,,
0,1.0,23,1776159347.036283,reply,120.0,64.0,,,,,,,
0,1.0,24,1776159348.024355,reply,120.0,64.0,,,,,,,
0,1.0,25,1776159349.012714,reply,120.0,64.0,,,,,,,
0,1.0,27,1776159351.009212,reply,120.0,64.0,,,,,,,
0,1.0,28,1776159351.996875,reply,120.0,64.0,,,,,,,
0,1.0,29,1776159352.984868,reply,120.0,64.0,,,,,,,
0,1.0,30,1776159353.972078,reply,120.0,64.0,,,,,,,
0,1.0,31,1776159354.959377,reply,120.0,64.0,,,,,,,
0,1.0,32,1776159355.947294,reply,120.0,64.0,,,,,,,
0,1.0,33,1776159356.934955,reply,120.0,64.0,,,,,,,
0,1.0,34,1776159357.922984,reply,120.0,64.0,,,,,,,
0,1.0,35,1776159358.910544,reply,120.0,64.0,,,,,,,
0,1.0,36,1776159359.896942,reply,120.0,64.0,,,,,,,
0,1.0,37,1776159360.884169,reply,120.0,64.0,,,,,,,
0,1.0,38,1776159361.87219,reply,120.0,64.0,,,,,,,
0,1.0,39,1776159362.860193,reply,120.0,64.0,,,,,,,
0,1.0,41,1776159364.865054,reply,120.0,64.0,,,,,,,
0,1.0,42,1776159365.852554,reply,120.0,64.0,,,,,,,
0,1.0,43,1776159366.839807,reply,120.0,64.0,,,,,,,
0,1.0,46,1776159369.857109,reply,120.0,64.0,,,,,,,
0,1.0,47,1776159370.848604,reply,124.0,64.0,,,,,,,
0,1.0,48,1776159372.776677,reply,120.0,64.0,,,,,,,
0,1.0,49,1776159374.708963,reply,120.0,64.0,,,,,,,
0,1.0,50,1776159375.696312,reply,120.0,64.0,,,,,,,
0,1.0,51,1776159376.684862,reply,120.0,64.0,,,,,,,
0,1.0,52,1776159377.674908,reply,123.0,64.0,,,,,,,
0,1.0,53,1776159378.660132,reply,120.0,64.0,,,,,,,
0,1.0,54,1776159383.227215,reply,120.0,64.0,,,,,,,
0,1.0,55,1776159384.213635,reply,120.0,64.0,,,,,,,
0,1.0,56,1776159385.200565,reply,120.0,64.0,,,,,,,
0,1.0,57,1776159386.187693,reply,120.0,64.0,,,,,,,
0,1.0,58,1776159387.175676,reply,120.0,64.0,,,,,,,
0,1.0,59,1776159388.162755,reply,120.0,64.0,,,,,,,
0,1.0,61,1776159390.173868,reply,120.0,64.0,,,,,,,
0,1.0,62,1776159391.161886,reply,120.0,64.0,,,,,,,
0,1.0,63,1776159392.148903,reply,120.0,64.0,,,,,,,
0,1.0,64,1776159393.135295,reply,120.0,64.0,,,,,,,
0,1.0,67,1776159398.031415,reply,120.0,64.0,,,,,,,
0,1.0,68,1776159399.019815,reply,120.0,64.0,,,,,,,
0,1.0,70,1776159401.96868,reply,122.0,64.0,,,,,,,
0,1.0,71,1776159402.953917,reply,120.0,64.0,,,,,,,
0,1.0,72,1776159403.940201,reply,120.0,64.0,,,,,,,
0,1.0,74,1776159405.949784,reply,120.0,64.0,,,,,,,
0,1.0,75,1776159406.938014,reply,120.0,64.0,,,,,,,
0,1.0,76,1776159407.9261,reply,120.0,64.0,,,,,,,
0,1.0,78,1776159409.917781,reply,120.0,64.0,,,,,,,
0,1.0,79,1776159410.905853,reply,120.0,64.0,,,,,,,
0,1.0,80,1776159411.89403,reply,120.0,64.0,,,,,,,
0,1.0,81,1776159412.88235,reply,120.0,64.0,,,,,,,
0,1.0,82,1776159413.868862,reply,120.0,64.0,,,,,,,
0,1.0,83,1776159414.855491,reply,120.0,64.0,,,,,,,
0,1.0,84,1776159419.424204,reply,120.0,64.0,,,,,,,
0,1.0,86,1776159421.434181,reply,120.0,64.0,,,,,,,
0,1.0,87,1776159423.367012,reply,120.0,64.0,,,,,,,
0,1.0,88,1776159424.354253,reply,120.0,64.0,,,,,,,
0,1.0,89,1776159425.342248,reply,120.0,64.0,,,,,,,
0,1.0,90,1776159426.330222,reply,120.0,64.0,,,,,,,
0,1.0,91,1776159427.317202,reply,120.0,64.0,,,,,,,
0,1.0,92,1776159428.30942,reply,124.0,64.0,,,,,,,
0,1.0,93,1776159429.292983,reply,120.0,64.0,,,,,,,
0,1.0,94,1776159430.279775,reply,120.0,64.0,,,,,,,
0,1.0,95,1776159431.267804,reply,120.0,64.0,,,,,,,
0,1.0,96,1776159432.255266,reply,120.0,64.0,,,,,,,
0,1.0,97,1776159433.243159,reply,120.0,64.0,,,,,,,
0,1.0,98,1776159434.231268,reply,120.0,64.0,,,,,,,
0,1.0,99,1776159435.220643,reply,121.0,64.0,,,,,,,
0,1.0,100,1776159437.150031,reply,120.0,64.0,,,,,,,
0,1.0,101,1776159438.136749,reply,120.0,64.0,,,,,,,
0,1.0,103,1776159442.02762,reply,120.0,64.0,,,,,,,
0,1.0,104,1776159443.961308,reply,120.0,64.0,,,,,,,
0,1.0,105,1776159444.949483,reply,120.0,64.0,,,,,,,
0,1.0,106,1776159445.937301,reply,120.0,64.0,,,,,,,
0,1.0,107,1776159447.869333,reply,120.0,64.0,,,,,,,
0,1.0,108,1776159449.801635,reply,120.0,64.0,,,,,,,
0,1.0,110,1776159455.382478,reply,120.0,64.0,,,,,,,
0,1.0,111,1776159456.370619,reply,120.0,64.0,,,,,,,
0,1.0,112,1776159457.358774,reply,120.0,64.0,,,,,,,
0,1.0,113,1776159459.290675,reply,120.0,64.0,,,,,,,
0,1.0,114,1776159461.223649,reply,120.0,64.0,,,,,,,
0,1.0,115,1776159462.211552,reply,120.0,64.0,,,,,,,
0,1.0,116,1776159463.201307,reply,122.0,64.0,,,,,,,
0,1.0,117,1776159466.074718,reply,120.0,64.0,,,,,,,
0,1.0,118,1776159467.063256,reply,121.0,64.0,,,,,,,
0,1.0,119,1776159468.050097,reply,120.0,64.0,,,,,,,
0,1.0,120,1776159469.03814,reply,120.0,64.0,,,,,,,
0,1.0,121,1776159470.026125,reply,120.0,64.0,,,,,,,
0,1.0,122,1776159471.957298,reply,120.0,64.0,,,,,,,
0,1.0,124,1776159473.974814,reply,120.0,64.0,,,,,,,
0,1.0,125,1776159474.965994,reply,124.0,64.0,,,,,,,
0,1.0,126,1776159476.893748,reply,120.0,64.0,,,,,,,
0,1.0,127,1776159477.881675,reply,120.0,64.0,,,,,,,
0,1.0,128,1776159479.814258,reply,120.0,64.0,,,,,,,
0,1.0,129,1776159480.802518,reply,120.0,64.0,,,,,,,
0,1.0,130,1776159481.790664,reply,120.0,64.0,,,,,,,
0,1.0,132,1776159483.798472,reply,120.0,64.0,,,,,,,
0,1.0,133,1776159484.79015,reply,124.0,64.0,,,,,,,
0,1.0,134,1776159485.773194,reply,120.0,64.0,,,,,,,
0,1.0,135,1776159490.345836,reply,120.0,64.0,,,,,,,
0,1.0,136,1776159491.334211,reply,120.0,64.0,,,,,,,
0,1.0,138,1776159495.240594,reply,120.0,64.0,,,,,,,
0,1.0,139,1776159498.116386,reply,120.0,64.0,,,,,,,
0,1.0,140,1776159500.992571,reply,120.0,64.0,,,,,,,
0,1.0,141,1776159501.979571,reply,120.0,64.0,,,,,,,
0,1.0,143,1776159503.992492,reply,120.0,64.0,,,,,,,
0,1.0,144,1776159504.980005,reply,120.0,64.0,,,,,,,
0,1.0,145,1776159505.966868,reply,120.0,64.0,,,,,,,
0,1.0,146,1776159506.954187,reply,120.0,64.0,,,,,,,
0,1.0,147,1776159507.942226,reply,120.0,64.0,,,,,,,
0,1.0,148,1776159508.932037,reply,122.0,64.0,,,,,,,
0,1.0,149,1776159510.862973,reply,120.0,64.0,,,,,,,
0,1.0,150,1776159511.850006,reply,120.0,64.0,,,,,,,
0,1.0,151,1776159512.836882,reply,120.0,64.0,,,,,,,
0,1.0,152,1776159513.824693,reply,120.0,64.0,,,,,,,
0,1.0,153,1776159514.812088,reply,120.0,64.0,,,,,,,
0,1.0,154,1776159515.799695,reply,120.0,64.0,,,,,,,
0,1.0,155,1776159516.78704,reply,120.0,64.0,,,,,,,
0,1.0,156,1776159517.776333,reply,122.0,64.0,,,,,,,
0,1.0,158,1776159519.768534,reply,120.0,64.0,,,,,,,
0,1.0,159,1776159521.700008,reply,120.0,64.0,,,,,,,
0,1.0,160,1776159526.276385,reply,125.0,64.0,,,,,,,
0,1.0,161,1776159527.258575,reply,120.0,64.0,,,,,,,
0,1.0,162,1776159528.246055,reply,120.0,64.0,,,,,,,
0,1.0,163,1776159529.235891,reply,123.0,64.0,,,,,,,
0,1.0,164,1776159530.221468,reply,120.0,64.0,,,,,,,
0,1.0,165,1776159531.208891,reply,120.0,64.0,,,,,,,
0,1.0,166,1776159533.139683,reply,120.0,64.0,,,,,,,
0,1.0,167,1776159534.127758,reply,120.0,64.0,,,,,,,
0,1.0,168,1776159535.115494,reply,120.0,64.0,,,,,,,
0,1.0,169,1776159536.103719,reply,121.0,64.0,,,,,,,
0,1.0,170,1776159537.089815,reply,120.0,64.0,,,,,,,
0,1.0,171,1776159538.077163,reply,120.0,64.0,,,,,,,
0,1.0,172,1776159539.065206,reply,120.0,64.0,,,,,,,
0,1.0,173,1776159540.052262,reply,120.0,64.0,,,,,,,
0,1.0,174,1776159541.040109,reply,120.0,64.0,,,,,,,
0,1.0,175,1776159542.028383,reply,120.0,64.0,,,,,,,
0,1.0,176,1776159543.01628,reply,120.0,64.0,,,,,,,
0,1.0,177,1776159544.003505,reply,120.0,64.0,,,,,,,
0,1.0,178,1776159544.991678,reply,121.0,64.0,,,,,,,
0,1.0,179,1776159545.979405,reply,120.0,64.0,,,,,,,
0,1.0,180,1776159546.966968,reply,120.0,64.0,,,,,,,
0,1.0,181,1776159547.953105,reply,120.0,64.0,,,,,,,
0,1.0,182,1776159548.941439,reply,120.0,64.0,,,,,,,
0,1.0,183,1776159549.928404,reply,121.0,64.0,,,,,,,
0,1.0,184,1776159550.91674,reply,120.0,64.0,,,,,,,
0,1.0,185,1776159551.903288,reply,120.0,64.0,,,,,,,
0,1.0,186,1776159552.890532,reply,120.0,64.0,,,,,,,
0,1.0,187,1776159553.877401,reply,120.0,64.0,,,,,,,
0,1.0,188,1776159554.865323,reply,121.0,64.0,,,,,,,
0,1.0,189,1776159555.852298,reply,120.0,64.0,,,,,,,
0,1.0,190,1776159556.839222,reply,120.0,64.0,,,,,,,
0,1.0,191,1776159557.82624,reply,120.0,64.0,,,,,,,
0,1.0,192,1776159562.39793,reply,120.0,64.0,,,,,,,
0,1.0,194,1776159564.408455,reply,120.0,64.0,,,,,,,
0,1.0,195,1776159565.396296,reply,121.0,64.0,,,,,,,
0,1.0,196,1776159566.384106,reply,120.0,64.0,,,,,,,
0,1.0,197,1776159567.372226,reply,121.0,64.0,,,,,,,
0,1.0,198,1776159568.360474,reply,120.0,64.0,,,,,,,
0,1.0,199,1776159569.348662,reply,121.0,64.0,,,,,,,
0,1.0,200,1776159570.334957,reply,120.0,64.0,,,,,,,
0,1.0,201,1776159571.321782,reply,120.0,64.0,,,,,,,
0,1.0,202,1776159572.309684,reply,120.0,64.0,,,,,,,
0,1.0,203,1776159573.297625,reply,120.0,64.0,,,,,,,
0,1.0,204,1776159574.286289,reply,121.0,64.0,,,,,,,
0,1.0,205,1776159575.273814,reply,120.0,64.0,,,,,,,
0,1.0,206,1776159576.260885,reply,120.0,64.0,,,,,,,
0,1.0,207,1776159577.248624,reply,120.0,64.0,,,,,,,
0,1.0,208,1776159578.23663,reply,121.0,64.0,,,,,,,
0,1.0,209,1776159579.223823,reply,121.0,64.0,,,,,,,
0,1.0,210,1776159580.210767,reply,120.0,64.0,,,,,,,
0,1.0,211,1776159581.198004,reply,120.0,64.0,,,,,,,
0,1.0,212,1776159582.185523,reply,121.0,64.0,,,,,,,
0,1.0,213,1776159583.173172,reply,121.0,64.0,,,,,,,
0,1.0,214,1776159584.160796,reply,120.0,64.0,,,,,,,
0,1.0,215,1776159585.149446,reply,121.0,64.0,,,,,,,
0,1.0,216,1776159586.137056,reply,121.0,64.0,,,,,,,
0,1.0,217,1776159587.124332,reply,120.0,64.0,,,,,,,
0,1.0,218,1776159588.111801,reply,120.0,64.0,,,,,,,
0,1.0,219,1776159589.099138,reply,120.0,64.0,,,,,,,
0,1.0,220,1776159590.087307,reply,120.0,64.0,,,,,,,
0,1.0,221,1776159591.073917,reply,121.0,64.0,,,,,,,
0,1.0,222,1776159592.061102,reply,120.0,64.0,,,,,,,
0,1.0,223,1776159593.048871,reply,120.0,64.0,,,,,,,
0,1.0,224,1776159594.036811,reply,120.0,64.0,,,,,,,
0,1.0,225,1776159598.595077,reply,120.0,64.0,,,,,,,
0,1.0,226,1776159599.583388,reply,121.0,64.0,,,,,,,
0,1.0,227,1776159600.571094,reply,121.0,64.0,,,,,,,
0,1.0,228,1776159601.558806,reply,121.0,64.0,,,,,,,
0,1.0,229,1776159602.546334,reply,120.0,64.0,,,,,,,
0,1.0,230,1776159603.534698,reply,121.0,64.0,,,,,,,
0,1.0,231,1776159604.52112,reply,120.0,64.0,,,,,,,
0,1.0,232,1776159606.454494,reply,120.0,64.0,,,,,,,
0,1.0,233,1776159607.442633,reply,120.0,64.0,,,,,,,
0,1.0,234,1776159608.429823,reply,120.0,64.0,,,,,,,
0,1.0,235,1776159609.417854,reply,120.0,64.0,,,,,,,
0,1.0,236,1776159610.405694,reply,120.0,64.0,,,,,,,
0,1.0,237,1776159611.393132,reply,120.0,64.0,,,,,,,
0,1.0,238,1776159612.380827,reply,120.0,64.0,,,,,,,
0,1.0,239,1776159613.368257,reply,120.0,64.0,,,,,,,
0,1.0,240,1776159614.355056,reply,121.0,64.0,,,,,,,
0,1.0,241,1776159615.341182,reply,120.0,64.0,,,,,,,
0,1.0,242,1776159616.329307,reply,120.0,64.0,,,,,,,
0,1.0,243,1776159617.317317,reply,121.0,64.0,,,,,,,
0,1.0,244,1776159618.305332,reply,120.0,64.0,,,,,,,
0,1.0,245,1776159619.293087,reply,120.0,64.0,,,,,,,
0,1.0,246,1776159620.281118,reply,120.0,64.0,,,,,,,
0,1.0,247,1776159621.268501,reply,120.0,64.0,,,,,,,
0,1.0,248,1776159622.256816,reply,120.0,64.0,,,,,,,
0,1.0,249,1776159623.24433,reply,121.0,64.0,,,,,,,
0,1.0,250,1776159624.232069,reply,120.0,64.0,,,,,,,
0,1.0,251,1776159625.218513,reply,120.0,64.0,,,,,,,
0,1.0,252,1776159626.205395,reply,121.0,64.0,,,,,,,
0,1.0,253,1776159627.192872,reply,120.0,64.0,,,,,,,
0,1.0,254,1776159628.180899,reply,120.0,64.0,,,,,,,
0,1.0,255,1776159629.168856,reply,120.0,64.0,,,,,,,
0,1.0,256,1776159633.762732,reply,121.0,64.0,,,,,,,
0,1.0,257,1776159634.750684,reply,120.0,64.0,,,,,,,
0,1.0,258,1776159635.73795,reply,120.0,64.0,,,,,,,
0,1.0,259,1776159636.725315,reply,120.0,64.0,,,,,,,
0,1.0,260,1776159637.712291,reply,120.0,64.0,,,,,,,
0,1.0,261,1776159638.698556,reply,120.0,64.0,,,,,,,
0,1.0,262,1776159639.685986,reply,121.0,64.0,,,,,,,
0,1.0,263,1776159640.673265,reply,120.0,64.0,,,,,,,
0,1.0,264,1776159641.66058,reply,120.0,64.0,,,,,,,
0,1.0,265,1776159642.649281,reply,121.0,64.0,,,,,,,
0,1.0,266,1776159643.636444,reply,120.0,64.0,,,,,,,
0,1.0,267,1776159644.624804,reply,120.0,64.0,,,,,,,
0,1.0,268,1776159645.612782,reply,121.0,64.0,,,,,,,
0,1.0,269,1776159646.600767,reply,121.0,64.0,,,,,,,
0,1.0,270,1776159647.588528,reply,121.0,64.0,,,,,,,
0,1.0,271,1776159648.576135,reply,121.0,64.0,,,,,,,
0,1.0,272,1776159649.56266,reply,120.0,64.0,,,,,,,
0,1.0,273,1776159650.549384,reply,120.0,64.0,,,,,,,
0,1.0,274,1776159651.535588,reply,120.0,64.0,,,,,,,
0,1.0,275,1776159652.523535,reply,120.0,64.0,,,,,,,
0,1.0,276,1776159653.510752,reply,120.0,64.0,,,,,,,
0,1.0,277,1776159654.497981,reply,120.0,64.0,,,,,,,
0,1.0,278,1776159655.485887,reply,121.0,64.0,,,,,,,
0,1.0,279,1776159656.473158,reply,120.0,64.0,,,,,,,
0,1.0,280,1776159657.461534,reply,120.0,64.0,,,,,,,
0,1.0,281,1776159658.449899,reply,120.0,64.0,,,,,,,
0,1.0,282,1776159659.437811,reply,121.0,64.0,,,,,,,
0,1.0,283,1776159660.425214,reply,120.0,64.0,,,,,,,
0,1.0,284,1776159661.412864,reply,120.0,64.0,,,,,,,
0,1.0,285,1776159662.400351,reply,120.0,64.0,,,,,,,
0,1.0,286,1776159663.388516,reply,121.0,64.0,,,,,,,
0,1.0,287,1776159664.376163,reply,120.0,64.0,,,,,,,
0,1.0,288,1776159665.363724,reply,120.0,64.0,,,,,,,
0,1.0,289,1776159669.926987,reply,121.0,64.0,,,,,,,
0,1.0,290,1776159670.914133,reply,120.0,64.0,,,,,,,
0,1.0,291,1776159671.901938,reply,120.0,64.0,,,,,,,
0,1.0,292,1776159672.889548,reply,120.0,64.0,,,,,,,
0,1.0,293,1776159673.875891,reply,120.0,64.0,,,,,,,
0,1.0,294,1776159674.863207,reply,120.0,64.0,,,,,,,
0,1.0,295,1776159675.850906,reply,120.0,64.0,,,,,,,
0,1.0,296,1776159676.838018,reply,120.0,64.0,,,,,,,
0,1.0,297,1776159677.825447,reply,121.0,64.0,,,,,,,
0,1.0,298,1776159678.812625,reply,120.0,64.0,,,,,,,
0,1.0,299,1776159679.800641,reply,120.0,64.0,,,,,,,
0,1.0,300,1776159680.788612,reply,120.0,64.0,,,,,,,
0,1.0,301,1776159681.776298,reply,120.0,64.0,,,,,,,
0,1.0,302,1776159682.764243,reply,120.0,64.0,,,,,,,
0,1.0,303,1776159683.751642,reply,121.0,64.0,,,,,,,
0,1.0,304,1776159684.738265,reply,120.0,64.0,,,,,,,
0,1.0,306,1776159686.743579,reply,120.0,64.0,,,,,,,
0,1.0,307,1776159687.73198,reply,120.0,64.0,,,,,,,
0,1.0,308,1776159688.720058,reply,121.0,64.0,,,,,,,
0,1.0,309,1776159689.707628,reply,120.0,64.0,,,,,,,
0,1.0,310,1776159690.694948,reply,120.0,64.0,,,,,,,
0,1.0,311,1776159691.682392,reply,120.0,64.0,,,,,,,
0,1.0,312,1776159692.669072,reply,120.0,64.0,,,,,,,
0,1.0,313,1776159693.656315,reply,120.0,64.0,,,,,,,
0,1.0,314,1776159694.644472,reply,121.0,64.0,,,,,,,
0,1.0,315,1776159695.631138,reply,120.0,64.0,,,,,,,
0,1.0,316,1776159696.618675,reply,120.0,64.0,,,,,,,
0,1.0,317,1776159697.607041,reply,121.0,64.0,,,,,,,
0,1.0,318,1776159698.594027,reply,121.0,64.0,,,,,,,
0,1.0,319,1776159699.581473,reply,120.0,64.0,,,,,,,
0,1.0,320,1776159700.568863,reply,120.0,64.0,,,,,,,
0,1.0,321,1776159701.556865,reply,120.0,64.0,,,,,,,
0,1.0,322,1776159706.122801,reply,121.0,64.0,,,,,,,
0,1.0,323,1776159707.109299,reply,120.0,64.0,,,,,,,
0,1.0,324,1776159708.096991,reply,120.0,64.0,,,,,,,
0,1.0,325,1776159709.084724,reply,121.0,64.0,,,,,,,
0,1.0,326,1776159710.072045,reply,120.0,64.0,,,,,,,
0,1.0,327,1776159711.059397,reply,120.0,64.0,,,,,,,
0,1.0,328,1776159712.046343,reply,120.0,64.0,,,,,,,
0,1.0,329,1776159713.034795,reply,121.0,64.0,,,,,,,
0,1.0,330,1776159714.021823,reply,120.0,64.0,,,,,,,
0,1.0,331,1776159715.009398,reply,120.0,64.0,,,,,,,
0,1.0,332,1776159715.997546,reply,120.0,64.0,,,,,,,
0,1.0,333,1776159716.984744,reply,120.0,64.0,,,,,,,
0,1.0,334,1776159717.973013,reply,121.0,64.0,,,,,,,
0,1.0,335,1776159718.960741,reply,121.0,64.0,,,,,,,
0,1.0,336,1776159719.948427,reply,120.0,64.0,,,,,,,
0,1.0,337,1776159720.936175,reply,120.0,64.0,,,,,,,
0,1.0,338,1776159721.924263,reply,120.0,64.0,,,,,,,
0,1.0,339,1776159722.912314,reply,120.0,64.0,,,,,,,
0,1.0,340,1776159723.900127,reply,121.0,64.0,,,,,,,
0,1.0,341,1776159724.887827,reply,121.0,64.0,,,,,,,
0,1.0,342,1776159725.875298,reply,120.0,64.0,,,,,,,
0,1.0,343,1776159726.862173,reply,120.0,64.0,,,,,,,
0,1.0,344,1776159727.849334,reply,120.0,64.0,,,,,,,
0,1.0,345,1776159728.837394,reply,120.0,64.0,,,,,,,
0,1.0,346,1776159729.825565,reply,120.0,64.0,,,,,,,
0,1.0,347,1776159730.812838,reply,120.0,64.0,,,,,,,
0,1.0,348,1776159731.800589,reply,120.0,64.0,,,,,,,
0,1.0,349,1776159732.788647,reply,120.0,64.0,,,,,,,
0,1.0,350,1776159733.776376,reply,121.0,64.0,,,,,,,
0,1.0,351,1776159734.7635,reply,120.0,64.0,,,,,,,
0,1.0,352,1776159735.751741,reply,120.0,64.0,,,,,,,
0,1.0,353,1776159736.739884,reply,120.0,64.0,,,,,,,
0,1.0,354,1776159741.311663,reply,120.0,64.0,,,,,,,
0,1.0,355,1776159742.298942,reply,121.0,64.0,,,,,,,
0,1.0,356,1776159743.287026,reply,120.0,64.0,,,,,,,
0,1.0,357,1776159744.274912,reply,120.0,64.0,,,,,,,
0,1.0,358,1776159745.261825,reply,120.0,64.0,,,,,,,
0,1.0,359,1776159746.249256,reply,121.0,64.0,,,,,,,
0,1.0,360,1776159747.236795,reply,120.0,64.0,,,,,,,
0,1.0,361,1776159748.223857,reply,121.0,64.0,,,,,,,
0,1.0,362,1776159749.211166,reply,120.0,64.0,,,,,,,
0,1.0,363,1776159750.198723,reply,121.0,64.0,,,,,,,
0,1.0,364,1776159751.185719,reply,120.0,64.0,,,,,,,
0,1.0,365,1776159752.17253,reply,120.0,64.0,,,,,,,
0,1.0,366,1776159753.15993,reply,120.0,64.0,,,,,,,
0,1.0,367,1776159754.148427,reply,121.0,64.0,,,,,,,
0,1.0,368,1776159755.135672,reply,120.0,64.0,,,,,,,
0,1.0,369,1776159756.123089,reply,120.0,64.0,,,,,,,
0,1.0,370,1776159757.110459,reply,121.0,64.0,,,,,,,
0,1.0,371,1776159758.098027,reply,121.0,64.0,,,,,,,
0,1.0,372,1776159759.085706,reply,120.0,64.0,,,,,,,
0,1.0,373,1776159760.073436,reply,120.0,64.0,,,,,,,
0,1.0,374,1776159761.06056,reply,120.0,64.0,,,,,,,
0,1.0,375,1776159762.047117,reply,121.0,64.0,,,,,,,
0,1.0,376,1776159763.034163,reply,120.0,64.0,,,,,,,
0,1.0,377,1776159764.022216,reply,120.0,64.0,,,,,,,
0,1.0,378,1776159765.010447,reply,120.0,64.0,,,,,,,
0,1.0,379,1776159765.998372,reply,121.0,64.0,,,,,,,
0,1.0,380,1776159766.986015,reply,120.0,64.0,,,,,,,
0,1.0,381,1776159767.973998,reply,120.0,64.0,,,,,,,
0,1.0,382,1776159768.961971,reply,120.0,64.0,,,,,,,
0,1.0,383,1776159769.949271,reply,120.0,64.0,,,,,,,
0,1.0,384,1776159770.93628,reply,120.0,64.0,,,,,,,
0,1.0,385,1776159771.922934,reply,120.0,64.0,,,,,,,
0,1.0,386,1776159772.910303,reply,120.0,64.0,,,,,,,
0,1.0,387,1776159777.475048,reply,121.0,64.0,,,,,,,
0,1.0,388,1776159778.462785,reply,120.0,64.0,,,,,,,
0,1.0,389,1776159779.450815,reply,120.0,64.0,,,,,,,
0,1.0,390,1776159780.43798,reply,120.0,64.0,,,,,,,
0,1.0,391,1776159781.426172,reply,121.0,64.0,,,,,,,
0,1.0,392,1776159782.413237,reply,120.0,64.0,,,,,,,
0,1.0,393,1776159783.400615,reply,121.0,64.0,,,,,,,
0,1.0,394,1776159784.387369,reply,120.0,64.0,,,,,,,
0,1.0,395,1776159785.373547,reply,120.0,64.0,,,,,,,
0,1.0,396,1776159786.36093,reply,120.0,64.0,,,,,,,
0,1.0,397,1776159787.348344,reply,120.0,64.0,,,,,,,
0,1.0,398,1776159788.33578,reply,120.0,64.0,,,,,,,
0,1.0,399,1776159789.323137,reply,120.0,64.0,,,,,,,
0,1.0,400,1776159790.310431,reply,120.0,64.0,,,,,,,
0,1.0,401,1776159791.29791,reply,120.0,64.0,,,,,,,
0,1.0,402,1776159792.285599,reply,120.0,64.0,,,,,,,
0,1.0,403,1776159793.273674,reply,120.0,64.0,,,,,,,
0,1.0,404,1776159794.261398,reply,120.0,64.0,,,,,,,
0,1.0,405,1776159795.248296,reply,120.0,64.0,,,,,,,
0,1.0,406,1776159796.235778,reply,120.0,64.0,,,,,,,
0,1.0,407,1776159797.223822,reply,120.0,64.0,,,,,,,
0,1.0,408,1776159798.211375,reply,120.0,64.0,,,,,,,
0,1.0,409,1776159799.199376,reply,120.0,64.0,,,,,,,
0,1.0,410,1776159800.186922,reply,120.0,64.0,,,,,,,
0,1.0,411,1776159801.174046,reply,120.0,64.0,,,,,,,
0,1.0,412,1776159802.162405,reply,120.0,64.0,,,,,,,
0,1.0,413,1776159803.149787,reply,120.0,64.0,,,,,,,
0,1.0,414,1776159804.137388,reply,120.0,64.0,,,,,,,
0,1.0,415,1776159805.125198,reply,120.0,64.0,,,,,,,
0,1.0,416,1776159806.11181,reply,120.0,64.0,,,,,,,
0,1.0,417,1776159807.099575,reply,120.0,64.0,,,,,,,
0,1.0,418,1776159808.087328,reply,120.0,64.0,,,,,,,
0,1.0,419,1776159812.670594,reply,3716.0,64.0,,,,,,,
0,1.0,420,1776159813.657701,reply,120.0,64.0,,,,,,,
0,1.0,421,1776159814.644615,reply,120.0,64.0,,,,,,,
0,1.0,422,1776159815.63198,reply,121.0,64.0,,,,,,,
0,1.0,423,1776159816.61964,reply,120.0,64.0,,,,,,,
0,1.0,424,1776159817.607054,reply,120.0,64.0,,,,,,,
0,1.0,425,1776159818.594621,reply,120.0,64.0,,,,,,,
0,1.0,426,1776159819.581337,reply,120.0,64.0,,,,,,,
0,1.0,427,1776159820.568971,reply,121.0,64.0,,,,,,,
0,1.0,428,1776159821.555725,reply,120.0,64.0,,,,,,,
0,1.0,SUMMARY,,summary,,,,,,,,,
0,1.0,1,1776160326.759806,reply,120.0,64.0,,,,,,,
0,1.0,2,1776160327.745742,reply,120.0,64.0,,,,,,,
0,1.0,3,1776160328.733262,reply,120.0,64.0,,,,,,,
0,1.0,4,1776160329.721029,reply,120.0,64.0,,,,,,,
0,1.0,5,1776160330.708662,reply,120.0,64.0,,,,,,,
0,1.0,6,1776160331.696183,reply,120.0,64.0,,,,,,,
0,1.0,7,1776160332.684065,reply,120.0,64.0,,,,,,,
0,1.0,8,1776160333.671696,reply,120.0,64.0,,,,,,,
0,1.0,9,1776160334.659329,reply,120.0,64.0,,,,,,,
0,1.0,10,1776160335.646826,reply,120.0,64.0,,,,,,,
0,1.0,11,1776160336.63302,reply,120.0,64.0,,,,,,,
0,1.0,12,1776160337.619587,reply,120.0,64.0,,,,,,,
0,1.0,13,1776160338.606926,reply,120.0,64.0,,,,,,,
0,1.0,14,1776160339.594191,reply,120.0,64.0,,,,,,,
0,1.0,15,1776160340.581615,reply,120.0,64.0,,,,,,,
0,1.0,16,1776160341.56944,reply,120.0,64.0,,,,,,,
0,1.0,17,1776160342.557569,reply,120.0,64.0,,,,,,,
0,1.0,18,1776160343.545475,reply,120.0,64.0,,,,,,,
0,1.0,19,1776160344.533305,reply,120.0,64.0,,,,,,,
0,1.0,20,1776160349.105077,reply,120.0,64.0,,,,,,,
0,1.0,21,1776160350.091315,reply,120.0,64.0,,,,,,,
0,1.0,22,1776160351.078886,reply,120.0,64.0,,,,,,,
0,1.0,23,1776160352.066365,reply,120.0,64.0,,,,,,,
0,1.0,24,1776160353.053884,reply,120.0,64.0,,,,,,,
0,1.0,26,1776160355.063437,reply,120.0,64.0,,,,,,,
0,1.0,27,1776160356.051235,reply,120.0,64.0,,,,,,,
0,1.0,28,1776160357.035879,reply,120.0,64.0,,,,,,,
0,1.0,29,1776160358.025196,reply,122.0,64.0,,,,,,,
0,1.0,30,1776160359.010807,reply,120.0,64.0,,,,,,,
0,1.0,31,1776160361.886335,reply,120.0,64.0,,,,,,,
0,1.0,32,1776160363.818762,reply,120.0,64.0,,,,,,,
0,1.0,35,1776160366.83956,reply,120.0,64.0,,,,,,,
0,1.0,36,1776160367.826875,reply,120.0,64.0,,,,,,,
0,1.0,37,1776160368.81524,reply,120.0,64.0,,,,,,,
0,1.0,38,1776160369.802192,reply,120.0,64.0,,,,,,,
0,1.0,39,1776160370.788059,reply,120.0,64.0,,,,,,,
0,1.0,40,1776160371.775717,reply,120.0,64.0,,,,,,,
0,1.0,41,1776160372.762795,reply,120.0,64.0,,,,,,,
0,1.0,42,1776160373.750142,reply,120.0,64.0,,,,,,,
0,1.0,43,1776160374.737619,reply,120.0,64.0,,,,,,,
0,1.0,44,1776160375.725034,reply,120.0,64.0,,,,,,,
0,1.0,45,1776160376.712111,reply,120.0,64.0,,,,,,,
0,1.0,46,1776160377.699798,reply,120.0,64.0,,,,,,,
0,1.0,47,1776160378.686895,reply,120.0,64.0,,,,,,,
0,1.0,49,1776160380.695259,reply,120.0,64.0,,,,,,,
0,1.0,50,1776160385.263975,reply,120.0,64.0,,,,,,,
0,1.0,51,1776160386.250772,reply,120.0,64.0,,,,,,,
0,1.0,52,1776160387.239422,reply,120.0,64.0,,,,,,,
0,1.0,53,1776160388.226798,reply,120.0,64.0,,,,,,,
0,1.0,54,1776160389.214489,reply,120.0,64.0,,,,,,,
0,1.0,57,1776160393.173127,reply,120.0,64.0,,,,,,,
0,1.0,58,1776160395.104241,reply,120.0,64.0,,,,,,,
0,1.0,59,1776160396.091404,reply,120.0,64.0,,,,,,,
0,1.0,60,1776160398.026157,reply,122.0,64.0,,,,,,,
0,1.0,61,1776160399.012783,reply,120.0,64.0,,,,,,,
0,1.0,63,1776160401.013195,reply,120.0,64.0,,,,,,,
0,1.0,64,1776160402.00046,reply,120.0,64.0,,,,,,,
0,1.0,65,1776160402.987718,reply,120.0,64.0,,,,,,,
0,1.0,66,1776160403.974776,reply,120.0,64.0,,,,,,,
0,1.0,68,1776160405.977084,reply,120.0,64.0,,,,,,,
0,1.0,69,1776160406.964512,reply,120.0,64.0,,,,,,,
0,1.0,70,1776160407.951396,reply,120.0,64.0,,,,,,,
0,1.0,72,1776160409.941131,reply,120.0,64.0,,,,,,,
0,1.0,74,1776160411.956954,reply,120.0,64.0,,,,,,,
0,1.0,75,1776160412.94436,reply,120.0,64.0,,,,,,,
0,1.0,76,1776160413.932576,reply,120.0,64.0,,,,,,,
0,1.0,77,1776160414.919344,reply,120.0,64.0,,,,,,,
0,1.0,79,1776160420.496861,reply,120.0,64.0,,,,,,,
0,1.0,80,1776160421.48409,reply,120.0,64.0,,,,,,,
0,1.0,81,1776160422.47231,reply,120.0,64.0,,,,,,,
0,1.0,82,1776160423.460093,reply,120.0,64.0,,,,,,,
0,1.0,84,1776160425.456869,reply,120.0,64.0,,,,,,,
0,1.0,85,1776160426.445233,reply,120.0,64.0,,,,,,,
0,1.0,86,1776160431.210743,reply,120.0,64.0,,,,,,,
0,1.0,87,1776160432.199042,reply,120.0,64.0,,,,,,,
0,1.0,88,1776160434.132498,reply,120.0,64.0,,,,,,,
0,1.0,89,1776160435.120035,reply,120.0,64.0,,,,,,,
0,1.0,90,1776160436.107445,reply,120.0,64.0,,,,,,,
0,1.0,91,1776160438.039611,reply,120.0,64.0,,,,,,,
0,1.0,92,1776160439.027714,reply,120.0,64.0,,,,,,,
0,1.0,93,1776160440.016115,reply,120.0,64.0,,,,,,,
0,1.0,94,1776160441.94864,reply,120.0,64.0,,,,,,,
0,1.0,95,1776160442.936585,reply,120.0,64.0,,,,,,,
0,1.0,97,1776160445.872886,reply,120.0,64.0,,,,,,,
0,1.0,98,1776160447.804482,reply,120.0,64.0,,,,,,,
0,1.0,99,1776160448.792663,reply,120.0,64.0,,,,,,,
0,1.0,100,1776160450.7242,reply,120.0,64.0,,,,,,,
0,1.0,101,1776160456.240506,reply,120.0,64.0,,,,,,,
0,1.0,102,1776160457.227659,reply,120.0,64.0,,,,,,,
0,1.0,103,1776160458.215709,reply,120.0,64.0,,,,,,,
0,1.0,104,1776160459.204014,reply,120.0,64.0,,,,,,,
0,1.0,106,1776160461.200351,reply,120.0,64.0,,,,,,,
0,1.0,107,1776160463.132627,reply,120.0,64.0,,,,,,,
0,1.0,108,1776160464.120015,reply,120.0,64.0,,,,,,,
0,1.0,109,1776160465.10835,reply,120.0,64.0,,,,,,,
0,1.0,110,1776160467.984515,reply,120.0,64.0,,,,,,,
0,1.0,111,1776160468.971788,reply,120.0,64.0,,,,,,,
0,1.0,112,1776160470.903788,reply,120.0,64.0,,,,,,,
0,1.0,113,1776160471.891168,reply,120.0,64.0,,,,,,,
0,1.0,114,1776160472.8788,reply,120.0,64.0,,,,,,,
0,1.0,117,1776160475.920626,reply,120.0,64.0,,,,,,,
0,1.0,119,1776160477.936599,reply,120.0,64.0,,,,,,,
0,1.0,120,1776160480.814952,reply,120.0,64.0,,,,,,,
0,1.0,121,1776160481.802956,reply,120.0,64.0,,,,,,,
0,1.0,122,1776160482.790939,reply,120.0,64.0,,,,,,,
0,1.0,123,1776160483.777968,reply,120.0,64.0,,,,,,,
0,1.0,124,1776160484.765918,reply,120.0,64.0,,,,,,,
0,1.0,125,1776160486.698149,reply,120.0,64.0,,,,,,,
0,1.0,127,1776160492.268983,reply,120.0,64.0,,,,,,,
0,1.0,128,1776160493.25899,reply,122.0,64.0,,,,,,,
0,1.0,130,1776160495.245191,reply,120.0,64.0,,,,,,,
0,1.0,131,1776160496.232573,reply,120.0,64.0,,,,,,,
0,1.0,132,1776160497.221161,reply,120.0,64.0,,,,,,,
0,1.0,133,1776160501.040369,reply,120.0,64.0,,,,,,,
0,1.0,134,1776160502.028279,reply,120.0,64.0,,,,,,,
0,1.0,135,1776160503.015646,reply,120.0,64.0,,,,,,,
0,1.0,136,1776160505.891303,reply,120.0,64.0,,,,,,,
0,1.0,137,1776160507.824147,reply,120.0,64.0,,,,,,,
0,1.0,138,1776160508.812467,reply,120.0,64.0,,,,,,,
0,1.0,139,1776160509.800399,reply,120.0,64.0,,,,,,,
0,1.0,140,1776160510.788674,reply,120.0,64.0,,,,,,,
0,1.0,142,1776160512.781012,reply,120.0,64.0,,,,,,,
0,1.0,143,1776160513.769222,reply,120.0,64.0,,,,,,,
0,1.0,144,1776160514.75539,reply,120.0,64.0,,,,,,,
0,1.0,146,1776160516.749227,reply,120.0,64.0,,,,,,,
0,1.0,147,1776160517.736741,reply,120.0,64.0,,,,,,,
0,1.0,148,1776160518.725283,reply,120.0,64.0,,,,,,,
0,1.0,150,1776160520.719597,reply,123.0,64.0,,,,,,,
0,1.0,151,1776160521.704763,reply,120.0,64.0,,,,,,,
0,1.0,152,1776160522.693099,reply,120.0,64.0,,,,,,,
0,1.0,153,1776160523.681312,reply,120.0,64.0,,,,,,,
0,1.0,154,1776160529.201688,reply,120.0,64.0,,,,,,,
0,1.0,155,1776160530.189232,reply,120.0,64.0,,,,,,,
0,1.0,156,1776160531.176962,reply,120.0,64.0,,,,,,,
0,1.0,157,1776160532.164788,reply,120.0,64.0,,,,,,,
0,1.0,158,1776160533.152084,reply,120.0,64.0,,,,,,,
0,1.0,159,1776160534.140952,reply,122.0,64.0,,,,,,,
0,1.0,161,1776160536.150711,reply,120.0,64.0,,,,,,,
0,1.0,162,1776160537.137933,reply,120.0,64.0,,,,,,,
0,1.0,163,1776160538.125027,reply,120.0,64.0,,,,,,,
0,1.0,165,1776160540.114412,reply,120.0,64.0,,,,,,,
0,1.0,166,1776160541.102409,reply,120.0,64.0,,,,,,,
0,1.0,167,1776160542.0906,reply,120.0,64.0,,,,,,,
0,1.0,168,1776160543.078691,reply,120.0,64.0,,,,,,,
0,1.0,169,1776160544.066698,reply,120.0,64.0,,,,,,,
0,1.0,170,1776160545.054848,reply,120.0,64.0,,,,,,,
0,1.0,171,1776160546.042242,reply,120.0,64.0,,,,,,,
0,1.0,173,1776160548.050426,reply,120.0,64.0,,,,,,,
0,1.0,174,1776160549.038515,reply,120.0,64.0,,,,,,,
0,1.0,175,1776160550.025906,reply,120.0,64.0,,,,,,,
0,1.0,176,1776160551.013926,reply,121.0,64.0,,,,,,,
0,1.0,177,1776160552.000295,reply,120.0,64.0,,,,,,,
0,1.0,178,1776160552.988491,reply,120.0,64.0,,,,,,,
0,1.0,179,1776160553.976272,reply,120.0,64.0,,,,,,,
0,1.0,180,1776160554.964876,reply,120.0,64.0,,,,,,,
0,1.0,181,1776160555.952615,reply,120.0,64.0,,,,,,,
0,1.0,182,1776160556.940137,reply,120.0,64.0,,,,,,,
0,1.0,183,1776160557.926486,reply,120.0,64.0,,,,,,,
0,1.0,184,1776160558.912677,reply,120.0,64.0,,,,,,,
0,1.0,185,1776160564.423634,reply,120.0,64.0,,,,,,,
0,1.0,186,1776160565.411014,reply,120.0,64.0,,,,,,,
0,1.0,187,1776160566.398211,reply,120.0,64.0,,,,,,,
0,1.0,188,1776160567.385504,reply,120.0,64.0,,,,,,,
0,1.0,189,1776160568.373105,reply,120.0,64.0,,,,,,,
0,1.0,190,1776160569.360713,reply,120.0,64.0,,,,,,,
0,1.0,191,1776160570.348139,reply,120.0,64.0,,,,,,,
0,1.0,192,1776160571.335568,reply,120.0,64.0,,,,,,,
0,1.0,193,1776160572.32216,reply,120.0,64.0,,,,,,,
0,1.0,194,1776160573.309539,reply,120.0,64.0,,,,,,,
0,1.0,195,1776160574.297281,reply,120.0,64.0,,,,,,,
0,1.0,196,1776160575.284334,reply,120.0,64.0,,,,,,,
0,1.0,197,1776160576.271808,reply,120.0,64.0,,,,,,,
0,1.0,198,1776160577.260298,reply,120.0,64.0,,,,,,,
0,1.0,199,1776160578.247681,reply,120.0,64.0,,,,,,,
0,1.0,200,1776160579.235881,reply,120.0,64.0,,,,,,,
0,1.0,201,1776160580.224276,reply,120.0,64.0,,,,,,,
0,1.0,202,1776160581.214325,reply,123.0,64.0,,,,,,,
0,1.0,203,1776160582.198029,reply,120.0,64.0,,,,,,,
0,1.0,204,1776160583.184704,reply,120.0,64.0,,,,,,,
0,1.0,205,1776160584.172572,reply,120.0,64.0,,,,,,,
0,1.0,206,1776160585.160435,reply,120.0,64.0,,,,,,,
0,1.0,207,1776160586.14807,reply,120.0,64.0,,,,,,,
0,1.0,208,1776160587.135443,reply,120.0,64.0,,,,,,,
0,1.0,209,1776160588.123304,reply,120.0,64.0,,,,,,,
0,1.0,210,1776160589.110538,reply,120.0,64.0,,,,,,,
0,1.0,211,1776160590.098552,reply,120.0,64.0,,,,,,,
0,1.0,212,1776160591.086058,reply,120.0,64.0,,,,,,,
0,1.0,213,1776160592.073269,reply,120.0,64.0,,,,,,,
0,1.0,214,1776160593.06005,reply,120.0,64.0,,,,,,,
0,1.0,215,1776160594.047888,reply,120.0,64.0,,,,,,,
0,1.0,216,1776160595.035491,reply,120.0,64.0,,,,,,,
0,1.0,217,1776160599.608492,reply,120.0,64.0,,,,,,,
0,1.0,218,1776160600.596134,reply,120.0,64.0,,,,,,,
0,1.0,219,1776160601.583914,reply,120.0,64.0,,,,,,,
0,1.0,220,1776160602.571698,reply,120.0,64.0,,,,,,,
0,1.0,221,1776160603.559327,reply,120.0,64.0,,,,,,,
0,1.0,222,1776160604.546422,reply,120.0,64.0,,,,,,,
0,1.0,223,1776160605.533472,reply,120.0,64.0,,,,,,,
0,1.0,224,1776160606.519825,reply,120.0,64.0,,,,,,,
0,1.0,225,1776160607.507448,reply,120.0,64.0,,,,,,,
0,1.0,226,1776160608.494952,reply,120.0,64.0,,,,,,,
0,1.0,227,1776160609.482487,reply,120.0,64.0,,,,,,,
0,1.0,228,1776160610.470046,reply,120.0,64.0,,,,,,,
0,1.0,229,1776160611.45797,reply,120.0,64.0,,,,,,,
0,1.0,230,1776160612.445236,reply,120.0,64.0,,,,,,,
0,1.0,231,1776160613.432221,reply,120.0,64.0,,,,,,,
0,1.0,232,1776160614.419083,reply,120.0,64.0,,,,,,,
0,1.0,233,1776160615.405793,reply,120.0,64.0,,,,,,,
0,1.0,234,1776160616.392034,reply,120.0,64.0,,,,,,,
0,1.0,235,1776160617.378516,reply,120.0,64.0,,,,,,,
0,1.0,236,1776160618.366162,reply,120.0,64.0,,,,,,,
0,1.0,237,1776160619.352496,reply,120.0,64.0,,,,,,,
0,1.0,238,1776160620.340713,reply,120.0,64.0,,,,,,,
0,1.0,239,1776160621.327644,reply,120.0,64.0,,,,,,,
0,1.0,240,1776160622.315359,reply,120.0,64.0,,,,,,,
0,1.0,241,1776160623.303784,reply,120.0,64.0,,,,,,,
0,1.0,242,1776160624.291633,reply,120.0,64.0,,,,,,,
0,1.0,243,1776160625.279694,reply,120.0,64.0,,,,,,,
0,1.0,244,1776160626.267437,reply,120.0,64.0,,,,,,,
0,1.0,245,1776160627.253785,reply,120.0,64.0,,,,,,,
0,1.0,246,1776160628.240933,reply,120.0,64.0,,,,,,,
0,1.0,247,1776160629.22876,reply,120.0,64.0,,,,,,,
0,1.0,248,1776160630.216363,reply,120.0,64.0,,,,,,,
0,1.0,249,1776160631.203229,reply,120.0,64.0,,,,,,,
0,1.0,250,1776160635.766983,reply,120.0,64.0,,,,,,,
0,1.0,251,1776160636.754092,reply,120.0,64.0,,,,,,,
0,1.0,252,1776160637.741228,reply,120.0,64.0,,,,,,,
0,1.0,253,1776160638.729166,reply,120.0,64.0,,,,,,,
0,1.0,254,1776160639.716945,reply,120.0,64.0,,,,,,,
0,1.0,255,1776160640.703075,reply,120.0,64.0,,,,,,,
0,1.0,256,1776160641.690628,reply,120.0,64.0,,,,,,,
0,1.0,257,1776160642.678832,reply,120.0,64.0,,,,,,,
0,1.0,258,1776160643.666489,reply,120.0,64.0,,,,,,,
0,1.0,259,1776160644.653829,reply,120.0,64.0,,,,,,,
0,1.0,260,1776160645.641623,reply,120.0,64.0,,,,,,,
0,1.0,261,1776160646.629022,reply,120.0,64.0,,,,,,,
0,1.0,262,1776160647.617066,reply,120.0,64.0,,,,,,,
0,1.0,263,1776160648.604288,reply,120.0,64.0,,,,,,,
0,1.0,264,1776160649.591849,reply,120.0,64.0,,,,,,,
0,1.0,265,1776160650.578412,reply,120.0,64.0,,,,,,,
0,1.0,266,1776160651.566319,reply,120.0,64.0,,,,,,,
0,1.0,267,1776160652.554463,reply,120.0,64.0,,,,,,,
0,1.0,268,1776160653.542332,reply,120.0,64.0,,,,,,,
0,1.0,269,1776160654.530257,reply,120.0,64.0,,,,,,,
0,1.0,270,1776160655.5186,reply,121.0,64.0,,,,,,,
0,1.0,271,1776160656.505498,reply,120.0,64.0,,,,,,,
0,1.0,272,1776160657.49307,reply,120.0,64.0,,,,,,,
0,1.0,273,1776160658.480831,reply,120.0,64.0,,,,,,,
0,1.0,274,1776160659.468962,reply,120.0,64.0,,,,,,,
0,1.0,275,1776160660.455975,reply,120.0,64.0,,,,,,,
0,1.0,276,1776160661.443243,reply,120.0,64.0,,,,,,,
0,1.0,277,1776160662.430905,reply,120.0,64.0,,,,,,,
0,1.0,278,1776160663.419227,reply,121.0,64.0,,,,,,,
0,1.0,279,1776160664.40646,reply,120.0,64.0,,,,,,,
0,1.0,280,1776160665.394616,reply,120.0,64.0,,,,,,,
0,1.0,281,1776160666.382387,reply,120.0,64.0,,,,,,,
0,1.0,282,1776160667.370334,reply,120.0,64.0,,,,,,,
0,1.0,283,1776160671.936036,reply,120.0,64.0,,,,,,,
0,1.0,284,1776160672.923958,reply,120.0,64.0,,,,,,,
0,1.0,285,1776160673.910989,reply,120.0,64.0,,,,,,,
0,1.0,286,1776160674.897863,reply,120.0,64.0,,,,,,,
0,1.0,287,1776160675.884918,reply,120.0,64.0,,,,,,,
0,1.0,288,1776160676.873105,reply,120.0,64.0,,,,,,,
0,1.0,289,1776160677.860883,reply,120.0,64.0,,,,,,,
0,1.0,290,1776160678.847578,reply,120.0,64.0,,,,,,,
0,1.0,291,1776160679.835224,reply,120.0,64.0,,,,,,,
0,1.0,292,1776160680.82308,reply,120.0,64.0,,,,,,,
0,1.0,293,1776160681.811425,reply,120.0,64.0,,,,,,,
0,1.0,294,1776160682.799482,reply,120.0,64.0,,,,,,,
0,1.0,295,1776160683.787983,reply,121.0,64.0,,,,,,,
0,1.0,296,1776160684.774284,reply,120.0,64.0,,,,,,,
0,1.0,297,1776160685.762363,reply,120.0,64.0,,,,,,,
0,1.0,299,1776160687.778453,reply,121.0,64.0,,,,,,,
0,1.0,300,1776160688.765733,reply,120.0,64.0,,,,,,,
0,1.0,301,1776160689.753855,reply,120.0,64.0,,,,,,,
0,1.0,302,1776160690.741959,reply,120.0,64.0,,,,,,,
0,1.0,303,1776160691.729788,reply,120.0,64.0,,,,,,,
0,1.0,304,1776160692.71767,reply,121.0,64.0,,,,,,,
0,1.0,305,1776160693.705343,reply,121.0,64.0,,,,,,,
0,1.0,306,1776160694.691416,reply,120.0,64.0,,,,,,,
0,1.0,307,1776160695.679417,reply,120.0,64.0,,,,,,,
0,1.0,308,1776160696.667079,reply,120.0,64.0,,,,,,,
0,1.0,309,1776160697.654985,reply,120.0,64.0,,,,,,,
0,1.0,310,1776160698.643276,reply,121.0,64.0,,,,,,,
0,1.0,311,1776160699.631022,reply,120.0,64.0,,,,,,,
0,1.0,312,1776160700.618964,reply,120.0,64.0,,,,,,,
0,1.0,313,1776160701.606767,reply,120.0,64.0,,,,,,,
0,1.0,314,1776160702.594239,reply,120.0,64.0,,,,,,,
0,1.0,315,1776160707.180322,reply,120.0,64.0,,,,,,,
0,1.0,316,1776160708.166575,reply,120.0,64.0,,,,,,,
0,1.0,317,1776160709.153739,reply,120.0,64.0,,,,,,,
0,1.0,318,1776160710.140903,reply,120.0,64.0,,,,,,,
0,1.0,319,1776160711.128179,reply,120.0,64.0,,,,,,,
0,1.0,320,1776160712.115627,reply,120.0,64.0,,,,,,,
0,1.0,321,1776160713.103383,reply,121.0,64.0,,,,,,,
0,1.0,322,1776160714.090339,reply,120.0,64.0,,,,,,,
0,1.0,323,1776160715.077841,reply,120.0,64.0,,,,,,,
0,1.0,324,1776160716.065121,reply,120.0,64.0,,,,,,,
0,1.0,325,1776160717.052316,reply,120.0,64.0,,,,,,,
0,1.0,326,1776160718.038962,reply,120.0,64.0,,,,,,,
0,1.0,327,1776160719.026446,reply,120.0,64.0,,,,,,,
0,1.0,328,1776160720.013285,reply,120.0,64.0,,,,,,,
0,1.0,329,1776160721.000408,reply,120.0,64.0,,,,,,,
0,1.0,330,1776160721.987709,reply,120.0,64.0,,,,,,,
0,1.0,331,1776160722.974821,reply,120.0,64.0,,,,,,,
0,1.0,332,1776160723.961827,reply,120.0,64.0,,,,,,,
0,1.0,333,1776160724.950285,reply,120.0,64.0,,,,,,,
0,1.0,334,1776160725.938191,reply,120.0,64.0,,,,,,,
0,1.0,335,1776160726.925769,reply,120.0,64.0,,,,,,,
0,1.0,336,1776160727.913448,reply,120.0,64.0,,,,,,,
0,1.0,337,1776160728.900499,reply,120.0,64.0,,,,,,,
0,1.0,338,1776160729.888144,reply,121.0,64.0,,,,,,,
0,1.0,339,1776160730.875459,reply,120.0,64.0,,,,,,,
0,1.0,340,1776160731.863047,reply,120.0,64.0,,,,,,,
0,1.0,341,1776160732.850123,reply,120.0,64.0,,,,,,,
0,1.0,342,1776160733.837631,reply,120.0,64.0,,,,,,,
0,1.0,343,1776160734.824991,reply,120.0,64.0,,,,,,,
0,1.0,344,1776160735.812656,reply,120.0,64.0,,,,,,,
0,1.0,345,1776160736.800268,reply,120.0,64.0,,,,,,,
0,1.0,346,1776160737.788726,reply,120.0,64.0,,,,,,,
0,1.0,347,1776160738.775502,reply,120.0,64.0,,,,,,,
0,1.0,348,1776160743.34068,reply,120.0,64.0,,,,,,,
0,1.0,349,1776160744.328722,reply,120.0,64.0,,,,,,,
0,1.0,350,1776160745.316361,reply,120.0,64.0,,,,,,,
0,1.0,351,1776160746.302183,reply,120.0,64.0,,,,,,,
0,1.0,352,1776160747.289976,reply,120.0,64.0,,,,,,,
0,1.0,353,1776160748.277553,reply,120.0,64.0,,,,,,,
0,1.0,354,1776160749.264335,reply,120.0,64.0,,,,,,,
0,1.0,355,1776160750.25225,reply,120.0,64.0,,,,,,,
0,1.0,356,1776160751.239698,reply,120.0,64.0,,,,,,,
0,1.0,357,1776160752.225784,reply,120.0,64.0,,,,,,,
0,1.0,358,1776160753.212999,reply,120.0,64.0,,,,,,,
0,1.0,359,1776160754.201436,reply,120.0,64.0,,,,,,,
0,1.0,360,1776160755.189595,reply,120.0,64.0,,,,,,,
0,1.0,361,1776160756.177958,reply,120.0,64.0,,,,,,,
0,1.0,362,1776160757.16557,reply,120.0,64.0,,,,,,,
0,1.0,363,1776160758.153158,reply,120.0,64.0,,,,,,,
0,1.0,364,1776160759.140834,reply,120.0,64.0,,,,,,,
0,1.0,365,1776160760.128494,reply,120.0,64.0,,,,,,,
0,1.0,366,1776160761.116417,reply,120.0,64.0,,,,,,,
0,1.0,367,1776160762.103511,reply,121.0,64.0,,,,,,,
0,1.0,368,1776160763.090083,reply,120.0,64.0,,,,,,,
0,1.0,369,1776160764.07789,reply,120.0,64.0,,,,,,,
0,1.0,370,1776160765.065649,reply,120.0,64.0,,,,,,,
0,1.0,371,1776160766.052684,reply,120.0,64.0,,,,,,,
0,1.0,372,1776160767.040382,reply,121.0,64.0,,,,,,,
0,1.0,373,1776160768.027722,reply,120.0,64.0,,,,,,,
0,1.0,374,1776160769.01527,reply,120.0,64.0,,,,,,,
0,1.0,375,1776160770.002987,reply,120.0,64.0,,,,,,,
0,1.0,376,1776160770.99047,reply,120.0,64.0,,,,,,,
0,1.0,377,1776160771.978752,reply,121.0,64.0,,,,,,,
0,1.0,378,1776160772.964375,reply,120.0,64.0,,,,,,,
0,1.0,379,1776160773.952169,reply,120.0,64.0,,,,,,,
0,1.0,380,1776160778.528995,reply,3709.0,64.0,,,,,,,
0,1.0,381,1776160779.516564,reply,120.0,64.0,,,,,,,
0,1.0,382,1776160780.504426,reply,120.0,64.0,,,,,,,
0,1.0,383,1776160781.492568,reply,120.0,64.0,,,,,,,
0,1.0,384,1776160782.480692,reply,120.0,64.0,,,,,,,
0,1.0,385,1776160783.469068,reply,121.0,64.0,,,,,,,
0,1.0,386,1776160784.45608,reply,120.0,64.0,,,,,,,
0,1.0,387,1776160785.444485,reply,121.0,64.0,,,,,,,
0,1.0,388,1776160786.431033,reply,120.0,64.0,,,,,,,
0,1.0,389,1776160787.418815,reply,121.0,64.0,,,,,,,
0,1.0,390,1776160788.40632,reply,120.0,64.0,,,,,,,
0,1.0,391,1776160789.394082,reply,120.0,64.0,,,,,,,
0,1.0,392,1776160790.382237,reply,120.0,64.0,,,,,,,
0,1.0,393,1776160791.370246,reply,121.0,64.0,,,,,,,
0,1.0,394,1776160792.358129,reply,121.0,64.0,,,,,,,
0,1.0,395,1776160793.346104,reply,120.0,64.0,,,,,,,
0,1.0,396,1776160794.334294,reply,120.0,64.0,,,,,,,
0,1.0,397,1776160795.322088,reply,120.0,64.0,,,,,,,
0,1.0,398,1776160796.30793,reply,120.0,64.0,,,,,,,
0,1.0,399,1776160797.295091,reply,121.0,64.0,,,,,,,
0,1.0,400,1776160798.282838,reply,120.0,64.0,,,,,,,
0,1.0,401,1776160799.270958,reply,121.0,64.0,,,,,,,
0,1.0,402,1776160800.258703,reply,120.0,64.0,,,,,,,
0,1.0,403,1776160801.246684,reply,120.0,64.0,,,,,,,
0,1.0,404,1776160802.233701,reply,120.0,64.0,,,,,,,
0,1.0,405,1776160803.221486,reply,120.0,64.0,,,,,,,
0,1.0,406,1776160804.20953,reply,120.0,64.0,,,,,,,
0,1.0,407,1776160805.197394,reply,120.0,64.0,,,,,,,
0,1.0,408,1776160806.184587,reply,120.0,64.0,,,,,,,
0,1.0,409,1776160807.170847,reply,120.0,64.0,,,,,,,
0,1.0,410,1776160808.158226,reply,120.0,64.0,,,,,,,
0,1.0,411,1776160809.145676,reply,120.0,64.0,,,,,,,
0,1.0,412,1776160810.133219,reply,120.0,64.0,,,,,,,
0,1.0,413,1776160814.706912,reply,120.0,64.0,,,,,,,
0,1.0,414,1776160815.69471,reply,120.0,64.0,,,,,,,
0,1.0,415,1776160816.682112,reply,120.0,64.0,,,,,,,
0,1.0,416,1776160817.669709,reply,120.0,64.0,,,,,,,
0,1.0,417,1776160818.657645,reply,121.0,64.0,,,,,,,
0,1.0,418,1776160819.645879,reply,121.0,64.0,,,,,,,
0,1.0,419,1776160820.632406,reply,120.0,64.0,,,,,,,
0,1.0,420,1776160821.620117,reply,120.0,64.0,,,,,,,
0,1.0,421,1776160822.608226,reply,121.0,64.0,,,,,,,
0,1.0,422,1776160823.596027,reply,120.0,64.0,,,,,,,
0,1.0,423,1776160824.583461,reply,120.0,64.0,,,,,,,
0,1.0,424,1776160825.57165,reply,120.0,64.0,,,,,,,
0,1.0,425,1776160826.560275,reply,121.0,64.0,,,,,,,
0,1.0,SUMMARY,,summary,,,,,,,,,
0,1.0,1,1776161331.174318,reply,120.0,64.0,,,,,,,
0,1.0,2,1776161332.161795,reply,120.0,64.0,,,,,,,
0,1.0,3,1776161333.149338,reply,120.0,64.0,,,,,,,
0,1.0,4,1776161334.136151,reply,120.0,64.0,,,,,,,
0,1.0,5,1776161335.123918,reply,120.0,64.0,,,,,,,
0,1.0,6,1776161336.111649,reply,120.0,64.0,,,,,,,
0,1.0,7,1776161337.099493,reply,120.0,64.0,,,,,,,
0,1.0,8,1776161338.087187,reply,120.0,64.0,,,,,,,
0,1.0,9,1776161339.074207,reply,120.0,64.0,,,,,,,
0,1.0,10,1776161340.061686,reply,120.0,64.0,,,,,,,
0,1.0,11,1776161341.049479,reply,120.0,64.0,,,,,,,
0,1.0,12,1776161342.036894,reply,120.0,64.0,,,,,,,
0,1.0,13,1776161343.024128,reply,120.0,64.0,,,,,,,
0,1.0,15,1776161345.044217,reply,120.0,64.0,,,,,,,
0,1.0,16,1776161346.031321,reply,120.0,64.0,,,,,,,
0,1.0,17,1776161350.600831,reply,120.0,64.0,,,,,,,
0,1.0,18,1776161351.588411,reply,120.0,64.0,,,,,,,
0,1.0,19,1776161352.575827,reply,120.0,64.0,,,,,,,
0,1.0,20,1776161353.563826,reply,120.0,64.0,,,,,,,
0,1.0,21,1776161354.552131,reply,120.0,64.0,,,,,,,
0,1.0,22,1776161355.539708,reply,120.0,64.0,,,,,,,
0,1.0,23,1776161356.52695,reply,120.0,64.0,,,,,,,
0,1.0,24,1776161357.513997,reply,120.0,64.0,,,,,,,
0,1.0,26,1776161359.533521,reply,120.0,64.0,,,,,,,
0,1.0,27,1776161360.521409,reply,120.0,64.0,,,,,,,
0,1.0,28,1776161361.509718,reply,120.0,64.0,,,,,,,
0,1.0,29,1776161362.496008,reply,120.0,64.0,,,,,,,
0,1.0,30,1776161363.484084,reply,120.0,64.0,,,,,,,
0,1.0,31,1776161365.416843,reply,120.0,64.0,,,,,,,
0,1.0,32,1776161366.405365,reply,120.0,64.0,,,,,,,
0,1.0,33,1776161368.337909,reply,120.0,64.0,,,,,,,
0,1.0,34,1776161370.271881,reply,120.0,64.0,,,,,,,
0,1.0,35,1776161371.260083,reply,120.0,64.0,,,,,,,
0,1.0,36,1776161372.24828,reply,120.0,64.0,,,,,,,
0,1.0,37,1776161373.235603,reply,120.0,64.0,,,,,,,
0,1.0,38,1776161374.223813,reply,120.0,64.0,,,,,,,
0,1.0,39,1776161375.211778,reply,120.0,64.0,,,,,,,
0,1.0,41,1776161377.229453,reply,120.0,64.0,,,,,,,
0,1.0,43,1776161379.245557,reply,120.0,64.0,,,,,,,
0,1.0,45,1776161381.261606,reply,120.0,64.0,,,,,,,
0,1.0,46,1776161382.249,reply,120.0,64.0,,,,,,,
0,1.0,47,1776161387.764154,reply,120.0,64.0,,,,,,,
0,1.0,48,1776161388.751716,reply,120.0,64.0,,,,,,,
0,1.0,50,1776161390.769574,reply,120.0,64.0,,,,,,,
0,1.0,51,1776161391.756636,reply,120.0,64.0,,,,,,,
0,1.0,52,1776161392.744612,reply,120.0,64.0,,,,,,,
0,1.0,54,1776161394.733629,reply,120.0,64.0,,,,,,,
0,1.0,55,1776161395.721451,reply,120.0,64.0,,,,,,,
0,1.0,57,1776161398.686297,reply,120.0,64.0,,,,,,,
0,1.0,58,1776161399.673483,reply,120.0,64.0,,,,,,,
0,1.0,59,1776161400.659501,reply,120.0,64.0,,,,,,,
0,1.0,60,1776161401.645335,reply,120.0,64.0,,,,,,,
0,1.0,62,1776161403.661625,reply,120.0,64.0,,,,,,,
0,1.0,63,1776161404.64949,reply,120.0,64.0,,,,,,,
0,1.0,64,1776161406.581664,reply,120.0,64.0,,,,,,,
0,1.0,65,1776161407.569844,reply,120.0,64.0,,,,,,,
0,1.0,66,1776161408.557643,reply,120.0,64.0,,,,,,,
0,1.0,67,1776161409.545644,reply,120.0,64.0,,,,,,,
0,1.0,69,1776161412.49357,reply,120.0,64.0,,,,,,,
0,1.0,71,1776161416.397572,reply,120.0,64.0,,,,,,,
0,1.0,72,1776161421.915052,reply,3705.0,64.0,,,,,,,
0,1.0,73,1776161422.903331,reply,120.0,64.0,,,,,,,
0,1.0,74,1776161423.891426,reply,120.0,64.0,,,,,,,
0,1.0,75,1776161425.824991,reply,122.0,64.0,,,,,,,
0,1.0,76,1776161427.756006,reply,120.0,64.0,,,,,,,
0,1.0,77,1776161428.743682,reply,120.0,64.0,,,,,,,
0,1.0,78,1776161429.731979,reply,120.0,64.0,,,,,,,
0,1.0,79,1776161430.718732,reply,120.0,64.0,,,,,,,
0,1.0,80,1776161432.651754,reply,120.0,64.0,,,,,,,
0,1.0,81,1776161434.582721,reply,120.0,64.0,,,,,,,
0,1.0,82,1776161436.514595,reply,120.0,64.0,,,,,,,
0,1.0,83,1776161437.502816,reply,120.0,64.0,,,,,,,
0,1.0,85,1776161439.502725,reply,120.0,64.0,,,,,,,
0,1.0,86,1776161440.492323,reply,122.0,64.0,,,,,,,
0,1.0,87,1776161441.477703,reply,120.0,64.0,,,,,,,
0,1.0,88,1776161443.410347,reply,120.0,64.0,,,,,,,
0,1.0,89,1776161445.342581,reply,120.0,64.0,,,,,,,
0,1.0,91,1776161447.342606,reply,120.0,64.0,,,,,,,
0,1.0,93,1776161450.304269,reply,120.0,64.0,,,,,,,
0,1.0,94,1776161451.292247,reply,120.0,64.0,,,,,,,
0,1.0,96,1776161453.294582,reply,120.0,64.0,,,,,,,
0,1.0,98,1776161458.8931,reply,120.0,64.0,,,,,,,
0,1.0,99,1776161460.824372,reply,120.0,64.0,,,,,,,
0,1.0,100,1776161461.810829,reply,120.0,64.0,,,,,,,
0,1.0,101,1776161462.797271,reply,120.0,64.0,,,,,,,
0,1.0,102,1776161463.784225,reply,120.0,64.0,,,,,,,
0,1.0,103,1776161464.772294,reply,120.0,64.0,,,,,,,
0,1.0,105,1776161467.72513,reply,120.0,64.0,,,,,,,
0,1.0,106,1776161468.711841,reply,120.0,64.0,,,,,,,
0,1.0,107,1776161470.643806,reply,120.0,64.0,,,,,,,
0,1.0,108,1776161471.633636,reply,122.0,64.0,,,,,,,
0,1.0,109,1776161472.618775,reply,120.0,64.0,,,,,,,
0,1.0,110,1776161474.551621,reply,120.0,64.0,,,,,,,
0,1.0,111,1776161475.539772,reply,120.0,64.0,,,,,,,
0,1.0,112,1776161476.530142,reply,122.0,64.0,,,,,,,
0,1.0,113,1776161478.459373,reply,120.0,64.0,,,,,,,
0,1.0,114,1776161480.390863,reply,120.0,64.0,,,,,,,
0,1.0,115,1776161481.379111,reply,120.0,64.0,,,,,,,
0,1.0,116,1776161482.367422,reply,120.0,64.0,,,,,,,
0,1.0,117,1776161484.299728,reply,120.0,64.0,,,,,,,
0,1.0,118,1776161488.124054,reply,120.0,64.0,,,,,,,
0,1.0,119,1776161489.112451,reply,120.0,64.0,,,,,,,
0,1.0,120,1776161493.667869,reply,120.0,64.0,,,,,,,
0,1.0,121,1776161494.655551,reply,120.0,64.0,,,,,,,
0,1.0,122,1776161495.642725,reply,120.0,64.0,,,,,,,
0,1.0,123,1776161496.629533,reply,120.0,64.0,,,,,,,
0,1.0,124,1776161497.618385,reply,121.0,64.0,,,,,,,
0,1.0,125,1776161498.605064,reply,120.0,64.0,,,,,,,
0,1.0,126,1776161500.536045,reply,120.0,64.0,,,,,,,
0,1.0,127,1776161502.469961,reply,120.0,64.0,,,,,,,
0,1.0,128,1776161503.45843,reply,120.0,64.0,,,,,,,
0,1.0,130,1776161505.469201,reply,120.0,64.0,,,,,,,
0,1.0,131,1776161506.456686,reply,120.0,64.0,,,,,,,
0,1.0,132,1776161507.44503,reply,120.0,64.0,,,,,,,
0,1.0,134,1776161509.437209,reply,120.0,64.0,,,,,,,
0,1.0,135,1776161510.424238,reply,120.0,64.0,,,,,,,
0,1.0,137,1776161512.413112,reply,120.0,64.0,,,,,,,
0,1.0,139,1776161514.429377,reply,120.0,64.0,,,,,,,
0,1.0,140,1776161515.417981,reply,121.0,64.0,,,,,,,
0,1.0,142,1776161517.40527,reply,120.0,64.0,,,,,,,
0,1.0,143,1776161518.392524,reply,120.0,64.0,,,,,,,
0,1.0,144,1776161519.379529,reply,120.0,64.0,,,,,,,
0,1.0,146,1776161522.333128,reply,120.0,64.0,,,,,,,
0,1.0,147,1776161523.321639,reply,120.0,64.0,,,,,,,
0,1.0,148,1776161524.308973,reply,120.0,64.0,,,,,,,
0,1.0,149,1776161525.29735,reply,120.0,64.0,,,,,,,
0,1.0,150,1776161529.880876,reply,120.0,64.0,,,,,,,
0,1.0,151,1776161530.86917,reply,120.0,64.0,,,,,,,
0,1.0,153,1776161532.872983,reply,120.0,64.0,,,,,,,
0,1.0,155,1776161534.888787,reply,120.0,64.0,,,,,,,
0,1.0,156,1776161535.877044,reply,120.0,64.0,,,,,,,
0,1.0,157,1776161537.808912,reply,120.0,64.0,,,,,,,
0,1.0,158,1776161539.740396,reply,120.0,64.0,,,,,,,
0,1.0,159,1776161540.727276,reply,120.0,64.0,,,,,,,
0,1.0,160,1776161541.715404,reply,120.0,64.0,,,,,,,
0,1.0,161,1776161542.702829,reply,120.0,64.0,,,,,,,
0,1.0,162,1776161543.689129,reply,120.0,64.0,,,,,,,
0,1.0,163,1776161544.675639,reply,120.0,64.0,,,,,,,
0,1.0,164,1776161545.663822,reply,121.0,64.0,,,,,,,
0,1.0,165,1776161546.652831,reply,123.0,64.0,,,,,,,
0,1.0,166,1776161547.637854,reply,121.0,64.0,,,,,,,
0,1.0,167,1776161548.625025,reply,120.0,64.0,,,,,,,
0,1.0,168,1776161549.61331,reply,120.0,64.0,,,,,,,
0,1.0,169,1776161550.599987,reply,120.0,64.0,,,,,,,
0,1.0,170,1776161551.588127,reply,121.0,64.0,,,,,,,
0,1.0,171,1776161552.575791,reply,120.0,64.0,,,,,,,
0,1.0,172,1776161553.563643,reply,121.0,64.0,,,,,,,
0,1.0,173,1776161554.550251,reply,120.0,64.0,,,,,,,
0,1.0,174,1776161555.537921,reply,120.0,64.0,,,,,,,
0,1.0,175,1776161556.525643,reply,120.0,64.0,,,,,,,
0,1.0,176,1776161557.513466,reply,120.0,64.0,,,,,,,
0,1.0,177,1776161558.501109,reply,120.0,64.0,,,,,,,
0,1.0,178,1776161559.488601,reply,120.0,64.0,,,,,,,
0,1.0,179,1776161560.475998,reply,120.0,64.0,,,,,,,
0,1.0,180,1776161561.46311,reply,120.0,64.0,,,,,,,
0,1.0,181,1776161566.03977,reply,120.0,64.0,,,,,,,
0,1.0,182,1776161567.028562,reply,122.0,64.0,,,,,,,
0,1.0,183,1776161568.013233,reply,120.0,64.0,,,,,,,
0,1.0,184,1776161569.000558,reply,120.0,64.0,,,,,,,
0,1.0,185,1776161569.987605,reply,120.0,64.0,,,,,,,
0,1.0,186,1776161570.975858,reply,121.0,64.0,,,,,,,
0,1.0,187,1776161571.963744,reply,120.0,64.0,,,,,,,
0,1.0,188,1776161572.951685,reply,120.0,64.0,,,,,,,
0,1.0,189,1776161573.939829,reply,120.0,64.0,,,,,,,
0,1.0,190,1776161574.92676,reply,120.0,64.0,,,,,,,
0,1.0,191,1776161575.914906,reply,120.0,64.0,,,,,,,
0,1.0,192,1776161576.902494,reply,120.0,64.0,,,,,,,
0,1.0,193,1776161577.889047,reply,120.0,64.0,,,,,,,
0,1.0,194,1776161578.875482,reply,120.0,64.0,,,,,,,
0,1.0,195,1776161579.862864,reply,120.0,64.0,,,,,,,
0,1.0,196,1776161580.850364,reply,120.0,64.0,,,,,,,
0,1.0,197,1776161581.837947,reply,120.0,64.0,,,,,,,
0,1.0,198,1776161582.825549,reply,120.0,64.0,,,,,,,
0,1.0,199,1776161583.812632,reply,120.0,64.0,,,,,,,
0,1.0,200,1776161584.800053,reply,120.0,64.0,,,,,,,
0,1.0,201,1776161585.787972,reply,120.0,64.0,,,,,,,
0,1.0,202,1776161586.775045,reply,120.0,64.0,,,,,,,
0,1.0,203,1776161587.76233,reply,120.0,64.0,,,,,,,
0,1.0,204,1776161588.749689,reply,121.0,64.0,,,,,,,
0,1.0,205,1776161589.737168,reply,120.0,64.0,,,,,,,
0,1.0,206,1776161590.724292,reply,120.0,64.0,,,,,,,
0,1.0,207,1776161591.712228,reply,120.0,64.0,,,,,,,
0,1.0,208,1776161592.700196,reply,120.0,64.0,,,,,,,
0,1.0,210,1776161594.702126,reply,120.0,64.0,,,,,,,
0,1.0,211,1776161595.689744,reply,121.0,64.0,,,,,,,
0,1.0,212,1776161596.676984,reply,120.0,64.0,,,,,,,
0,1.0,213,1776161601.245384,reply,120.0,64.0,,,,,,,
0,1.0,214,1776161602.23261,reply,121.0,64.0,,,,,,,
0,1.0,215,1776161603.219668,reply,120.0,64.0,,,,,,,
0,1.0,216,1776161604.208311,reply,121.0,64.0,,,,,,,
0,1.0,217,1776161605.195777,reply,120.0,64.0,,,,,,,
0,1.0,218,1776161606.183962,reply,120.0,64.0,,,,,,,
0,1.0,219,1776161607.171992,reply,120.0,64.0,,,,,,,
0,1.0,221,1776161609.163752,reply,120.0,64.0,,,,,,,
0,1.0,222,1776161610.151983,reply,120.0,64.0,,,,,,,
0,1.0,223,1776161611.140134,reply,120.0,64.0,,,,,,,
0,1.0,224,1776161612.126683,reply,121.0,64.0,,,,,,,
0,1.0,225,1776161613.113577,reply,120.0,64.0,,,,,,,
0,1.0,226,1776161614.101249,reply,120.0,64.0,,,,,,,
0,1.0,227,1776161615.089344,reply,121.0,64.0,,,,,,,
0,1.0,228,1776161616.076989,reply,121.0,64.0,,,,,,,
0,1.0,229,1776161617.064528,reply,121.0,64.0,,,,,,,
0,1.0,230,1776161618.052392,reply,120.0,64.0,,,,,,,
0,1.0,231,1776161619.039404,reply,120.0,64.0,,,,,,,
0,1.0,232,1776161620.027326,reply,120.0,64.0,,,,,,,
0,1.0,233,1776161621.015263,reply,120.0,64.0,,,,,,,
0,1.0,234,1776161622.001986,reply,120.0,64.0,,,,,,,
0,1.0,235,1776161622.990076,reply,120.0,64.0,,,,,,,
0,1.0,236,1776161623.978093,reply,120.0,64.0,,,,,,,
0,1.0,237,1776161624.966521,reply,121.0,64.0,,,,,,,
0,1.0,238,1776161625.953628,reply,120.0,64.0,,,,,,,
0,1.0,239,1776161626.941424,reply,120.0,64.0,,,,,,,
0,1.0,240,1776161627.928526,reply,120.0,64.0,,,,,,,
0,1.0,241,1776161628.91654,reply,120.0,64.0,,,,,,,
0,1.0,242,1776161629.90477,reply,120.0,64.0,,,,,,,
0,1.0,243,1776161630.892588,reply,120.0,64.0,,,,,,,
0,1.0,244,1776161631.879414,reply,120.0,64.0,,,,,,,
0,1.0,245,1776161632.866769,reply,120.0,64.0,,,,,,,
0,1.0,246,1776161637.435133,reply,120.0,64.0,,,,,,,
0,1.0,247,1776161638.422539,reply,120.0,64.0,,,,,,,
0,1.0,248,1776161639.410033,reply,120.0,64.0,,,,,,,
0,1.0,249,1776161640.397588,reply,120.0,64.0,,,,,,,
0,1.0,250,1776161641.385035,reply,120.0,64.0,,,,,,,
0,1.0,251,1776161642.372442,reply,120.0,64.0,,,,,,,
0,1.0,252,1776161643.36005,reply,120.0,64.0,,,,,,,
0,1.0,253,1776161644.347631,reply,120.0,64.0,,,,,,,
0,1.0,254,1776161645.334276,reply,120.0,64.0,,,,,,,
0,1.0,255,1776161646.321218,reply,120.0,64.0,,,,,,,
0,1.0,256,1776161647.308346,reply,120.0,64.0,,,,,,,
0,1.0,257,1776161648.296129,reply,120.0,64.0,,,,,,,
0,1.0,258,1776161649.283721,reply,120.0,64.0,,,,,,,
0,1.0,260,1776161651.272781,reply,121.0,64.0,,,,,,,
0,1.0,261,1776161652.260071,reply,120.0,64.0,,,,,,,
0,1.0,262,1776161653.248132,reply,120.0,64.0,,,,,,,
0,1.0,263,1776161654.236188,reply,121.0,64.0,,,,,,,
0,1.0,264,1776161655.223243,reply,120.0,64.0,,,,,,,
0,1.0,265,1776161656.210167,reply,120.0,64.0,,,,,,,
0,1.0,266,1776161657.198366,reply,120.0,64.0,,,,,,,
0,1.0,267,1776161658.186681,reply,121.0,64.0,,,,,,,
0,1.0,268,1776161659.173496,reply,120.0,64.0,,,,,,,
0,1.0,269,1776161660.16177,reply,120.0,64.0,,,,,,,
0,1.0,270,1776161661.150084,reply,120.0,64.0,,,,,,,
0,1.0,271,1776161662.13792,reply,120.0,64.0,,,,,,,
0,1.0,272,1776161663.125329,reply,120.0,64.0,,,,,,,
0,1.0,273,1776161664.112563,reply,120.0,64.0,,,,,,,
0,1.0,274,1776161665.100263,reply,120.0,64.0,,,,,,,
0,1.0,275,1776161666.087093,reply,120.0,64.0,,,,,,,
0,1.0,276,1776161667.07515,reply,120.0,64.0,,,,,,,
0,1.0,277,1776161668.062718,reply,120.0,64.0,,,,,,,
0,1.0,278,1776161669.049895,reply,120.0,64.0,,,,,,,
0,1.0,279,1776161673.60658,reply,120.0,64.0,,,,,,,
0,1.0,280,1776161674.59414,reply,120.0,64.0,,,,,,,
0,1.0,281,1776161675.581823,reply,120.0,64.0,,,,,,,
0,1.0,282,1776161676.569226,reply,120.0,64.0,,,,,,,
0,1.0,283,1776161677.557194,reply,120.0,64.0,,,,,,,
0,1.0,284,1776161678.544793,reply,120.0,64.0,,,,,,,
0,1.0,285,1776161679.531855,reply,120.0,64.0,,,,,,,
0,1.0,286,1776161680.519232,reply,120.0,64.0,,,,,,,
0,1.0,287,1776161681.507257,reply,120.0,64.0,,,,,,,
0,1.0,288,1776161682.500482,reply,120.0,64.0,,,,,,,
0,1.0,289,1776161683.488829,reply,120.0,64.0,,,,,,,
0,1.0,290,1776161684.476075,reply,120.0,64.0,,,,,,,
0,1.0,291,1776161685.463913,reply,120.0,64.0,,,,,,,
0,1.0,292,1776161686.452024,reply,120.0,64.0,,,,,,,
0,1.0,293,1776161687.440173,reply,121.0,64.0,,,,,,,
0,1.0,294,1776161688.428481,reply,120.0,64.0,,,,,,,
0,1.0,295,1776161689.415718,reply,120.0,64.0,,,,,,,
0,1.0,296,1776161690.4027,reply,120.0,64.0,,,,,,,
0,1.0,297,1776161691.390362,reply,120.0,64.0,,,,,,,
0,1.0,298,1776161692.377679,reply,120.0,64.0,,,,,,,
0,1.0,299,1776161693.365738,reply,120.0,64.0,,,,,,,
0,1.0,300,1776161694.353071,reply,120.0,64.0,,,,,,,
0,1.0,301,1776161695.340706,reply,120.0,64.0,,,,,,,
0,1.0,302,1776161696.328467,reply,120.0,64.0,,,,,,,
0,1.0,303,1776161697.315596,reply,120.0,64.0,,,,,,,
0,1.0,304,1776161698.303553,reply,120.0,64.0,,,,,,,
0,1.0,305,1776161699.290921,reply,120.0,64.0,,,,,,,
0,1.0,306,1776161700.277796,reply,120.0,64.0,,,,,,,
0,1.0,307,1776161701.265746,reply,120.0,64.0,,,,,,,
0,1.0,308,1776161702.253604,reply,120.0,64.0,,,,,,,
0,1.0,309,1776161703.242044,reply,121.0,64.0,,,,,,,
0,1.0,310,1776161704.229492,reply,121.0,64.0,,,,,,,
0,1.0,311,1776161708.807962,reply,120.0,64.0,,,,,,,
0,1.0,312,1776161709.796294,reply,120.0,64.0,,,,,,,
0,1.0,313,1776161710.784544,reply,120.0,64.0,,,,,,,
0,1.0,314,1776161711.772051,reply,120.0,64.0,,,,,,,
0,1.0,315,1776161712.760597,reply,121.0,64.0,,,,,,,
0,1.0,316,1776161713.747214,reply,121.0,64.0,,,,,,,
0,1.0,317,1776161714.73369,reply,120.0,64.0,,,,,,,
0,1.0,318,1776161715.721851,reply,120.0,64.0,,,,,,,
0,1.0,319,1776161716.709443,reply,120.0,64.0,,,,,,,
0,1.0,320,1776161717.697997,reply,121.0,64.0,,,,,,,
0,1.0,321,1776161718.684784,reply,121.0,64.0,,,,,,,
0,1.0,322,1776161719.671881,reply,120.0,64.0,,,,,,,
0,1.0,323,1776161720.659839,reply,120.0,64.0,,,,,,,
0,1.0,324,1776161721.646933,reply,120.0,64.0,,,,,,,
0,1.0,325,1776161722.634181,reply,121.0,64.0,,,,,,,
0,1.0,326,1776161723.620691,reply,121.0,64.0,,,,,,,
0,1.0,327,1776161724.60772,reply,120.0,64.0,,,,,,,
0,1.0,328,1776161725.596042,reply,120.0,64.0,,,,,,,
0,1.0,329,1776161726.584275,reply,121.0,64.0,,,,,,,
0,1.0,330,1776161727.575596,reply,125.0,64.0,,,,,,,
0,1.0,331,1776161728.558393,reply,120.0,64.0,,,,,,,
0,1.0,332,1776161729.546134,reply,120.0,64.0,,,,,,,
0,1.0,333,1776161730.533189,reply,120.0,64.0,,,,,,,
0,1.0,334,1776161731.520694,reply,121.0,64.0,,,,,,,
0,1.0,335,1776161732.508684,reply,121.0,64.0,,,,,,,
0,1.0,336,1776161733.495157,reply,120.0,64.0,,,,,,,
0,1.0,337,1776161734.481519,reply,120.0,64.0,,,,,,,
0,1.0,338,1776161735.468984,reply,120.0,64.0,,,,,,,
0,1.0,339,1776161736.457036,reply,120.0,64.0,,,,,,,
0,1.0,340,1776161737.444158,reply,120.0,64.0,,,,,,,
0,1.0,341,1776161738.431705,reply,120.0,64.0,,,,,,,
0,1.0,342,1776161739.418989,reply,120.0,64.0,,,,,,,
0,1.0,343,1776161740.406087,reply,120.0,64.0,,,,,,,
0,1.0,344,1776161744.986322,reply,120.0,64.0,,,,,,,
0,1.0,345,1776161745.973638,reply,120.0,64.0,,,,,,,
0,1.0,346,1776161746.961259,reply,120.0,64.0,,,,,,,
0,1.0,347,1776161747.947706,reply,120.0,64.0,,,,,,,
0,1.0,348,1776161748.935832,reply,121.0,64.0,,,,,,,
0,1.0,349,1776161749.923084,reply,121.0,64.0,,,,,,,
0,1.0,350,1776161750.91126,reply,121.0,64.0,,,,,,,
0,1.0,351,1776161751.898856,reply,120.0,64.0,,,,,,,
0,1.0,352,1776161752.886416,reply,121.0,64.0,,,,,,,
0,1.0,353,1776161753.873729,reply,120.0,64.0,,,,,,,
0,1.0,354,1776161754.861047,reply,120.0,64.0,,,,,,,
0,1.0,355,1776161755.848737,reply,120.0,64.0,,,,,,,
0,1.0,356,1776161756.837207,reply,121.0,64.0,,,,,,,
0,1.0,357,1776161757.823589,reply,120.0,64.0,,,,,,,
0,1.0,358,1776161758.811493,reply,120.0,64.0,,,,,,,
0,1.0,359,1776161759.799292,reply,120.0,64.0,,,,,,,
0,1.0,360,1776161760.786938,reply,121.0,64.0,,,,,,,
0,1.0,361,1776161761.774893,reply,120.0,64.0,,,,,,,
0,1.0,362,1776161762.762899,reply,120.0,64.0,,,,,,,
0,1.0,363,1776161763.750962,reply,120.0,64.0,,,,,,,
0,1.0,364,1776161764.739427,reply,121.0,64.0,,,,,,,
0,1.0,365,1776161765.728007,reply,121.0,64.0,,,,,,,
0,1.0,366,1776161766.715943,reply,120.0,64.0,,,,,,,
0,1.0,367,1776161767.703294,reply,120.0,64.0,,,,,,,
0,1.0,368,1776161768.691204,reply,121.0,64.0,,,,,,,
0,1.0,369,1776161769.678904,reply,121.0,64.0,,,,,,,
0,1.0,370,1776161770.666311,reply,120.0,64.0,,,,,,,
0,1.0,371,1776161771.654875,reply,120.0,64.0,,,,,,,
0,1.0,372,1776161772.643727,reply,121.0,64.0,,,,,,,
0,1.0,373,1776161773.63054,reply,120.0,64.0,,,,,,,
0,1.0,374,1776161774.618547,reply,120.0,64.0,,,,,,,
0,1.0,375,1776161775.605929,reply,120.0,64.0,,,,,,,
0,1.0,376,1776161780.174632,reply,3701.0,64.0,,,,,,,
0,1.0,377,1776161781.161098,reply,120.0,64.0,,,,,,,
0,1.0,378,1776161782.148077,reply,120.0,64.0,,,,,,,
0,1.0,379,1776161783.136216,reply,120.0,64.0,,,,,,,
0,1.0,380,1776161784.124043,reply,121.0,64.0,,,,,,,
0,1.0,381,1776161785.110844,reply,121.0,64.0,,,,,,,
0,1.0,382,1776161786.097947,reply,120.0,64.0,,,,,,,
0,1.0,383,1776161787.086288,reply,121.0,64.0,,,,,,,
0,1.0,384,1776161788.073983,reply,121.0,64.0,,,,,,,
0,1.0,385,1776161789.06129,reply,121.0,64.0,,,,,,,
0,1.0,386,1776161790.048636,reply,121.0,64.0,,,,,,,
0,1.0,387,1776161791.036758,reply,120.0,64.0,,,,,,,
0,1.0,388,1776161792.023319,reply,121.0,64.0,,,,,,,
0,1.0,389,1776161793.011277,reply,120.0,64.0,,,,,,,
0,1.0,390,1776161793.999489,reply,120.0,64.0,,,,,,,
0,1.0,391,1776161794.987901,reply,120.0,64.0,,,,,,,
0,1.0,392,1776161795.976213,reply,120.0,64.0,,,,,,,
0,1.0,393,1776161796.96431,reply,120.0,64.0,,,,,,,
0,1.0,394,1776161797.952038,reply,120.0,64.0,,,,,,,
0,1.0,395,1776161798.94007,reply,120.0,64.0,,,,,,,
0,1.0,396,1776161799.928185,reply,120.0,64.0,,,,,,,
0,1.0,397,1776161800.916358,reply,121.0,64.0,,,,,,,
0,1.0,398,1776161801.902672,reply,120.0,64.0,,,,,,,
0,1.0,399,1776161802.891152,reply,120.0,64.0,,,,,,,
0,1.0,400,1776161803.879021,reply,120.0,64.0,,,,,,,
0,1.0,401,1776161804.867117,reply,120.0,64.0,,,,,,,
0,1.0,402,1776161805.85525,reply,121.0,64.0,,,,,,,
0,1.0,403,1776161806.8425,reply,120.0,64.0,,,,,,,
0,1.0,404,1776161807.830145,reply,120.0,64.0,,,,,,,
0,1.0,405,1776161808.8181,reply,121.0,64.0,,,,,,,
0,1.0,406,1776161809.805132,reply,120.0,64.0,,,,,,,
0,1.0,407,1776161810.792705,reply,120.0,64.0,,,,,,,
0,1.0,408,1776161811.779412,reply,120.0,64.0,,,,,,,
0,1.0,409,1776161816.347164,reply,120.0,64.0,,,,,,,
0,1.0,410,1776161817.334828,reply,120.0,64.0,,,,,,,
0,1.0,411,1776161818.323096,reply,120.0,64.0,,,,,,,
0,1.0,412,1776161819.310743,reply,120.0,64.0,,,,,,,
0,1.0,413,1776161820.302355,reply,120.0,64.0,,,,,,,
0,1.0,414,1776161821.289665,reply,120.0,64.0,,,,,,,
0,1.0,415,1776161822.277197,reply,120.0,64.0,,,,,,,
0,1.0,416,1776161823.265074,reply,120.0,64.0,,,,,,,
0,1.0,417,1776161824.252738,reply,120.0,64.0,,,,,,,
0,1.0,418,1776161825.239084,reply,120.0,64.0,,,,,,,
0,1.0,419,1776161826.219536,reply,120.0,64.0,,,,,,,
0,1.0,420,1776161827.206479,reply,120.0,64.0,,,,,,,
0,1.0,421,1776161828.194065,reply,121.0,64.0,,,,,,,
0,1.0,422,1776161829.181372,reply,120.0,64.0,,,,,,,
0,1.0,423,1776161830.168674,reply,120.0,64.0,,,,,,,
0,1.0,424,1776161831.156845,reply,120.0,64.0,,,,,,,
0,1.0,SUMMARY,,summary,,,,,,,,,
0,1.0,1,1776162335.735139,reply,120.0,64.0,,,,,,,
0,1.0,2,1776162336.722864,reply,120.0,64.0,,,,,,,
0,1.0,3,1776162337.710473,reply,120.0,64.0,,,,,,,
0,1.0,4,1776162338.69853,reply,121.0,64.0,,,,,,,
0,1.0,5,1776162339.684498,reply,120.0,64.0,,,,,,,
0,1.0,6,1776162340.672435,reply,120.0,64.0,,,,,,,
0,1.0,7,1776162341.660361,reply,120.0,64.0,,,,,,,
0,1.0,8,1776162342.647904,reply,120.0,64.0,,,,,,,
0,1.0,9,1776162343.636033,reply,120.0,64.0,,,,,,,
0,1.0,10,1776162344.623446,reply,120.0,64.0,,,,,,,
0,1.0,11,1776162345.61166,reply,121.0,64.0,,,,,,,
0,1.0,12,1776162346.599751,reply,121.0,64.0,,,,,,,
0,1.0,13,1776162347.587036,reply,120.0,64.0,,,,,,,
0,1.0,14,1776162352.158882,reply,120.0,64.0,,,,,,,
0,1.0,15,1776162353.145528,reply,120.0,64.0,,,,,,,
0,1.0,16,1776162354.132363,reply,120.0,64.0,,,,,,,
0,1.0,17,1776162355.120447,reply,121.0,64.0,,,,,,,
0,1.0,18,1776162356.108772,reply,121.0,64.0,,,,,,,
0,1.0,19,1776162357.096803,reply,120.0,64.0,,,,,,,
0,1.0,20,1776162358.084687,reply,120.0,64.0,,,,,,,
0,1.0,21,1776162359.072947,reply,120.0,64.0,,,,,,,
0,1.0,22,1776162360.061119,reply,120.0,64.0,,,,,,,
0,1.0,23,1776162361.048395,reply,120.0,64.0,,,,,,,
0,1.0,24,1776162362.036929,reply,120.0,64.0,,,,,,,
0,1.0,25,1776162363.023414,reply,121.0,64.0,,,,,,,
0,1.0,26,1776162364.009443,reply,120.0,64.0,,,,,,,
0,1.0,27,1776162364.997531,reply,120.0,64.0,,,,,,,
0,1.0,28,1776162365.985086,reply,120.0,64.0,,,,,,,
0,1.0,29,1776162366.973304,reply,120.0,64.0,,,,,,,
0,1.0,30,1776162367.961178,reply,120.0,64.0,,,,,,,
0,1.0,31,1776162368.949036,reply,120.0,64.0,,,,,,,
0,1.0,32,1776162369.93707,reply,120.0,64.0,,,,,,,
0,1.0,33,1776162370.924,reply,120.0,64.0,,,,,,,
0,1.0,34,1776162371.913307,reply,122.0,64.0,,,,,,,
0,1.0,35,1776162372.899264,reply,120.0,64.0,,,,,,,
0,1.0,36,1776162373.886555,reply,120.0,64.0,,,,,,,
0,1.0,37,1776162374.881114,reply,128.0,64.0,,,,,,,
0,1.0,38,1776162375.861434,reply,120.0,64.0,,,,,,,
0,1.0,39,1776162376.849602,reply,120.0,64.0,,,,,,,
0,1.0,41,1776162378.851236,reply,120.0,64.0,,,,,,,
0,1.0,42,1776162379.839121,reply,120.0,64.0,,,,,,,
0,1.0,43,1776162380.826299,reply,120.0,64.0,,,,,,,
0,1.0,44,1776162381.813377,reply,120.0,64.0,,,,,,,
0,1.0,45,1776162382.800789,reply,120.0,64.0,,,,,,,
0,1.0,46,1776162383.787598,reply,120.0,64.0,,,,,,,
0,1.0,48,1776162389.383701,reply,120.0,64.0,,,,,,,
0,1.0,49,1776162390.371152,reply,120.0,64.0,,,,,,,
0,1.0,51,1776162393.303543,reply,120.0,64.0,,,,,,,
0,1.0,52,1776162394.291771,reply,120.0,64.0,,,,,,,
0,1.0,53,1776162395.279037,reply,120.0,64.0,,,,,,,
0,1.0,54,1776162398.155752,reply,120.0,64.0,,,,,,,
0,1.0,55,1776162399.143975,reply,120.0,64.0,,,,,,,
0,1.0,56,1776162401.077612,reply,120.0,64.0,,,,,,,
0,1.0,57,1776162402.064468,reply,120.0,64.0,,,,,,,
0,1.0,58,1776162403.052348,reply,120.0,64.0,,,,,,,
0,1.0,59,1776162405.928009,reply,120.0,64.0,,,,,,,
0,1.0,60,1776162406.916454,reply,120.0,64.0,,,,,,,
0,1.0,63,1776162410.891594,reply,120.0,64.0,,,,,,,
0,1.0,65,1776162413.848425,reply,120.0,64.0,,,,,,,
0,1.0,66,1776162414.836247,reply,120.0,64.0,,,,,,,
0,1.0,67,1776162415.826026,reply,122.0,64.0,,,,,,,
0,1.0,68,1776162416.812424,reply,120.0,64.0,,,,,,,
0,1.0,69,1776162419.688191,reply,120.0,64.0,,,,,,,
0,1.0,70,1776162424.252259,reply,120.0,64.0,,,,,,,
0,1.0,71,1776162425.239922,reply,120.0,64.0,,,,,,,
0,1.0,72,1776162427.173449,reply,120.0,64.0,,,,,,,
0,1.0,74,1776162429.184402,reply,120.0,64.0,,,,,,,
0,1.0,75,1776162430.171647,reply,120.0,64.0,,,,,,,
0,1.0,76,1776162431.159306,reply,120.0,64.0,,,,,,,
0,1.0,77,1776162432.147347,reply,120.0,64.0,,,,,,,
0,1.0,78,1776162433.135311,reply,120.0,64.0,,,,,,,
0,1.0,80,1776162437.025791,reply,120.0,64.0,,,,,,,
0,1.0,81,1776162439.905153,reply,120.0,64.0,,,,,,,
0,1.0,83,1776162443.808394,reply,120.0,64.0,,,,,,,
0,1.0,85,1776162447.712407,reply,120.0,64.0,,,,,,,
0,1.0,86,1776162451.535312,reply,120.0,64.0,,,,,,,
0,1.0,87,1776162452.52347,reply,121.0,64.0,,,,,,,
0,1.0,88,1776162453.510492,reply,120.0,64.0,,,,,,,
0,1.0,89,1776162462.809721,reply,120.0,64.0,,,,,,,
0,1.0,90,1776162463.797053,reply,120.0,64.0,,,,,,,
0,1.0,92,1776162469.575243,reply,120.0,64.0,,,,,,,
0,1.0,93,1776162470.563669,reply,120.0,64.0,,,,,,,
0,1.0,94,1776162471.552087,reply,120.0,64.0,,,,,,,
0,1.0,95,1776162472.539915,reply,121.0,64.0,,,,,,,
0,1.0,96,1776162473.527391,reply,120.0,64.0,,,,,,,
0,1.0,98,1776162477.416175,reply,120.0,64.0,,,,,,,
0,1.0,99,1776162478.404292,reply,120.0,64.0,,,,,,,
0,1.0,101,1776162480.421583,reply,120.0,64.0,,,,,,,
0,1.0,102,1776162481.409489,reply,120.0,64.0,,,,,,,
0,1.0,103,1776162482.397933,reply,120.0,64.0,,,,,,,
0,1.0,104,1776162484.329894,reply,120.0,64.0,,,,,,,
0,1.0,105,1776162485.31805,reply,120.0,64.0,,,,,,,
0,1.0,106,1776162486.305366,reply,120.0,64.0,,,,,,,
0,1.0,107,1776162488.23752,reply,120.0,64.0,,,,,,,
0,1.0,108,1776162489.225014,reply,120.0,64.0,,,,,,,
0,1.0,109,1776162497.578976,reply,120.0,64.0,,,,,,,
0,1.0,110,1776162498.567436,reply,120.0,64.0,,,,,,,
0,1.0,111,1776162499.555883,reply,120.0,64.0,,,,,,,
0,1.0,113,1776162501.586437,reply,132.0,64.0,,,,,,,
0,1.0,114,1776162502.559978,reply,120.0,64.0,,,,,,,
0,1.0,115,1776162503.547257,reply,120.0,64.0,,,,,,,
0,1.0,116,1776162504.534542,reply,120.0,64.0,,,,,,,
0,1.0,117,1776162505.522509,reply,120.0,64.0,,,,,,,
0,1.0,118,1776162506.510641,reply,120.0,64.0,,,,,,,
0,1.0,119,1776162507.498589,reply,120.0,64.0,,,,,,,
0,1.0,120,1776162508.486936,reply,120.0,64.0,,,,,,,
0,1.0,121,1776162509.475065,reply,120.0,64.0,,,,,,,
0,1.0,123,1776162511.494423,reply,120.0,64.0,,,,,,,
0,1.0,124,1776162512.48281,reply,120.0,64.0,,,,,,,
0,1.0,125,1776162514.414943,reply,120.0,64.0,,,,,,,
0,1.0,126,1776162515.403202,reply,120.0,64.0,,,,,,,
0,1.0,127,1776162516.391412,reply,120.0,64.0,,,,,,,
0,1.0,129,1776162519.338367,reply,120.0,64.0,,,,,,,
0,1.0,130,1776162520.326582,reply,120.0,64.0,,,,,,,
0,1.0,131,1776162521.313663,reply,120.0,64.0,,,,,,,
0,1.0,132,1776162522.300811,reply,120.0,64.0,,,,,,,
0,1.0,133,1776162523.288567,reply,120.0,64.0,,,,,,,
0,1.0,134,1776162524.276775,reply,120.0,64.0,,,,,,,
0,1.0,136,1776162527.224081,reply,120.0,64.0,,,,,,,
0,1.0,137,1776162531.776517,reply,120.0,64.0,,,,,,,
0,1.0,138,1776162532.764802,reply,120.0,64.0,,,,,,,
0,1.0,140,1776162535.701869,reply,123.0,64.0,,,,,,,
0,1.0,141,1776162536.686246,reply,120.0,64.0,,,,,,,
0,1.0,142,1776162537.674608,reply,120.0,64.0,,,,,,,
0,1.0,144,1776162539.66753,reply,120.0,64.0,,,,,,,
0,1.0,145,1776162540.656625,reply,122.0,64.0,,,,,,,
0,1.0,148,1776162544.631332,reply,120.0,64.0,,,,,,,
0,1.0,150,1776162546.643418,reply,120.0,64.0,,,,,,,
0,1.0,152,1776162548.660127,reply,121.0,64.0,,,,,,,
0,1.0,154,1776162550.675378,reply,120.0,64.0,,,,,,,
0,1.0,155,1776162551.66357,reply,120.0,64.0,,,,,,,
0,1.0,156,1776162552.651472,reply,120.0,64.0,,,,,,,
0,1.0,157,1776162553.638754,reply,120.0,64.0,,,,,,,
0,1.0,158,1776162554.624945,reply,120.0,64.0,,,,,,,
0,1.0,159,1776162555.612028,reply,120.0,64.0,,,,,,,
0,1.0,160,1776162556.598986,reply,120.0,64.0,,,,,,,
0,1.0,161,1776162557.587251,reply,121.0,64.0,,,,,,,
0,1.0,162,1776162558.573517,reply,120.0,64.0,,,,,,,
0,1.0,163,1776162559.561998,reply,123.0,64.0,,,,,,,
0,1.0,164,1776162560.547694,reply,121.0,64.0,,,,,,,
0,1.0,165,1776162561.53507,reply,120.0,64.0,,,,,,,
0,1.0,166,1776162562.522751,reply,120.0,64.0,,,,,,,
0,1.0,167,1776162567.104621,reply,121.0,64.0,,,,,,,
0,1.0,169,1776162569.116832,reply,120.0,64.0,,,,,,,
0,1.0,170,1776162570.104553,reply,120.0,64.0,,,,,,,
0,1.0,171,1776162571.092579,reply,120.0,64.0,,,,,,,
0,1.0,172,1776162572.080589,reply,120.0,64.0,,,,,,,
0,1.0,173,1776162573.068718,reply,120.0,64.0,,,,,,,
0,1.0,174,1776162574.056889,reply,120.0,64.0,,,,,,,
0,1.0,175,1776162575.045176,reply,121.0,64.0,,,,,,,
0,1.0,176,1776162576.03288,reply,121.0,64.0,,,,,,,
0,1.0,177,1776162577.021067,reply,120.0,64.0,,,,,,,
0,1.0,178,1776162578.009365,reply,120.0,64.0,,,,,,,
0,1.0,179,1776162578.996933,reply,121.0,64.0,,,,,,,
0,1.0,180,1776162579.984731,reply,120.0,64.0,,,,,,,
0,1.0,181,1776162580.972798,reply,120.0,64.0,,,,,,,
0,1.0,182,1776162581.960757,reply,120.0,64.0,,,,,,,
0,1.0,183,1776162582.948572,reply,121.0,64.0,,,,,,,
0,1.0,184,1776162583.935721,reply,120.0,64.0,,,,,,,
0,1.0,185,1776162584.923427,reply,120.0,64.0,,,,,,,
0,1.0,186,1776162585.911774,reply,121.0,64.0,,,,,,,
0,1.0,187,1776162586.899266,reply,120.0,64.0,,,,,,,
0,1.0,188,1776162587.887098,reply,120.0,64.0,,,,,,,
0,1.0,189,1776162588.874848,reply,121.0,64.0,,,,,,,
0,1.0,190,1776162589.862969,reply,120.0,64.0,,,,,,,
0,1.0,191,1776162590.851161,reply,121.0,64.0,,,,,,,
0,1.0,192,1776162591.838856,reply,120.0,64.0,,,,,,,
0,1.0,193,1776162592.827238,reply,121.0,64.0,,,,,,,
0,1.0,194,1776162593.814508,reply,120.0,64.0,,,,,,,
0,1.0,195,1776162594.801886,reply,120.0,64.0,,,,,,,
0,1.0,196,1776162595.790515,reply,120.0,64.0,,,,,,,
0,1.0,197,1776162596.782755,reply,125.0,64.0,,,,,,,
0,1.0,198,1776162597.764214,reply,120.0,64.0,,,,,,,
0,1.0,199,1776162598.751056,reply,120.0,64.0,,,,,,,
0,1.0,200,1776162603.317611,reply,120.0,64.0,,,,,,,
0,1.0,201,1776162604.304385,reply,120.0,64.0,,,,,,,
0,1.0,202,1776162605.292419,reply,120.0,64.0,,,,,,,
0,1.0,203,1776162606.279317,reply,120.0,64.0,,,,,,,
0,1.0,204,1776162607.267209,reply,121.0,64.0,,,,,,,
0,1.0,205,1776162608.254485,reply,120.0,64.0,,,,,,,
0,1.0,206,1776162609.242203,reply,120.0,64.0,,,,,,,
0,1.0,207,1776162610.230084,reply,121.0,64.0,,,,,,,
0,1.0,208,1776162611.217268,reply,120.0,64.0,,,,,,,
0,1.0,209,1776162612.203648,reply,121.0,64.0,,,,,,,
0,1.0,210,1776162613.190498,reply,120.0,64.0,,,,,,,
0,1.0,211,1776162614.177771,reply,120.0,64.0,,,,,,,
0,1.0,212,1776162615.165841,reply,120.0,64.0,,,,,,,
0,1.0,213,1776162616.153633,reply,120.0,64.0,,,,,,,
0,1.0,214,1776162617.141036,reply,120.0,64.0,,,,,,,
0,1.0,215,1776162618.128961,reply,120.0,64.0,,,,,,,
0,1.0,216,1776162619.116483,reply,120.0,64.0,,,,,,,
0,1.0,217,1776162620.104048,reply,120.0,64.0,,,,,,,
0,1.0,218,1776162621.091381,reply,120.0,64.0,,,,,,,
0,1.0,219,1776162622.079336,reply,120.0,64.0,,,,,,,
0,1.0,220,1776162623.066017,reply,120.0,64.0,,,,,,,
0,1.0,221,1776162624.054404,reply,120.0,64.0,,,,,,,
0,1.0,222,1776162625.041492,reply,120.0,64.0,,,,,,,
0,1.0,223,1776162626.030163,reply,121.0,64.0,,,,,,,
0,1.0,224,1776162627.01691,reply,120.0,64.0,,,,,,,
0,1.0,225,1776162628.003856,reply,120.0,64.0,,,,,,,
0,1.0,226,1776162628.991335,reply,121.0,64.0,,,,,,,
0,1.0,227,1776162629.978826,reply,121.0,64.0,,,,,,,
0,1.0,228,1776162630.96588,reply,120.0,64.0,,,,,,,
0,1.0,229,1776162631.953991,reply,120.0,64.0,,,,,,,
0,1.0,230,1776162632.940647,reply,120.0,64.0,,,,,,,
0,1.0,231,1776162633.928211,reply,120.0,64.0,,,,,,,
0,1.0,232,1776162638.495888,reply,3700.0,64.0,,,,,,,
0,1.0,233,1776162639.483776,reply,120.0,64.0,,,,,,,
0,1.0,234,1776162640.471999,reply,121.0,64.0,,,,,,,
0,1.0,235,1776162641.458998,reply,120.0,64.0,,,,,,,
0,1.0,236,1776162642.446515,reply,120.0,64.0,,,,,,,
0,1.0,237,1776162643.434264,reply,120.0,64.0,,,,,,,
0,1.0,238,1776162644.421203,reply,120.0,64.0,,,,,,,
0,1.0,239,1776162645.408934,reply,120.0,64.0,,,,,,,
0,1.0,240,1776162646.394304,reply,120.0,64.0,,,,,,,
0,1.0,241,1776162647.38074,reply,120.0,64.0,,,,,,,
0,1.0,242,1776162648.367569,reply,120.0,64.0,,,,,,,
0,1.0,243,1776162649.355996,reply,120.0,64.0,,,,,,,
0,1.0,244,1776162650.343303,reply,120.0,64.0,,,,,,,
0,1.0,245,1776162651.330657,reply,120.0,64.0,,,,,,,
0,1.0,246,1776162652.318607,reply,120.0,64.0,,,,,,,
0,1.0,247,1776162653.306235,reply,120.0,64.0,,,,,,,
0,1.0,248,1776162654.294248,reply,120.0,64.0,,,,,,,
0,1.0,249,1776162655.282508,reply,120.0,64.0,,,,,,,
0,1.0,250,1776162656.270567,reply,120.0,64.0,,,,,,,
0,1.0,251,1776162657.256387,reply,120.0,64.0,,,,,,,
0,1.0,252,1776162658.243431,reply,120.0,64.0,,,,,,,
0,1.0,253,1776162659.231277,reply,120.0,64.0,,,,,,,
0,1.0,254,1776162660.219146,reply,120.0,64.0,,,,,,,
0,1.0,255,1776162661.206768,reply,120.0,64.0,,,,,,,
0,1.0,256,1776162662.194869,reply,120.0,64.0,,,,,,,
0,1.0,257,1776162663.183085,reply,120.0,64.0,,,,,,,
0,1.0,258,1776162664.171075,reply,121.0,64.0,,,,,,,
0,1.0,259,1776162665.159266,reply,120.0,64.0,,,,,,,
0,1.0,260,1776162666.146561,reply,120.0,64.0,,,,,,,
0,1.0,261,1776162667.133269,reply,120.0,64.0,,,,,,,
0,1.0,262,1776162668.121044,reply,120.0,64.0,,,,,,,
0,1.0,263,1776162669.108583,reply,120.0,64.0,,,,,,,
0,1.0,264,1776162670.096091,reply,120.0,64.0,,,,,,,
0,1.0,265,1776162674.676122,reply,121.0,64.0,,,,,,,
0,1.0,266,1776162675.664127,reply,121.0,64.0,,,,,,,
0,1.0,267,1776162676.651969,reply,120.0,64.0,,,,,,,
0,1.0,268,1776162677.640381,reply,120.0,64.0,,,,,,,
0,1.0,269,1776162678.628082,reply,120.0,64.0,,,,,,,
0,1.0,270,1776162679.616296,reply,121.0,64.0,,,,,,,
0,1.0,271,1776162680.602536,reply,121.0,64.0,,,,,,,
0,1.0,272,1776162681.590368,reply,120.0,64.0,,,,,,,
0,1.0,273,1776162682.576025,reply,120.0,64.0,,,,,,,
0,1.0,274,1776162683.564224,reply,120.0,64.0,,,,,,,
0,1.0,275,1776162684.552006,reply,120.0,64.0,,,,,,,
0,1.0,276,1776162685.540031,reply,120.0,64.0,,,,,,,
0,1.0,277,1776162686.527068,reply,120.0,64.0,,,,,,,
0,1.0,278,1776162687.51534,reply,121.0,64.0,,,,,,,
0,1.0,279,1776162688.502783,reply,120.0,64.0,,,,,,,
0,1.0,280,1776162689.490733,reply,120.0,64.0,,,,,,,
0,1.0,281,1776162690.477855,reply,120.0,64.0,,,,,,,
0,1.0,283,1776162692.474703,reply,120.0,64.0,,,,,,,
0,1.0,284,1776162693.463223,reply,120.0,64.0,,,,,,,
0,1.0,285,1776162694.450213,reply,120.0,64.0,,,,,,,
0,1.0,286,1776162695.437783,reply,120.0,64.0,,,,,,,
0,1.0,287,1776162696.425624,reply,120.0,64.0,,,,,,,
0,1.0,288,1776162697.413184,reply,120.0,64.0,,,,,,,
0,1.0,289,1776162698.401656,reply,121.0,64.0,,,,,,,
0,1.0,290,1776162699.388936,reply,120.0,64.0,,,,,,,
0,1.0,291,1776162700.37622,reply,121.0,64.0,,,,,,,
0,1.0,292,1776162701.362678,reply,120.0,64.0,,,,,,,
0,1.0,293,1776162702.351021,reply,120.0,64.0,,,,,,,
0,1.0,294,1776162703.339075,reply,120.0,64.0,,,,,,,
0,1.0,295,1776162704.326463,reply,120.0,64.0,,,,,,,
0,1.0,296,1776162705.314015,reply,120.0,64.0,,,,,,,
0,1.0,297,1776162706.301289,reply,120.0,64.0,,,,,,,
0,1.0,298,1776162710.865083,reply,120.0,64.0,,,,,,,
0,1.0,299,1776162711.85254,reply,120.0,64.0,,,,,,,
0,1.0,300,1776162712.840066,reply,120.0,64.0,,,,,,,
0,1.0,301,1776162713.828198,reply,120.0,64.0,,,,,,,
0,1.0,302,1776162714.81558,reply,120.0,64.0,,,,,,,
0,1.0,303,1776162715.803875,reply,120.0,64.0,,,,,,,
0,1.0,304,1776162716.791475,reply,120.0,64.0,,,,,,,
0,1.0,305,1776162717.779901,reply,120.0,64.0,,,,,,,
0,1.0,306,1776162718.767327,reply,120.0,64.0,,,,,,,
0,1.0,307,1776162719.755092,reply,121.0,64.0,,,,,,,
0,1.0,308,1776162720.741799,reply,120.0,64.0,,,,,,,
0,1.0,309,1776162721.729459,reply,120.0,64.0,,,,,,,
0,1.0,310,1776162722.717407,reply,120.0,64.0,,,,,,,
0,1.0,311,1776162723.705333,reply,120.0,64.0,,,,,,,
0,1.0,312,1776162724.691987,reply,121.0,64.0,,,,,,,
0,1.0,313,1776162725.678998,reply,120.0,64.0,,,,,,,
0,1.0,314,1776162726.666752,reply,120.0,64.0,,,,,,,
0,1.0,315,1776162727.654363,reply,120.0,64.0,,,,,,,
0,1.0,316,1776162728.641291,reply,121.0,64.0,,,,,,,
0,1.0,317,1776162729.628082,reply,120.0,64.0,,,,,,,
0,1.0,318,1776162730.616185,reply,120.0,64.0,,,,,,,
0,1.0,319,1776162731.602256,reply,120.0,64.0,,,,,,,
0,1.0,320,1776162732.590654,reply,120.0,64.0,,,,,,,
0,1.0,321,1776162733.578825,reply,120.0,64.0,,,,,,,
0,1.0,323,1776162735.571302,reply,120.0,64.0,,,,,,,
0,1.0,324,1776162736.5586,reply,120.0,64.0,,,,,,,
0,1.0,325,1776162737.545907,reply,120.0,64.0,,,,,,,
0,1.0,326,1776162738.533316,reply,120.0,64.0,,,,,,,
0,1.0,327,1776162739.520987,reply,120.0,64.0,,,,,,,
0,1.0,328,1776162740.509014,reply,120.0,64.0,,,,,,,
0,1.0,329,1776162741.496163,reply,120.0,64.0,,,,,,,
0,1.0,330,1776162746.075241,reply,3712.0,64.0,,,,,,,
0,1.0,331,1776162747.062802,reply,120.0,64.0,,,,,,,
0,1.0,332,1776162748.04923,reply,120.0,64.0,,,,,,,
0,1.0,333,1776162749.036056,reply,120.0,64.0,,,,,,,
0,1.0,334,1776162750.023596,reply,120.0,64.0,,,,,,,
0,1.0,335,1776162751.011325,reply,120.0,64.0,,,,,,,
0,1.0,336,1776162751.999431,reply,120.0,64.0,,,,,,,
0,1.0,337,1776162752.986889,reply,120.0,64.0,,,,,,,
0,1.0,338,1776162753.975083,reply,120.0,64.0,,,,,,,
0,1.0,339,1776162754.962295,reply,120.0,64.0,,,,,,,
0,1.0,340,1776162755.949934,reply,120.0,64.0,,,,,,,
0,1.0,341,1776162756.937839,reply,120.0,64.0,,,,,,,
0,1.0,342,1776162757.925836,reply,120.0,64.0,,,,,,,
0,1.0,343,1776162758.912115,reply,120.0,64.0,,,,,,,
0,1.0,344,1776162759.899278,reply,120.0,64.0,,,,,,,
0,1.0,345,1776162760.88639,reply,120.0,64.0,,,,,,,
0,1.0,346,1776162761.87362,reply,120.0,64.0,,,,,,,
0,1.0,347,1776162762.860585,reply,120.0,64.0,,,,,,,
0,1.0,348,1776162763.848776,reply,121.0,64.0,,,,,,,
0,1.0,349,1776162764.83675,reply,120.0,64.0,,,,,,,
0,1.0,350,1776162765.823469,reply,120.0,64.0,,,,,,,
0,1.0,351,1776162766.811619,reply,120.0,64.0,,,,,,,
0,1.0,352,1776162767.799601,reply,120.0,64.0,,,,,,,
0,1.0,353,1776162768.785774,reply,120.0,64.0,,,,,,,
0,1.0,354,1776162769.773105,reply,120.0,64.0,,,,,,,
0,1.0,355,1776162770.760476,reply,120.0,64.0,,,,,,,
0,1.0,356,1776162771.747933,reply,120.0,64.0,,,,,,,
0,1.0,357,1776162772.735585,reply,120.0,64.0,,,,,,,
0,1.0,358,1776162773.723769,reply,121.0,64.0,,,,,,,
0,1.0,359,1776162774.711686,reply,120.0,64.0,,,,,,,
0,1.0,360,1776162775.699241,reply,120.0,64.0,,,,,,,
0,1.0,361,1776162776.687412,reply,120.0,64.0,,,,,,,
0,1.0,362,1776162777.675269,reply,120.0,64.0,,,,,,,
0,1.0,363,1776162782.246268,reply,120.0,64.0,,,,,,,
0,1.0,364,1776162783.232927,reply,120.0,64.0,,,,,,,
0,1.0,365,1776162784.220316,reply,120.0,64.0,,,,,,,
0,1.0,366,1776162785.208488,reply,120.0,64.0,,,,,,,
0,1.0,367,1776162786.195628,reply,120.0,64.0,,,,,,,
0,1.0,368,1776162787.183408,reply,120.0,64.0,,,,,,,
0,1.0,369,1776162788.171006,reply,120.0,64.0,,,,,,,
0,1.0,370,1776162789.158655,reply,120.0,64.0,,,,,,,
0,1.0,371,1776162790.146444,reply,120.0,64.0,,,,,,,
0,1.0,372,1776162791.13415,reply,121.0,64.0,,,,,,,
0,1.0,373,1776162792.120543,reply,120.0,64.0,,,,,,,
0,1.0,374,1776162793.106818,reply,120.0,64.0,,,,,,,
0,1.0,375,1776162794.094454,reply,120.0,64.0,,,,,,,
0,1.0,376,1776162795.082364,reply,120.0,64.0,,,,,,,
0,1.0,377,1776162796.06977,reply,120.0,64.0,,,,,,,
0,1.0,378,1776162797.057413,reply,120.0,64.0,,,,,,,
0,1.0,379,1776162798.04544,reply,121.0,64.0,,,,,,,
0,1.0,380,1776162799.033109,reply,120.0,64.0,,,,,,,
0,1.0,381,1776162800.020557,reply,120.0,64.0,,,,,,,
0,1.0,382,1776162801.007467,reply,120.0,64.0,,,,,,,
0,1.0,383,1776162801.995293,reply,120.0,64.0,,,,,,,
0,1.0,384,1776162802.982193,reply,120.0,64.0,,,,,,,
0,1.0,385,1776162803.970409,reply,121.0,64.0,,,,,,,
0,1.0,386,1776162804.957898,reply,120.0,64.0,,,,,,,
0,1.0,387,1776162805.946122,reply,121.0,64.0,,,,,,,
0,1.0,388,1776162806.933784,reply,120.0,64.0,,,,,,,
0,1.0,389,1776162807.921359,reply,120.0,64.0,,,,,,,
0,1.0,390,1776162808.908224,reply,120.0,64.0,,,,,,,
0,1.0,391,1776162809.89578,reply,120.0,64.0,,,,,,,
0,1.0,392,1776162810.883516,reply,121.0,64.0,,,,,,,
0,1.0,393,1776162811.8703,reply,120.0,64.0,,,,,,,
0,1.0,394,1776162812.85659,reply,120.0,64.0,,,,,,,
0,1.0,395,1776162813.84462,reply,120.0,64.0,,,,,,,
0,1.0,396,1776162818.420563,reply,120.0,64.0,,,,,,,
0,1.0,397,1776162819.408505,reply,121.0,64.0,,,,,,,
0,1.0,398,1776162820.395665,reply,120.0,64.0,,,,,,,
0,1.0,399,1776162821.38321,reply,120.0,64.0,,,,,,,
0,1.0,400,1776162822.370827,reply,120.0,64.0,,,,,,,
0,1.0,401,1776162823.357622,reply,120.0,64.0,,,,,,,
0,1.0,402,1776162824.344894,reply,120.0,64.0,,,,,,,
0,1.0,403,1776162825.332434,reply,120.0,64.0,,,,,,,
0,1.0,404,1776162826.318918,reply,120.0,64.0,,,,,,,
0,1.0,405,1776162827.302847,reply,120.0,64.0,,,,,,,
0,1.0,406,1776162828.290642,reply,120.0,64.0,,,,,,,
0,1.0,407,1776162829.278215,reply,120.0,64.0,,,,,,,
0,1.0,408,1776162830.265857,reply,120.0,64.0,,,,,,,
0,1.0,409,1776162831.253447,reply,120.0,64.0,,,,,,,
0,1.0,410,1776162832.24029,reply,120.0,64.0,,,,,,,
0,1.0,411,1776162833.228247,reply,121.0,64.0,,,,,,,
0,1.0,412,1776162834.215909,reply,120.0,64.0,,,,,,,
0,1.0,413,1776162835.203657,reply,120.0,64.0,,,,,,,
0,1.0,SUMMARY,,summary,,,,,,,,,
0,1.0,1,1776163340.290828,reply,120.0,64.0,,,,,,,
0,1.0,2,1776163341.277771,reply,120.0,64.0,,,,,,,
0,1.0,3,1776163342.26597,reply,120.0,64.0,,,,,,,
0,1.0,4,1776163343.253764,reply,120.0,64.0,,,,,,,
0,1.0,5,1776163344.24173,reply,120.0,64.0,,,,,,,
0,1.0,6,1776163345.228556,reply,120.0,64.0,,,,,,,
0,1.0,7,1776163346.215192,reply,120.0,64.0,,,,,,,
0,1.0,8,1776163347.202898,reply,120.0,64.0,,,,,,,
0,1.0,9,1776163348.18979,reply,120.0,64.0,,,,,,,
0,1.0,10,1776163349.177222,reply,120.0,64.0,,,,,,,
0,1.0,11,1776163353.735078,reply,121.0,64.0,,,,,,,
0,1.0,12,1776163354.722281,reply,120.0,64.0,,,,,,,
0,1.0,13,1776163355.70956,reply,120.0,64.0,,,,,,,
0,1.0,14,1776163356.696799,reply,120.0,64.0,,,,,,,
0,1.0,15,1776163357.685012,reply,120.0,64.0,,,,,,,
0,1.0,16,1776163358.673213,reply,120.0,64.0,,,,,,,
0,1.0,17,1776163359.659912,reply,120.0,64.0,,,,,,,
0,1.0,18,1776163360.64796,reply,120.0,64.0,,,,,,,
0,1.0,19,1776163361.634602,reply,120.0,64.0,,,,,,,
0,1.0,20,1776163362.622801,reply,120.0,64.0,,,,,,,
0,1.0,21,1776163363.611092,reply,120.0,64.0,,,,,,,
0,1.0,22,1776163364.597677,reply,120.0,64.0,,,,,,,
0,1.0,23,1776163365.586337,reply,120.0,64.0,,,,,,,
0,1.0,24,1776163366.573633,reply,120.0,64.0,,,,,,,
0,1.0,25,1776163367.560813,reply,120.0,64.0,,,,,,,
0,1.0,26,1776163368.547902,reply,120.0,64.0,,,,,,,
0,1.0,27,1776163369.528877,reply,120.0,64.0,,,,,,,
0,1.0,28,1776163370.518887,reply,123.0,64.0,,,,,,,
0,1.0,29,1776163371.504158,reply,120.0,64.0,,,,,,,
0,1.0,30,1776163373.436537,reply,120.0,64.0,,,,,,,
0,1.0,31,1776163374.423746,reply,120.0,64.0,,,,,,,
0,1.0,32,1776163375.406629,reply,120.0,64.0,,,,,,,
0,1.0,33,1776163376.394631,reply,120.0,64.0,,,,,,,
0,1.0,34,1776163377.382641,reply,120.0,64.0,,,,,,,
0,1.0,35,1776163378.370685,reply,120.0,64.0,,,,,,,
0,1.0,36,1776163380.303343,reply,120.0,64.0,,,,,,,
0,1.0,37,1776163382.23581,reply,120.0,64.0,,,,,,,
0,1.0,38,1776163383.222545,reply,120.0,64.0,,,,,,,
0,1.0,39,1776163384.210557,reply,121.0,64.0,,,,,,,
0,1.0,40,1776163389.730724,reply,120.0,64.0,,,,,,,
0,1.0,41,1776163390.718851,reply,120.0,64.0,,,,,,,
0,1.0,42,1776163392.652021,reply,120.0,64.0,,,,,,,
0,1.0,43,1776163393.639083,reply,120.0,64.0,,,,,,,
0,1.0,44,1776163395.571607,reply,120.0,64.0,,,,,,,
0,1.0,45,1776163396.557925,reply,120.0,64.0,,,,,,,
0,1.0,46,1776163397.545751,reply,120.0,64.0,,,,,,,
0,1.0,49,1776163401.512617,reply,120.0,64.0,,,,,,,
0,1.0,50,1776163402.499569,reply,120.0,64.0,,,,,,,
0,1.0,51,1776163403.487831,reply,120.0,64.0,,,,,,,
0,1.0,53,1776163405.495869,reply,120.0,64.0,,,,,,,
0,1.0,54,1776163407.427404,reply,120.0,64.0,,,,,,,
0,1.0,55,1776163408.414601,reply,120.0,64.0,,,,,,,
0,1.0,56,1776163409.402614,reply,120.0,64.0,,,,,,,
0,1.0,57,1776163410.390852,reply,120.0,64.0,,,,,,,
0,1.0,58,1776163414.210873,reply,120.0,64.0,,,,,,,
0,1.0,59,1776163415.199124,reply,120.0,64.0,,,,,,,
0,1.0,60,1776163416.19101,reply,124.0,64.0,,,,,,,
0,1.0,61,1776163418.117189,reply,120.0,64.0,,,,,,,
0,1.0,62,1776163419.105452,reply,120.0,64.0,,,,,,,
0,1.0,63,1776163420.092764,reply,120.0,64.0,,,,,,,
0,1.0,64,1776163427.506004,reply,122.0,64.0,,,,,,,
0,1.0,66,1776163429.501156,reply,121.0,64.0,,,,,,,
0,1.0,67,1776163430.486368,reply,120.0,64.0,,,,,,,
0,1.0,68,1776163432.417243,reply,120.0,64.0,,,,,,,
0,1.0,69,1776163433.403002,reply,120.0,64.0,,,,,,,
0,1.0,70,1776163434.391479,reply,120.0,64.0,,,,,,,
0,1.0,71,1776163437.266873,reply,120.0,64.0,,,,,,,
0,1.0,72,1776163438.254077,reply,120.0,64.0,,,,,,,
0,1.0,73,1776163439.241206,reply,120.0,64.0,,,,,,,
0,1.0,74,1776163440.226111,reply,120.0,64.0,,,,,,,
0,1.0,75,1776163441.214649,reply,121.0,64.0,,,,,,,
0,1.0,76,1776163443.145297,reply,120.0,64.0,,,,,,,
0,1.0,77,1776163444.133118,reply,120.0,64.0,,,,,,,
0,1.0,78,1776163446.065413,reply,120.0,64.0,,,,,,,
0,1.0,79,1776163447.052467,reply,120.0,64.0,,,,,,,
0,1.0,80,1776163448.040198,reply,120.0,64.0,,,,,,,
0,1.0,81,1776163450.91819,reply,120.0,64.0,,,,,,,
0,1.0,84,1776163453.948379,reply,120.0,64.0,,,,,,,
0,1.0,85,1776163456.824107,reply,120.0,64.0,,,,,,,
0,1.0,86,1776163462.336684,reply,120.0,64.0,,,,,,,
0,1.0,87,1776163463.324118,reply,120.0,64.0,,,,,,,
0,1.0,88,1776163464.311581,reply,120.0,64.0,,,,,,,
0,1.0,90,1776163466.328001,reply,120.0,64.0,,,,,,,
0,1.0,92,1776163469.288445,reply,120.0,64.0,,,,,,,
0,1.0,93,1776163470.274698,reply,120.0,64.0,,,,,,,
0,1.0,94,1776163473.152789,reply,120.0,64.0,,,,,,,
0,1.0,95,1776163474.140601,reply,120.0,64.0,,,,,,,
0,1.0,96,1776163477.017841,reply,120.0,64.0,,,,,,,
0,1.0,97,1776163478.005443,reply,120.0,64.0,,,,,,,
0,1.0,98,1776163478.992574,reply,120.0,64.0,,,,,,,
0,1.0,99,1776163479.980738,reply,120.0,64.0,,,,,,,
0,1.0,100,1776163480.968923,reply,120.0,64.0,,,,,,,
0,1.0,101,1776163481.956315,reply,120.0,64.0,,,,,,,
0,1.0,103,1776163483.959865,reply,120.0,64.0,,,,,,,
0,1.0,104,1776163484.948732,reply,122.0,64.0,,,,,,,
0,1.0,105,1776163485.935123,reply,120.0,64.0,,,,,,,
0,1.0,106,1776163486.922389,reply,120.0,64.0,,,,,,,
0,1.0,107,1776163487.910709,reply,120.0,64.0,,,,,,,
0,1.0,108,1776163488.898077,reply,120.0,64.0,,,,,,,
0,1.0,109,1776163489.887725,reply,123.0,64.0,,,,,,,
0,1.0,110,1776163490.871857,reply,120.0,64.0,,,,,,,
0,1.0,112,1776163497.398801,reply,120.0,64.0,,,,,,,
0,1.0,113,1776163498.386203,reply,121.0,64.0,,,,,,,
0,1.0,114,1776163499.373624,reply,120.0,64.0,,,,,,,
0,1.0,115,1776163500.361051,reply,120.0,64.0,,,,,,,
0,1.0,118,1776163503.383509,reply,121.0,64.0,,,,,,,
0,1.0,119,1776163504.36981,reply,120.0,64.0,,,,,,,
0,1.0,120,1776163505.355712,reply,120.0,64.0,,,,,,,
0,1.0,121,1776163506.343081,reply,120.0,64.0,,,,,,,
0,1.0,122,1776163507.330756,reply,120.0,64.0,,,,,,,
0,1.0,124,1776163509.33473,reply,120.0,64.0,,,,,,,
0,1.0,126,1776163511.350782,reply,120.0,64.0,,,,,,,
0,1.0,127,1776163512.33853,reply,120.0,64.0,,,,,,,
0,1.0,129,1776163514.330585,reply,120.0,64.0,,,,,,,
0,1.0,131,1776163516.342719,reply,120.0,64.0,,,,,,,
0,1.0,132,1776163517.330108,reply,120.0,64.0,,,,,,,
0,1.0,134,1776163519.318592,reply,120.0,64.0,,,,,,,
0,1.0,135,1776163520.306446,reply,120.0,64.0,,,,,,,
0,1.0,137,1776163523.238675,reply,120.0,64.0,,,,,,,
0,1.0,139,1776163525.239138,reply,120.0,64.0,,,,,,,
0,1.0,140,1776163526.227136,reply,120.0,64.0,,,,,,,
0,1.0,141,1776163527.214532,reply,120.0,64.0,,,,,,,
0,1.0,142,1776163528.201827,reply,120.0,64.0,,,,,,,
0,1.0,143,1776163532.764861,reply,3696.0,64.0,,,,,,,
0,1.0,144,1776163533.752457,reply,120.0,64.0,,,,,,,
0,1.0,145,1776163534.739982,reply,120.0,64.0,,,,,,,
0,1.0,146,1776163535.727679,reply,120.0,64.0,,,,,,,
0,1.0,147,1776163536.701206,reply,120.0,64.0,,,,,,,
0,1.0,148,1776163537.686243,reply,120.0,64.0,,,,,,,
0,1.0,149,1776163538.669575,reply,120.0,64.0,,,,,,,
0,1.0,150,1776163539.657348,reply,120.0,64.0,,,,,,,
0,1.0,151,1776163540.631299,reply,120.0,64.0,,,,,,,
0,1.0,153,1776163542.638233,reply,120.0,64.0,,,,,,,
0,1.0,155,1776163544.654305,reply,120.0,64.0,,,,,,,
0,1.0,156,1776163545.641306,reply,120.0,64.0,,,,,,,
0,1.0,157,1776163546.628498,reply,120.0,64.0,,,,,,,
0,1.0,159,1776163548.622311,reply,120.0,64.0,,,,,,,
0,1.0,160,1776163549.536447,reply,120.0,64.0,,,,,,,
0,1.0,161,1776163550.51431,reply,120.0,64.0,,,,,,,
0,1.0,162,1776163551.500476,reply,120.0,64.0,,,,,,,
0,1.0,163,1776163552.487637,reply,120.0,64.0,,,,,,,
0,1.0,164,1776163553.474762,reply,120.0,64.0,,,,,,,
0,1.0,165,1776163554.46163,reply,120.0,64.0,,,,,,,
0,1.0,166,1776163555.44923,reply,120.0,64.0,,,,,,,
0,1.0,167,1776163556.436543,reply,120.0,64.0,,,,,,,
0,1.0,168,1776163557.424279,reply,120.0,64.0,,,,,,,
0,1.0,169,1776163558.410723,reply,120.0,64.0,,,,,,,
0,1.0,170,1776163559.397089,reply,120.0,64.0,,,,,,,
0,1.0,171,1776163560.38406,reply,120.0,64.0,,,,,,,
0,1.0,172,1776163561.371493,reply,120.0,64.0,,,,,,,
0,1.0,173,1776163562.358824,reply,120.0,64.0,,,,,,,
0,1.0,174,1776163563.346071,reply,120.0,64.0,,,,,,,
0,1.0,175,1776163564.333718,reply,120.0,64.0,,,,,,,
0,1.0,176,1776163568.90579,reply,120.0,64.0,,,,,,,
0,1.0,177,1776163569.892892,reply,120.0,64.0,,,,,,,
0,1.0,178,1776163570.880536,reply,120.0,64.0,,,,,,,
0,1.0,179,1776163571.86749,reply,120.0,64.0,,,,,,,
0,1.0,180,1776163572.854188,reply,120.0,64.0,,,,,,,
0,1.0,181,1776163573.84168,reply,120.0,64.0,,,,,,,
0,1.0,182,1776163574.829317,reply,120.0,64.0,,,,,,,
0,1.0,183,1776163575.816629,reply,120.0,64.0,,,,,,,
0,1.0,184,1776163576.803635,reply,120.0,64.0,,,,,,,
0,1.0,186,1776163578.798847,reply,120.0,64.0,,,,,,,
0,1.0,187,1776163579.786203,reply,120.0,64.0,,,,,,,
0,1.0,188,1776163580.773613,reply,120.0,64.0,,,,,,,
0,1.0,189,1776163581.761472,reply,120.0,64.0,,,,,,,
0,1.0,190,1776163582.747822,reply,120.0,64.0,,,,,,,
0,1.0,191,1776163583.734761,reply,120.0,64.0,,,,,,,
0,1.0,192,1776163584.722006,reply,120.0,64.0,,,,,,,
0,1.0,193,1776163585.709721,reply,120.0,64.0,,,,,,,
0,1.0,194,1776163586.697297,reply,120.0,64.0,,,,,,,
0,1.0,195,1776163587.685199,reply,120.0,64.0,,,,,,,
0,1.0,196,1776163588.672992,reply,120.0,64.0,,,,,,,
0,1.0,197,1776163589.660542,reply,120.0,64.0,,,,,,,
0,1.0,198,1776163590.648038,reply,120.0,64.0,,,,,,,
0,1.0,199,1776163591.635064,reply,120.0,64.0,,,,,,,
0,1.0,200,1776163592.621524,reply,120.0,64.0,,,,,,,
0,1.0,201,1776163593.609887,reply,120.0,64.0,,,,,,,
0,1.0,202,1776163594.597146,reply,120.0,64.0,,,,,,,
0,1.0,203,1776163595.584437,reply,120.0,64.0,,,,,,,
0,1.0,204,1776163596.571859,reply,120.0,64.0,,,,,,,
0,1.0,205,1776163597.55932,reply,120.0,64.0,,,,,,,
0,1.0,206,1776163598.547234,reply,120.0,64.0,,,,,,,
0,1.0,207,1776163599.534326,reply,121.0,64.0,,,,,,,
0,1.0,208,1776163600.521508,reply,120.0,64.0,,,,,,,
0,1.0,209,1776163605.093162,reply,120.0,64.0,,,,,,,
0,1.0,210,1776163606.079918,reply,120.0,64.0,,,,,,,
0,1.0,211,1776163607.066652,reply,120.0,64.0,,,,,,,
0,1.0,212,1776163608.054208,reply,120.0,64.0,,,,,,,
0,1.0,213,1776163609.041783,reply,120.0,64.0,,,,,,,
0,1.0,214,1776163610.029627,reply,120.0,64.0,,,,,,,
0,1.0,215,1776163611.017418,reply,120.0,64.0,,,,,,,
0,1.0,216,1776163612.005183,reply,120.0,64.0,,,,,,,
0,1.0,217,1776163612.993387,reply,121.0,64.0,,,,,,,
0,1.0,218,1776163613.981008,reply,121.0,64.0,,,,,,,
0,1.0,219,1776163614.969471,reply,121.0,64.0,,,,,,,
0,1.0,220,1776163615.956372,reply,120.0,64.0,,,,,,,
0,1.0,221,1776163616.942949,reply,120.0,64.0,,,,,,,
0,1.0,222,1776163617.930947,reply,120.0,64.0,,,,,,,
0,1.0,223,1776163618.918506,reply,120.0,64.0,,,,,,,
0,1.0,224,1776163619.906887,reply,121.0,64.0,,,,,,,
0,1.0,225,1776163620.894156,reply,120.0,64.0,,,,,,,
0,1.0,226,1776163621.881718,reply,121.0,64.0,,,,,,,
0,1.0,227,1776163622.868441,reply,120.0,64.0,,,,,,,
0,1.0,228,1776163623.85612,reply,121.0,64.0,,,,,,,
0,1.0,229,1776163624.842868,reply,120.0,64.0,,,,,,,
0,1.0,230,1776163625.8307,reply,120.0,64.0,,,,,,,
0,1.0,231,1776163626.817276,reply,120.0,64.0,,,,,,,
0,1.0,232,1776163627.80557,reply,121.0,64.0,,,,,,,
0,1.0,233,1776163628.793971,reply,120.0,64.0,,,,,,,
0,1.0,234,1776163629.781057,reply,120.0,64.0,,,,,,,
0,1.0,235,1776163630.768691,reply,120.0,64.0,,,,,,,
0,1.0,236,1776163631.756462,reply,120.0,64.0,,,,,,,
0,1.0,237,1776163632.743679,reply,120.0,64.0,,,,,,,
0,1.0,238,1776163633.731559,reply,120.0,64.0,,,,,,,
0,1.0,239,1776163634.719024,reply,120.0,64.0,,,,,,,
0,1.0,240,1776163635.707112,reply,121.0,64.0,,,,,,,
0,1.0,241,1776163640.287714,reply,120.0,64.0,,,,,,,
0,1.0,242,1776163641.274434,reply,121.0,64.0,,,,,,,
0,1.0,243,1776163642.262014,reply,120.0,64.0,,,,,,,
0,1.0,244,1776163643.249908,reply,121.0,64.0,,,,,,,
0,1.0,245,1776163644.23786,reply,120.0,64.0,,,,,,,
0,1.0,246,1776163645.225401,reply,120.0,64.0,,,,,,,
0,1.0,247,1776163646.214392,reply,121.0,64.0,,,,,,,
0,1.0,248,1776163647.202741,reply,120.0,64.0,,,,,,,
0,1.0,249,1776163648.19013,reply,120.0,64.0,,,,,,,
0,1.0,250,1776163649.177986,reply,120.0,64.0,,,,,,,
0,1.0,251,1776163650.164876,reply,120.0,64.0,,,,,,,
0,1.0,252,1776163651.152012,reply,120.0,64.0,,,,,,,
0,1.0,253,1776163652.140257,reply,120.0,64.0,,,,,,,
0,1.0,254,1776163653.128234,reply,120.0,64.0,,,,,,,
0,1.0,255,1776163654.116108,reply,120.0,64.0,,,,,,,
0,1.0,256,1776163655.103766,reply,120.0,64.0,,,,,,,
0,1.0,257,1776163656.091886,reply,120.0,64.0,,,,,,,
0,1.0,258,1776163657.08045,reply,121.0,64.0,,,,,,,
0,1.0,259,1776163658.067839,reply,120.0,64.0,,,,,,,
0,1.0,260,1776163659.056401,reply,121.0,64.0,,,,,,,
0,1.0,261,1776163660.04386,reply,120.0,64.0,,,,,,,
0,1.0,262,1776163661.030909,reply,120.0,64.0,,,,,,,
0,1.0,263,1776163662.01853,reply,120.0,64.0,,,,,,,
0,1.0,264,1776163663.006881,reply,121.0,64.0,,,,,,,
0,1.0,265,1776163663.993907,reply,120.0,64.0,,,,,,,
0,1.0,266,1776163664.98153,reply,120.0,64.0,,,,,,,
0,1.0,267,1776163665.969369,reply,120.0,64.0,,,,,,,
0,1.0,268,1776163666.957451,reply,121.0,64.0,,,,,,,
0,1.0,269,1776163667.945611,reply,121.0,64.0,,,,,,,
0,1.0,270,1776163668.933934,reply,121.0,64.0,,,,,,,
0,1.0,271,1776163669.921762,reply,120.0,64.0,,,,,,,
0,1.0,272,1776163671.853852,reply,120.0,64.0,,,,,,,
0,1.0,273,1776163676.416671,reply,120.0,64.0,,,,,,,
0,1.0,274,1776163677.404681,reply,120.0,64.0,,,,,,,
0,1.0,275,1776163678.392484,reply,120.0,64.0,,,,,,,
0,1.0,276,1776163679.379454,reply,120.0,64.0,,,,,,,
0,1.0,277,1776163680.366536,reply,120.0,64.0,,,,,,,
0,1.0,278,1776163681.354314,reply,120.0,64.0,,,,,,,
0,1.0,279,1776163682.34261,reply,120.0,64.0,,,,,,,
0,1.0,280,1776163683.33096,reply,121.0,64.0,,,,,,,
0,1.0,281,1776163684.318779,reply,120.0,64.0,,,,,,,
0,1.0,282,1776163685.305677,reply,121.0,64.0,,,,,,,
0,1.0,283,1776163686.292992,reply,120.0,64.0,,,,,,,
0,1.0,284,1776163687.28122,reply,121.0,64.0,,,,,,,
0,1.0,285,1776163688.268668,reply,120.0,64.0,,,,,,,
0,1.0,286,1776163689.2564,reply,120.0,64.0,,,,,,,
0,1.0,287,1776163690.244416,reply,120.0,64.0,,,,,,,
0,1.0,288,1776163691.232336,reply,120.0,64.0,,,,,,,
0,1.0,289,1776163692.219739,reply,120.0,64.0,,,,,,,
0,1.0,290,1776163693.206778,reply,120.0,64.0,,,,,,,
0,1.0,291,1776163694.194904,reply,120.0,64.0,,,,,,,
0,1.0,292,1776163695.181827,reply,120.0,64.0,,,,,,,
0,1.0,293,1776163696.169243,reply,120.0,64.0,,,,,,,
0,1.0,294,1776163697.15708,reply,120.0,64.0,,,,,,,
0,1.0,295,1776163698.144621,reply,120.0,64.0,,,,,,,
0,1.0,296,1776163699.132234,reply,120.0,64.0,,,,,,,
0,1.0,297,1776163700.119709,reply,120.0,64.0,,,,,,,
0,1.0,298,1776163701.107419,reply,120.0,64.0,,,,,,,
0,1.0,299,1776163702.094926,reply,120.0,64.0,,,,,,,
0,1.0,300,1776163703.082052,reply,120.0,64.0,,,,,,,
0,1.0,301,1776163704.069454,reply,120.0,64.0,,,,,,,
0,1.0,302,1776163705.055849,reply,120.0,64.0,,,,,,,
0,1.0,303,1776163706.042884,reply,120.0,64.0,,,,,,,
0,1.0,304,1776163707.030654,reply,120.0,64.0,,,,,,,
0,1.0,305,1776163708.018505,reply,120.0,64.0,,,,,,,
0,1.0,306,1776163712.582934,reply,120.0,64.0,,,,,,,
0,1.0,307,1776163713.57078,reply,120.0,64.0,,,,,,,
0,1.0,308,1776163714.558755,reply,120.0,64.0,,,,,,,
0,1.0,309,1776163715.5462,reply,120.0,64.0,,,,,,,
0,1.0,310,1776163716.533537,reply,120.0,64.0,,,,,,,
0,1.0,311,1776163717.520953,reply,120.0,64.0,,,,,,,
0,1.0,312,1776163718.508225,reply,120.0,64.0,,,,,,,
0,1.0,313,1776163719.494601,reply,120.0,64.0,,,,,,,
0,1.0,314,1776163720.482134,reply,120.0,64.0,,,,,,,
0,1.0,315,1776163721.470165,reply,120.0,64.0,,,,,,,
0,1.0,316,1776163722.457789,reply,120.0,64.0,,,,,,,
0,1.0,317,1776163723.445552,reply,120.0,64.0,,,,,,,
0,1.0,318,1776163724.432872,reply,120.0,64.0,,,,,,,
0,1.0,319,1776163725.42075,reply,121.0,64.0,,,,,,,
0,1.0,320,1776163726.407633,reply,120.0,64.0,,,,,,,
0,1.0,321,1776163727.395666,reply,121.0,64.0,,,,,,,
0,1.0,322,1776163728.383423,reply,120.0,64.0,,,,,,,
0,1.0,323,1776163729.370418,reply,120.0,64.0,,,,,,,
0,1.0,324,1776163730.358608,reply,120.0,64.0,,,,,,,
0,1.0,325,1776163731.346075,reply,120.0,64.0,,,,,,,
0,1.0,326,1776163732.334222,reply,120.0,64.0,,,,,,,
0,1.0,327,1776163733.321629,reply,120.0,64.0,,,,,,,
0,1.0,328,1776163734.310078,reply,120.0,64.0,,,,,,,
0,1.0,329,1776163735.297926,reply,121.0,64.0,,,,,,,
0,1.0,330,1776163736.285406,reply,120.0,64.0,,,,,,,
0,1.0,331,1776163737.273164,reply,120.0,64.0,,,,,,,
0,1.0,332,1776163738.261019,reply,120.0,64.0,,,,,,,
0,1.0,333,1776163739.247165,reply,120.0,64.0,,,,,,,
0,1.0,334,1776163740.234556,reply,120.0,64.0,,,,,,,
0,1.0,335,1776163741.221585,reply,120.0,64.0,,,,,,,
0,1.0,336,1776163742.209129,reply,120.0,64.0,,,,,,,
0,1.0,337,1776163743.196324,reply,120.0,64.0,,,,,,,
0,1.0,338,1776163747.78093,reply,120.0,64.0,,,,,,,
0,1.0,339,1776163748.76851,reply,120.0,64.0,,,,,,,
0,1.0,340,1776163749.756449,reply,120.0,64.0,,,,,,,
0,1.0,341,1776163750.743868,reply,121.0,64.0,,,,,,,
0,1.0,342,1776163751.731006,reply,120.0,64.0,,,,,,,
0,1.0,343,1776163752.717739,reply,120.0,64.0,,,,,,,
0,1.0,344,1776163753.705006,reply,120.0,64.0,,,,,,,
0,1.0,345,1776163754.692794,reply,120.0,64.0,,,,,,,
0,1.0,346,1776163755.680573,reply,120.0,64.0,,,,,,,
0,1.0,347,1776163756.668497,reply,120.0,64.0,,,,,,,
0,1.0,348,1776163757.656482,reply,120.0,64.0,,,,,,,
0,1.0,349,1776163758.644445,reply,120.0,64.0,,,,,,,
0,1.0,350,1776163759.632388,reply,120.0,64.0,,,,,,,
0,1.0,351,1776163760.620509,reply,120.0,64.0,,,,,,,
0,1.0,352,1776163761.608333,reply,120.0,64.0,,,,,,,
0,1.0,353,1776163762.595674,reply,120.0,64.0,,,,,,,
0,1.0,354,1776163763.58309,reply,120.0,64.0,,,,,,,
0,1.0,355,1776163764.571564,reply,120.0,64.0,,,,,,,
0,1.0,356,1776163765.559106,reply,120.0,64.0,,,,,,,
0,1.0,357,1776163766.54615,reply,120.0,64.0,,,,,,,
0,1.0,358,1776163767.533686,reply,120.0,64.0,,,,,,,
0,1.0,359,1776163768.520697,reply,120.0,64.0,,,,,,,
0,1.0,360,1776163769.508364,reply,120.0,64.0,,,,,,,
0,1.0,361,1776163770.495674,reply,120.0,64.0,,,,,,,
0,1.0,362,1776163771.483245,reply,120.0,64.0,,,,,,,
0,1.0,363,1776163772.470985,reply,120.0,64.0,,,,,,,
0,1.0,364,1776163773.457871,reply,120.0,64.0,,,,,,,
0,1.0,365,1776163774.445816,reply,120.0,64.0,,,,,,,
0,1.0,366,1776163775.432778,reply,120.0,64.0,,,,,,,
0,1.0,367,1776163776.420472,reply,121.0,64.0,,,,,,,
0,1.0,368,1776163777.407729,reply,120.0,64.0,,,,,,,
0,1.0,369,1776163778.395044,reply,120.0,64.0,,,,,,,
0,1.0,370,1776163779.382895,reply,121.0,64.0,,,,,,,
0,1.0,371,1776163783.949194,reply,120.0,64.0,,,,,,,
0,1.0,372,1776163784.93673,reply,120.0,64.0,,,,,,,
0,1.0,373,1776163785.924717,reply,120.0,64.0,,,,,,,
0,1.0,374,1776163786.911773,reply,120.0,64.0,,,,,,,
0,1.0,375,1776163787.897583,reply,120.0,64.0,,,,,,,
0,1.0,376,1776163788.885664,reply,120.0,64.0,,,,,,,
0,1.0,377,1776163789.873222,reply,120.0,64.0,,,,,,,
0,1.0,378,1776163790.861037,reply,121.0,64.0,,,,,,,
0,1.0,379,1776163791.848167,reply,121.0,64.0,,,,,,,
0,1.0,380,1776163792.836158,reply,120.0,64.0,,,,,,,
0,1.0,381,1776163793.823762,reply,120.0,64.0,,,,,,,
0,1.0,382,1776163794.811462,reply,120.0,64.0,,,,,,,
0,1.0,383,1776163795.798977,reply,120.0,64.0,,,,,,,
0,1.0,384,1776163796.785365,reply,120.0,64.0,,,,,,,
0,1.0,385,1776163797.771883,reply,120.0,64.0,,,,,,,
0,1.0,386,1776163798.759812,reply,120.0,64.0,,,,,,,
0,1.0,387,1776163799.747701,reply,120.0,64.0,,,,,,,
0,1.0,388,1776163800.735319,reply,120.0,64.0,,,,,,,
0,1.0,389,1776163801.722849,reply,120.0,64.0,,,,,,,
0,1.0,390,1776163802.710215,reply,120.0,64.0,,,,,,,
0,1.0,391,1776163803.698023,reply,120.0,64.0,,,,,,,
0,1.0,392,1776163804.685879,reply,120.0,64.0,,,,,,,
0,1.0,393,1776163805.673202,reply,120.0,64.0,,,,,,,
0,1.0,394,1776163806.661395,reply,120.0,64.0,,,,,,,
0,1.0,395,1776163807.648048,reply,120.0,64.0,,,,,,,
0,1.0,396,1776163808.63546,reply,120.0,64.0,,,,,,,
0,1.0,397,1776163809.622983,reply,120.0,64.0,,,,,,,
0,1.0,398,1776163810.611365,reply,121.0,64.0,,,,,,,
0,1.0,399,1776163811.59964,reply,121.0,64.0,,,,,,,
0,1.0,400,1776163812.586981,reply,120.0,64.0,,,,,,,
0,1.0,401,1776163813.57502,reply,120.0,64.0,,,,,,,
0,1.0,402,1776163814.562506,reply,120.0,64.0,,,,,,,
0,1.0,403,1776163815.550271,reply,121.0,64.0,,,,,,,
0,1.0,404,1776163820.121511,reply,120.0,64.0,,,,,,,
0,1.0,405,1776163821.108168,reply,120.0,64.0,,,,,,,
0,1.0,406,1776163822.095866,reply,120.0,64.0,,,,,,,
0,1.0,407,1776163823.083516,reply,120.0,64.0,,,,,,,
0,1.0,408,1776163824.071538,reply,121.0,64.0,,,,,,,
0,1.0,409,1776163825.058721,reply,120.0,64.0,,,,,,,
0,1.0,410,1776163826.045766,reply,120.0,64.0,,,,,,,
0,1.0,411,1776163827.033579,reply,120.0,64.0,,,,,,,
0,1.0,412,1776163828.021645,reply,120.0,64.0,,,,,,,
0,1.0,413,1776163829.009517,reply,120.0,64.0,,,,,,,
0,1.0,414,1776163829.99745,reply,120.0,64.0,,,,,,,
0,1.0,415,1776163830.984127,reply,121.0,64.0,,,,,,,
0,1.0,416,1776163831.97103,reply,120.0,64.0,,,,,,,
0,1.0,417,1776163832.958882,reply,120.0,64.0,,,,,,,
0,1.0,418,1776163833.946703,reply,120.0,64.0,,,,,,,
0,1.0,419,1776163834.934922,reply,120.0,64.0,,,,,,,
0,1.0,420,1776163835.923178,reply,121.0,64.0,,,,,,,
0,1.0,421,1776163836.910853,reply,120.0,64.0,,,,,,,
0,1.0,422,1776163837.898925,reply,120.0,64.0,,,,,,,
0,1.0,423,1776163838.885677,reply,120.0,64.0,,,,,,,
0,1.0,424,1776163839.873346,reply,120.0,64.0,,,,,,,
0,1.0,SUMMARY,,summary,,,,,,,,,
0,1.0,1,1776164345.302855,reply,120.0,64.0,,,,,,,
0,1.0,2,1776164346.288081,reply,120.0,64.0,,,,,,,
0,1.0,3,1776164347.27403,reply,120.0,64.0,,,,,,,
0,1.0,4,1776164348.261376,reply,120.0,64.0,,,,,,,
0,1.0,5,1776164349.249009,reply,120.0,64.0,,,,,,,
0,1.0,6,1776164350.233563,reply,120.0,64.0,,,,,,,
0,1.0,7,1776164351.220176,reply,120.0,64.0,,,,,,,
0,1.0,8,1776164355.779809,reply,120.0,64.0,,,,,,,
0,1.0,9,1776164356.767277,reply,120.0,64.0,,,,,,,
0,1.0,10,1776164357.755507,reply,121.0,64.0,,,,,,,
0,1.0,11,1776164358.742425,reply,120.0,64.0,,,,,,,
0,1.0,12,1776164359.729828,reply,120.0,64.0,,,,,,,
0,1.0,13,1776164360.716915,reply,120.0,64.0,,,,,,,
0,1.0,14,1776164361.707922,reply,123.0,64.0,,,,,,,
0,1.0,15,1776164362.692686,reply,120.0,64.0,,,,,,,
0,1.0,16,1776164363.680437,reply,120.0,64.0,,,,,,,
0,1.0,17,1776164364.705297,reply,147.0,64.0,,,,,,,
0,1.0,18,1776164365.650724,reply,120.0,64.0,,,,,,,
0,1.0,20,1776166879.684484,reply,123.0,64.0,,,,,,,
0,1.0,21,1776166880.682002,reply,120.0,64.0,,,,,,,
0,1.0,22,1776166881.662437,reply,120.0,64.0,,,,,,,
0,1.0,23,1776166882.649766,reply,120.0,64.0,,,,,,,
0,1.0,24,1776167189.488767,reply,127.0,64.0,,,,,,,
0,1.0,25,1776167190.472388,reply,121.0,64.0,,,,,,,
0,1.0,26,1776167191.4606,reply,120.0,64.0,,,,,,,
0,1.0,27,1776167192.452985,reply,122.0,64.0,,,,,,,
0,1.0,29,1776167194.471919,reply,120.0,64.0,,,,,,,
0,1.0,31,1776167196.487856,reply,120.0,64.0,,,,,,,
0,1.0,32,1776167197.478068,reply,120.0,64.0,,,,,,,
0,1.0,33,1776167198.468665,reply,120.0,64.0,,,,,,,
0,1.0,34,1776167199.457917,reply,120.0,64.0,,,,,,,
0,1.0,35,1776167274.942514,reply,120.0,64.0,,,,,,,
0,1.0,36,1776167275.932716,reply,120.0,64.0,,,,,,,
0,1.0,37,1776167276.922474,reply,120.0,64.0,,,,,,,
0,1.0,39,1776167278.918574,reply,120.0,64.0,,,,,,,
0,1.0,40,1776167279.908374,reply,120.0,64.0,,,,,,,
0,1.0,41,1776167280.898395,reply,120.0,64.0,,,,,,,
0,1.0,42,1776167281.888858,reply,120.0,64.0,,,,,,,
0,1.0,43,1776167282.8786,reply,120.0,64.0,,,,,,,
0,1.0,44,1776167283.869186,reply,120.0,64.0,,,,,,,
0,1.0,45,1776167284.859749,reply,120.0,64.0,,,,,,,
0,1.0,46,1776167285.849229,reply,120.0,64.0,,,,,,,
0,1.0,47,1776167286.837699,reply,120.0,64.0,,,,,,,
0,1.0,48,1776167287.827649,reply,120.0,64.0,,,,,,,
0,1.0,49,1776167288.817576,reply,120.0,64.0,,,,,,,
0,1.0,50,1776167289.807782,reply,120.0,64.0,,,,,,,
0,1.0,51,1776167290.79792,reply,120.0,64.0,,,,,,,
0,1.0,52,1776167291.787374,reply,120.0,64.0,,,,,,,
0,1.0,53,1776167292.777309,reply,120.0,64.0,,,,,,,
0,1.0,54,1776167294.720938,reply,120.0,64.0,,,,,,,
0,1.0,55,1776167295.711301,reply,120.0,64.0,,,,,,,
0,1.0,56,1776167296.701696,reply,120.0,64.0,,,,,,,
0,1.0,57,1776167297.69166,reply,120.0,64.0,,,,,,,
0,1.0,58,1776167298.680886,reply,120.0,64.0,,,,,,,
0,1.0,59,1776167299.670654,reply,121.0,64.0,,,,,,,
0,1.0,60,1776167300.660244,reply,120.0,64.0,,,,,,,
0,1.0,61,1776167301.650699,reply,120.0,64.0,,,,,,,
0,1.0,62,1776167302.640989,reply,120.0,64.0,,,,,,,
0,1.0,63,1776167303.631312,reply,120.0,64.0,,,,,,,
0,1.0,64,1776167304.621284,reply,120.0,64.0,,,,,,,
0,1.0,65,1776167305.611458,reply,120.0,64.0,,,,,,,
0,1.0,67,1776167311.553772,reply,125.0,64.0,,,,,,,
0,1.0,68,1776167312.538201,reply,120.0,64.0,,,,,,,
0,1.0,69,1776167313.528007,reply,120.0,64.0,,,,,,,
0,1.0,70,1776167316.429117,reply,120.0,64.0,,,,,,,
0,1.0,71,1776167317.4203,reply,120.0,64.0,,,,,,,
0,1.0,72,1776167318.409996,reply,120.0,64.0,,,,,,,
0,1.0,73,1776167319.400332,reply,120.0,64.0,,,,,,,
0,1.0,74,1776167320.390718,reply,120.0,64.0,,,,,,,
0,1.0,75,1776167321.380612,reply,120.0,64.0,,,,,,,
0,1.0,76,1776167322.371699,reply,120.0,64.0,,,,,,,
0,1.0,77,1776167323.362044,reply,120.0,64.0,,,,,,,
0,1.0,78,1776167324.352359,reply,120.0,64.0,,,,,,,
0,1.0,79,1776167325.344295,reply,122.0,64.0,,,,,,,
0,1.0,80,1776167326.332556,reply,120.0,64.0,,,,,,,
0,1.0,81,1776167327.321523,reply,120.0,64.0,,,,,,,
0,1.0,83,1776167331.228531,reply,120.0,64.0,,,,,,,
0,1.0,84,1776167332.219454,reply,120.0,64.0,,,,,,,
0,1.0,85,1776167333.209263,reply,120.0,64.0,,,,,,,
0,1.0,87,1776167335.228455,reply,120.0,64.0,,,,,,,
0,1.0,88,1776167336.21919,reply,120.0,64.0,,,,,,,
0,1.0,89,1776167337.210893,reply,122.0,64.0,,,,,,,
0,1.0,91,1776167339.23248,reply,120.0,64.0,,,,,,,
0,1.0,92,1776167341.176765,reply,120.0,64.0,,,,,,,
0,1.0,93,1776167342.166945,reply,120.0,64.0,,,,,,,
0,1.0,94,1776167346.115904,reply,120.0,64.0,,,,,,,
0,1.0,95,1776167347.10573,reply,120.0,64.0,,,,,,,
0,1.0,97,1776167349.100587,reply,120.0,64.0,,,,,,,
0,1.0,98,1776167350.090998,reply,120.0,64.0,,,,,,,
0,1.0,100,1776167352.112658,reply,120.0,64.0,,,,,,,
0,1.0,101,1776167353.102993,reply,120.0,64.0,,,,,,,
0,1.0,102,1776167354.092127,reply,120.0,64.0,,,,,,,
0,1.0,103,1776167355.081621,reply,120.0,64.0,,,,,,,
0,1.0,104,1776167356.072031,reply,120.0,64.0,,,,,,,
0,1.0,105,1776167357.062822,reply,120.0,64.0,,,,,,,
0,1.0,106,1776167358.052763,reply,120.0,64.0,,,,,,,
0,1.0,107,1776167359.043401,reply,120.0,64.0,,,,,,,
0,1.0,109,1776167361.036769,reply,120.0,64.0,,,,,,,
0,1.0,110,1776167362.026625,reply,120.0,64.0,,,,,,,
0,1.0,SUMMARY,,summary,,,,,,,,,
